T_MeV,mu_MeV,eB_MeV2,status,reason,omega_fm4,pressure_fm4,baryon_rho0,n_max,nmax_rel_diff
130.000000,0.000000,8000.000000,pass,,-2.1008723470658314e+01,2.1008723470658314e+01,0.0000000000000000e+00,72,1.0748783685457237e-02
130.000000,0.000000,15000.000000,pass,,-2.0991310052475665e+01,2.0991310052475665e+01,0.0000000000000000e+00,38,1.6582643661444279e-02
130.000000,0.000000,25000.000000,pass,,-2.1047513900685772e+01,2.1047513900685772e+01,0.0000000000000000e+00,23,1.8418595519679688e-02
130.000000,0.000000,35000.000000,pass,,-2.0981247096759695e+01,2.0981247096759695e+01,0.0000000000000000e+00,16,2.2778236613703304e-02
130.000000,60.000000,8000.000000,pass,,-2.1027949530675485e+01,2.1027949530675485e+01,8.5158630648415182e-02,72,1.0744558747875561e-02
130.000000,60.000000,15000.000000,pass,,-2.1010793426298822e+01,2.1010793426298822e+01,9.0963921808412312e-02,38,1.6577046935355229e-02
130.000000,60.000000,25000.000000,pass,,-2.1067637390994726e+01,2.1067637390994726e+01,1.0401775840393758e-01,23,1.8415004542443759e-02
130.000000,60.000000,35000.000000,pass,,-2.1002182269467347e+01,2.1002182269467347e+01,1.2102094393061023e-01,16,2.2773972528686560e-02
130.000000,120.000000,8000.000000,pass,,-2.1092491328692322e+01,2.1092491328692322e+01,2.5853464155942352e-01,72,1.0729714898772332e-02
130.000000,120.000000,15000.000000,pass,,-2.1075917580229163e+01,2.1075917580229163e+01,2.6495233884142966e-01,38,1.6557303987306666e-02
130.000000,120.000000,25000.000000,pass,,-2.1134318130218805e+01,2.1134318130218805e+01,2.8141595031901012e-01,23,1.8401940602023395e-02
130.000000,120.000000,35000.000000,pass,,-2.1070893125556914e+01,2.1070893125556914e+01,3.0625033027239273e-01,16,2.2759004082618724e-02
130.000000,180.000000,8000.000000,pass,,-2.1223642389589354e+01,2.1223642389589354e+01,6.2904378391045013e-01,72,1.0697832912696824e-02
130.000000,180.000000,15000.000000,pass,,-2.1207671849217530e+01,2.1207671849217530e+01,6.3395187873470471e-01,38,1.6514520806895035e-02
130.000000,180.000000,25000.000000,pass,,-2.1267856720266135e+01,2.1267856720266135e+01,6.4630212772560436e-01,23,1.8372248909805523e-02
130.000000,180.000000,35000.000000,pass,,-2.1206725947331893e+01,2.1206725947331893e+01,6.6591345250321321e-01,16,2.2726206174755841e-02
130.000000,240.000000,8000.000000,pass,,-2.1458188795716023e+01,2.1458188795716023e+01,1.3163887346543612e+00,72,1.0639247020519986e-02
130.000000,240.000000,15000.000000,pass,,-2.1442702561480836e+01,2.1442702561480836e+01,1.3200066002370445e+00,38,1.6435295168082249e-02
130.000000,240.000000,25000.000000,pass,,-2.1504561679082776e+01,2.1504561679082776e+01,1.3290174261036694e+00,23,1.8315233977332691e-02
130.000000,240.000000,35000.000000,pass,,-2.1445259744669908e+01,2.1445259744669908e+01,1.3423269882561590e+00,16,2.2664405402683368e-02
145.000000,0.000000,8000.000000,pass,,-2.1084363583256966e+01,2.1084363583256966e+01,0.0000000000000000e+00,72,1.0762902078526029e-02
145.000000,0.000000,15000.000000,pass,,-2.1067059602130897e+01,2.1067059602130897e+01,0.0000000000000000e+00,38,1.6615765784313223e-02
145.000000,0.000000,25000.000000,pass,,-2.1123928480025846e+01,2.1123928480025846e+01,0.0000000000000000e+00,23,1.8488572951294569e-02
145.000000,0.000000,35000.000000,pass,,-2.1058001856812947e+01,2.1058001856812947e+01,0.0000000000000000e+00,16,2.2876268606671361e-02
145.000000,60.000000,8000.000000,pass,,-2.1108041678346588e+01,2.1108041678346588e+01,1.0462023885813333e-01,72,1.0759979549473884e-02
145.000000,60.000000,15000.000000,pass,,-2.1090948264413228e+01,2.1090948264413228e+01,1.0967096310947895e-01,38,1.6612985340278993e-02
145.000000,60.000000,25000.000000,pass,,-2.1148384790470331e+01,2.1148384790470331e+01,1.2126119070796340e-01,23,1.8490461365020389e-02
145.000000,60.000000,35000.000000,pass,,-2.1083145828344851e+01,2.1083145828344851e+01,1.3674023932102503e-01,16,2.2879726600385390e-02
145.000000,120.000000,8000.000000,pass,,-2.1186008596899164e+01,2.1186008596899164e+01,3.0044329268643971e-01,72,1.0749442065363846e-02
145.000000,120.000000,15000.000000,pass,,-2.1169406966044914e+01,2.1169406966044914e+01,3.0646183073922717e-01,38,1.6602344858418997e-02
145.000000,120.000000,25000.000000,pass,,-2.1228268834886453e+01,2.1228268834886453e+01,3.2166950162515340e-01,23,1.8494720676063975e-02
145.000000,120.000000,35000.000000,pass,,-2.1164755379866968e+01,2.1164755379866968e+01,3.4444038368160390e-01,16,2.2889029970801153e-02
145.000000,180.000000,8000.000000,pass,,-2.1339552522347535e+01,2.1339552522347535e+01,6.9514463313397645e-01,72,1.0726218045958323e-02
145.000000,180.000000,15000.000000,pass,,-2.1323479787658350e+01,2.1323479787658350e+01,7.0000893882652615e-01,38,1.6577210169937250e-02
145.000000,180.000000,25000.000000,pass,,-2.1384088956542058e+01,2.1384088956542058e+01,7.1228268433646758e-01,23,1.8497269557817650e-02
145.000000,180.000000,35000.000000,pass,,-2.1322556251472111e+01,2.1322556251472111e+01,7.3146177089184883e-01,16,2.2900918865138769e-02
145.000000,240.000000,8000.000000,pass,,-2.1605058015757134e+01,2.1605058015757134e+01,1.4057937496594679e+00,72,1.0683214171155435e-02
145.000000,240.000000,15000.000000,pass,,-2.1589410689026817e+01,2.1589410689026817e+01,1.4094539082857558e+00,38,1.6528520259617891e-02
145.000000,240.000000,25000.000000,pass,,-2.1651791717334870e+01,2.1651791717334870e+01,1.4186215617181690e+00,23,1.8493338965989401e-02
145.000000,240.000000,35000.000000,pass,,-2.1591852327957579e+01,2.1591852327957579e+01,1.4322367977299311e+00,16,2.2911859272502711e-02
160.000000,0.000000,8000.000000,pass,,-2.1186982493258128e+01,2.1186982493258128e+01,0.0000000000000000e+00,72,1.0795348970302664e-02
160.000000,0.000000,15000.000000,pass,,-2.1169735857080543e+01,2.1169735857080543e+01,0.0000000000000000e+00,38,1.6684824442351014e-02
160.000000,0.000000,25000.000000,pass,,-2.1227391990494244e+01,2.1227391990494244e+01,0.0000000000000000e+00,23,1.8621456376027027e-02
160.000000,0.000000,35000.000000,pass,,-2.1161619270677324e+01,2.1161619270677324e+01,0.0000000000000000e+00,16,2.3061047702718357e-02
160.000000,60.000000,8000.000000,pass,,-2.1215401410713682e+01,2.1215401410713682e+01,1.2680869311018564e-01,72,1.0794568039653483e-02
160.000000,60.000000,15000.000000,pass,,-2.1198326433070690e+01,2.1198326433070690e+01,1.3122723548824541e-01,38,1.6686388446390671e-02
160.000000,60.000000,25000.000000,pass,,-2.1256498661101549e+01,2.1256498661101549e+01,1.4153124203867284e-01,23,1.8631245689731527e-02
160.000000,60.000000,35000.000000,pass,,-2.1191299783531402e+01,2.1191299783531402e+01,1.5557535485858270e-01,16,2.3075507309659897e-02
160.000000,120.000000,8000.000000,pass,,-2.1307606694977878e+01,2.1307606694977878e+01,3.4731227665243630e-01,72,1.0790875651972105e-02
160.000000,120.000000,15000.000000,pass,,-2.1290941449567200e+01,2.1290941449567200e+01,3.5291675438480691e-01,38,1.6689473924158427e-02
160.000000,120.000000,25000.000000,pass,,-2.1350450908430911e+01,2.1350450908430911e+01,3.6695480432344640e-01,23,1.8660138608197832e-02
160.000000,120.000000,35000.000000,pass,,-2.1286694249461309e+01,2.1286694249461309e+01,3.8785717256612179e-01,16,2.3118983489795290e-02
160.000000,180.000000,8000.000000,pass,,-2.1484777732974454e+01,2.1484777732974454e+01,7.6826050819184744e-01,72,1.0780569315405239e-02
160.000000,180.000000,15000.000000,pass,,-2.1468562684412571e+01,2.1468562684412571e+01,7.7303349852374525e-01,38,1.6689731045138531e-02
160.000000,180.000000,25000.000000,pass,,-2.1529814742190627e+01,2.1529814742190627e+01,7.8509050315971418e-01,23,1.8707129374452520e-02
160.000000,180.000000,35000.000000,pass,,-2.1467721463850399e+01,2.1467721463850399e+01,8.0367594364121175e-01,16,2.3192105273253490e-02
160.000000,240.000000,8000.000000,pass,,-2.1782812177201311e+01,2.1782812177201311e+01,1.5044527314394494e+00,72,1.0759074345664721e-02
160.000000,240.000000,15000.000000,pass,,-2.1766952147524002e+01,2.1766952147524002e+01,1.5081289734731369e+00,38,1.6682311279570216e-02
160.000000,240.000000,25000.000000,pass,,-2.1830101535561329e+01,2.1830101535561329e+01,1.5174264090407961e+00,23,1.8773106981480131e-02
160.000000,240.000000,35000.000000,pass,,-2.1769320243801062e+01,2.1769320243801062e+01,1.5311969650715365e+00,16,2.3298618889631334e-02
175.000000,0.000000,8000.000000,pass,,-2.1319660866240053e+01,2.1319660866240053e+01,0.0000000000000000e+00,72,1.0853490494329945e-02
175.000000,0.000000,15000.000000,pass,,-2.1302410632799905e+01,2.1302410632799905e+01,0.0000000000000000e+00,38,1.6803574303261154e-02
175.000000,0.000000,25000.000000,pass,,-2.1361022469205363e+01,2.1361022469205363e+01,0.0000000000000000e+00,23,1.8839958714739018e-02
175.000000,0.000000,35000.000000,pass,,-2.1295175899755808e+01,2.1295175899755808e+01,0.0000000000000000e+00,16,2.3363842948970787e-02
175.000000,60.000000,8000.000000,pass,,-2.1353048738663450e+01,2.1353048738663450e+01,1.5168751492434684e-01,72,1.0855655275560436e-02
175.000000,60.000000,15000.000000,pass,,-2.1335936858254993e+01,2.1335936858254993e+01,1.5557416537095242e-01,38,1.6810943641958478e-02
175.000000,60.000000,25000.000000,pass,,-2.1395030990760400e+01,2.1395030990760400e+01,1.6475803567409686e-01,23,1.8859959254146956e-02
175.000000,60.000000,35000.000000,pass,,-2.1329653313465933e+01,2.1329653313465933e+01,1.7747809593056629e-01,16,2.3392439347698954e-02
175.000000,120.000000,8000.000000,pass,,-2.1460134502519683e+01,2.1460134502519683e+01,3.9911569627064891e-01,72,1.0861217844141104e-02
175.000000,120.000000,15000.000000,pass,,-2.1443356912406358e+01,2.1443356912406358e+01,4.0431035376236329e-01,38,1.6832130804132733e-02
175.000000,120.000000,25000.000000,pass,,-2.1503738027433599e+01,2.1503738027433599e+01,4.1726865326299734e-01,23,1.8920389616686732e-02
175.000000,120.000000,35000.000000,pass,,-2.1439535888305674e+01,2.1439535888305674e+01,4.3647239919989667e-01,16,2.3479458195940897e-02
175.000000,180.000000,8000.000000,pass,,-2.1661901991719080e+01,2.1661901991719080e+01,8.4832972562177400e-01,72,1.0867804842553733e-02
175.000000,180.000000,15000.000000,pass,,-2.1645492862151169e+01,2.1645492862151169e+01,8.5297013543098410e-01,38,1.6864981748236280e-02
175.000000,180.000000,25000.000000,pass,,-2.1707644972590344e+01,2.1707644972590344e+01,8.6472153702472943e-01,23,1.9023137557628744e-02
175.000000,180.000000,35000.000000,pass,,-2.1644784189939855e+01,2.1644784189939855e+01,8.8259730457498409e-01,16,2.3629180759717646e-02
175.000000,240.000000,8000.000000,pass,,-2.1993682696117961e+01,2.1993682696117961e+01,1.6121351945271314e+00,72,1.0873218238865997e-02
175.000000,240.000000,15000.000000,pass,,-2.1977548126301048e+01,2.1977548126301048e+01,1.6157961273906090e+00,38,1.6908575161338268e-02
175.000000,240.000000,25000.000000,pass,,-2.2041752844437035e+01,2.2041752844437035e+01,1.6251999245455759e+00,23,1.9174237636657019e-02
175.000000,240.000000,35000.000000,pass,,-2.1979884062134698e+01,2.1979884062134698e+01,1.6389621499346254e+00,16,2.3851931401834260e-02
