xi,T_maxwell_max_MeV,T_crossover_min_MeV,delta_T_crossover_minus_maxwell_MeV,overlap_in_T,interpretation
-0.5,145.0,148.24091990596872,3.240919905968724,False,diagnostic endpoint separation; not a phase certificate
-0.4875,145.0,148.7671446058257,3.767144605825706,False,diagnostic endpoint separation; not a phase certificate
-0.475,145.0,149.2549817311727,4.254981731172705,False,diagnostic endpoint separation; not a phase certificate
-0.46875,145.0,149.49890029384622,4.498900293846219,False,diagnostic endpoint separation; not a phase certificate
-0.4625,145.0,149.7620126437747,4.76201264377471,False,diagnostic endpoint separation; not a phase certificate
-0.45625,145.0,149.98673741919322,4.986737419193219,False,diagnostic endpoint separation; not a phase certificate
-0.45,145.0,150.22612494332887,5.22612494332887,False,diagnostic endpoint separation; not a phase certificate
-0.4375,145.0,150.73315585593087,5.733155855930875,False,diagnostic endpoint separation; not a phase certificate
-0.425,141.0,151.15686284027583,10.156862840275835,False,diagnostic endpoint separation; not a phase certificate
-0.4125,141.0,151.608152880706,10.608152880706001,False,diagnostic endpoint separation; not a phase certificate
-0.4,141.0,152.06416474024408,11.064164740244081,False,diagnostic endpoint separation; not a phase certificate
-0.3875,141.0,144.20410044761792,3.2041004476179182,False,diagnostic endpoint separation; not a phase certificate
-0.375,141.0,144.61538659461144,3.6153865946114365,False,diagnostic endpoint separation; not a phase certificate
-0.3625,141.0,145.03139456071278,4.0313945607127835,False,diagnostic endpoint separation; not a phase certificate
-0.35,141.0,145.41795694188002,4.417956941880021,False,diagnostic endpoint separation; not a phase certificate
-0.34375,141.0,145.6597838769109,4.659783876910893,False,diagnostic endpoint separation; not a phase certificate
-0.3375,141.0,145.80924114215514,4.809241142155145,False,diagnostic endpoint separation; not a phase certificate
-0.33125,141.0,145.99870230083616,4.9987023008361575,False,diagnostic endpoint separation; not a phase certificate
-0.325,141.0,146.1881634595172,5.188163459517199,False,diagnostic endpoint separation; not a phase certificate
-0.3125,141.0,146.58708772359756,5.587087723597563,False,diagnostic endpoint separation; not a phase certificate
-0.3,137.0,146.92935985983723,9.929359859837234,False,diagnostic endpoint separation; not a phase certificate
-0.2875,137.0,147.2899207107084,10.289920710708401,False,diagnostic endpoint separation; not a phase certificate
-0.275,137.0,147.64253280832764,10.642532808327644,False,diagnostic endpoint separation; not a phase certificate
-0.2625,137.0,147.9871961526949,10.987196152694906,False,diagnostic endpoint separation; not a phase certificate
-0.25,137.0,148.3348956506363,11.334895650636298,False,diagnostic endpoint separation; not a phase certificate
-0.2375,137.0,138.8859339368736,1.885933936873613,False,diagnostic endpoint separation; not a phase certificate
-0.225,137.0,139.19446952229046,2.1944695222904613,False,diagnostic endpoint separation; not a phase certificate
-0.21875,137.0,139.35393984154427,2.3539398415442747,False,diagnostic endpoint separation; not a phase certificate
-0.2125,137.0,139.51341016079814,2.513410160798145,False,diagnostic endpoint separation; not a phase certificate
-0.20625,137.0,139.67685485667792,2.6768548566779202,False,diagnostic endpoint separation; not a phase certificate
-0.2,137.0,139.82592012284096,2.825920122840955,False,diagnostic endpoint separation; not a phase certificate
-0.1875,137.0,140.13644289657077,3.1364428965707702,False,diagnostic endpoint separation; not a phase certificate
-0.175,132.0,140.44111822119498,8.441118221194984,False,diagnostic endpoint separation; not a phase certificate
-0.1625,133.0,140.7435428849939,7.7435428849939,False,diagnostic endpoint separation; not a phase certificate
-0.15,133.0,141.0316330364253,8.03163303642529,False,diagnostic endpoint separation; not a phase certificate
-0.1375,133.0,141.3228772503074,8.322877250307414,False,diagnostic endpoint separation; not a phase certificate
-0.125,133.0,141.6058640214909,8.605864021490902,False,diagnostic endpoint separation; not a phase certificate
-0.1125,133.0,141.88156800887432,8.881568008874325,False,diagnostic endpoint separation; not a phase certificate
-0.1,133.0,142.19443048840157,9.194430488401565,False,diagnostic endpoint separation; not a phase certificate
-0.075,133.0,142.70065261408115,9.70065261408115,False,diagnostic endpoint separation; not a phase certificate
-0.05,129.0,143.2188391137786,14.218839113778614,False,diagnostic endpoint separation; not a phase certificate
-0.0375,129.0,143.4761181116076,14.476118111607605,False,diagnostic endpoint separation; not a phase certificate
-0.025,129.0,143.73012513810923,14.73012513810923,False,diagnostic endpoint separation; not a phase certificate
-0.0125,129.0,132.08119023511983,3.081190235119834,False,diagnostic endpoint separation; not a phase certificate
0.0,129.0,132.32990310080353,3.3299031008035342,False,diagnostic endpoint separation; not a phase certificate
0.0125,129.0,132.57004983434194,3.570049834341944,False,diagnostic endpoint separation; not a phase certificate
0.025,129.0,132.79633627491717,3.7963362749171665,False,diagnostic endpoint separation; not a phase certificate
0.03125,129.0,132.9137625612774,3.9137625612773945,False,diagnostic endpoint separation; not a phase certificate
0.0375,129.0,133.03118884763768,4.031188847637679,False,diagnostic endpoint separation; not a phase certificate
0.04375,129.0,133.14861513399794,4.148615133997936,False,diagnostic endpoint separation; not a phase certificate
0.05,129.0,133.26604142035816,4.266041420358164,False,diagnostic endpoint separation; not a phase certificate
0.0625,125.0,133.49611133715536,8.496111337155355,False,diagnostic endpoint separation; not a phase certificate
0.075,125.0,133.7250673026697,8.725067302669686,False,diagnostic endpoint separation; not a phase certificate
0.0875,125.0,133.95063338797996,8.950633387979963,False,diagnostic endpoint separation; not a phase certificate
0.1,125.0,134.1696670013104,9.169667001310387,False,diagnostic endpoint separation; not a phase certificate
0.1125,125.0,134.39523308662072,9.39523308662072,False,diagnostic endpoint separation; not a phase certificate
0.125,125.0,134.60643940895116,9.60643940895116,False,diagnostic endpoint separation; not a phase certificate
0.13125,125.0,134.71373751021838,9.71373751021838,False,diagnostic endpoint separation; not a phase certificate
0.1375,125.0,134.82103561148557,9.82103561148557,False,diagnostic endpoint separation; not a phase certificate
0.14375,125.0,134.9249438325488,9.924943832548792,False,diagnostic endpoint separation; not a phase certificate
0.15,125.0,135.032241933816,10.03224193381601,False,diagnostic endpoint separation; not a phase certificate
0.1625,121.0,135.24001256317706,14.24001256317706,False,diagnostic endpoint separation; not a phase certificate
0.175,121.0,135.45288947041323,14.452889470413226,False,diagnostic endpoint separation; not a phase certificate
0.1875,121.0,135.65658286661076,14.656582866610762,False,diagnostic endpoint separation; not a phase certificate
0.2,121.0,135.85109275176964,14.851092751769642,False,diagnostic endpoint separation; not a phase certificate
0.225,121.0,136.25280382220674,15.252803822206744,False,diagnostic endpoint separation; not a phase certificate
0.25,117.0,121.12633179431693,4.1263317943169255,False,diagnostic endpoint separation; not a phase certificate
0.2625,117.0,121.31202112386289,4.312021123862891,False,diagnostic endpoint separation; not a phase certificate
0.275,117.0,121.51669485437945,4.516694854379452,False,diagnostic endpoint separation; not a phase certificate
0.2875,117.0,121.85735610744473,4.85735610744473,False,diagnostic endpoint separation; not a phase certificate
0.3,117.0,121.89756571395658,4.897565713956581,False,diagnostic endpoint separation; not a phase certificate
0.30625,117.0,121.99334362999349,4.99334362999349,False,diagnostic endpoint separation; not a phase certificate
0.3125,116.5,122.09203584081979,5.59203584081979,False,diagnostic endpoint separation; not a phase certificate
0.31875,117.0,122.17903295953944,5.179032959539441,False,diagnostic endpoint separation; not a phase certificate
0.325,117.0,122.27843657353371,5.27843657353371,False,diagnostic endpoint separation; not a phase certificate
0.3375,113.0,122.46569655736401,9.465696557364012,False,diagnostic endpoint separation; not a phase certificate
0.35,113.0,122.65136728119556,9.651367281195562,False,diagnostic endpoint separation; not a phase certificate
0.3625,113.0,122.83213756006116,9.832137560061156,False,diagnostic endpoint separation; not a phase certificate
0.375,113.0,123.00800739396074,10.008007393960739,False,diagnostic endpoint separation; not a phase certificate
0.38125,113.0,123.10084275587653,10.100842755876528,False,diagnostic endpoint separation; not a phase certificate
0.3875,113.0,123.18993451095827,10.189934510958267,False,diagnostic endpoint separation; not a phase certificate
0.39375,113.0,123.27671258977608,10.276712589776082,False,diagnostic endpoint separation; not a phase certificate
0.4,112.5,123.36886053007359,10.86886053007359,False,diagnostic endpoint separation; not a phase certificate
0.4125,109.0,123.54470110353579,14.544701103535786,False,diagnostic endpoint separation; not a phase certificate
0.425,109.0,123.7160005654236,14.716000565423599,False,diagnostic endpoint separation; not a phase certificate
0.43125,109.0,123.80551181207822,14.805511812078223,False,diagnostic endpoint separation; not a phase certificate
0.4375,109.0,123.89116154302212,14.891161543022122,False,diagnostic endpoint separation; not a phase certificate
0.44375,109.0,123.97681127396605,14.97681127396605,False,diagnostic endpoint separation; not a phase certificate
0.45,109.0,124.06246100490993,15.062461004909935,False,diagnostic endpoint separation; not a phase certificate
0.4625,109.0,124.2275124031298,15.227512403129793,False,diagnostic endpoint separation; not a phase certificate
0.475,105.0,124.39895507027914,19.398955070279143,False,diagnostic endpoint separation; not a phase certificate
0.4875,105.0,124.56904620584922,19.56904620584922,False,diagnostic endpoint separation; not a phase certificate
0.5,105.0,124.73515791683195,19.73515791683195,False,diagnostic endpoint separation; not a phase certificate
