process,s,sigma
uubar_to_ssbar,25.0,0.0
uubar_to_ssbar,25.975975975975977,0.2566020161921139
uubar_to_ssbar,26.95195195195195,0.5327945819458801
uubar_to_ssbar,27.92792792792793,0.7090438456223854
uubar_to_ssbar,28.903903903903903,0.8509931146078583
uubar_to_ssbar,29.87987987987988,0.9744683289609612
uubar_to_ssbar,30.855855855855857,1.0863049632954462
uubar_to_ssbar,31.83183183183183,1.190174019034989
uubar_to_ssbar,32.807807807807805,1.2882983272230186
uubar_to_ssbar,33.78378378378378,1.3821307836377805
uubar_to_ssbar,34.75975975975976,1.4726727296412876
uubar_to_ssbar,35.73573573573574,1.5606416597102954
uubar_to_ssbar,36.711711711711715,1.6465672007482417
uubar_to_ssbar,37.687687687687685,1.7308495901280323
uubar_to_ssbar,38.66366366366366,1.8137970905860719
uubar_to_ssbar,39.63963963963964,1.895650885685816
uubar_to_ssbar,40.61561561561562,1.9766021850944566
uubar_to_ssbar,41.591591591591595,2.0568042955762653
uubar_to_ssbar,42.567567567567565,2.136381333825832
uubar_to_ssbar,43.54354354354354,2.215434638021917
uubar_to_ssbar,44.51951951951952,2.2940475654058763
uubar_to_ssbar,45.4954954954955,2.3722891349265973
uubar_to_ssbar,46.471471471471475,2.450216828752503
uubar_to_ssbar,47.447447447447445,2.527878771594399
uubar_to_ssbar,48.42342342342342,2.6053154433898054
uubar_to_ssbar,49.3993993993994,2.6825610376582185
uubar_to_ssbar,50.37537537537538,2.7596445477973854
uubar_to_ssbar,51.351351351351354,2.8365906423764073
uubar_to_ssbar,52.327327327327325,2.9134203752758094
uubar_to_ssbar,53.3033033033033,2.9901517654777954
uubar_to_ssbar,54.27927927927928,3.066800273185113
uubar_to_ssbar,55.25525525525526,3.143379192903899
uubar_to_ssbar,56.231231231231234,3.2198999795844307
uubar_to_ssbar,57.207207207207205,3.2963725204683625
uubar_to_ssbar,58.18318318318318,3.372805362653729
uubar_to_ssbar,59.15915915915916,3.4492059043543644
uubar_to_ssbar,60.13513513513514,3.525580556248032
uubar_to_ssbar,61.111111111111114,3.6019348780688407
uubar_to_ssbar,62.087087087087085,3.6782736946231043
uubar_to_ssbar,63.06306306306306,3.7546011946332514
uubar_to_ssbar,64.03903903903904,3.8309210151969038
uubar_to_ssbar,65.01501501501501,3.907236314152561
uubar_to_ssbar,65.990990990991,3.983549832244085
uubar_to_ssbar,66.96696696696696,4.059863946652495
uubar_to_ssbar,67.94294294294295,4.1361807172003635
uubar_to_ssbar,68.91891891891892,4.21250192631879
uubar_to_ssbar,69.89489489489489,4.288829113690328
uubar_to_ssbar,70.87087087087087,4.365163606335747
uubar_to_ssbar,71.84684684684684,4.441506544791987
uubar_to_ssbar,72.82282282282283,4.51785890592904
uubar_to_ssbar,73.7987987987988,4.59422152286992
uubar_to_ssbar,74.77477477477477,4.670595102408914
uubar_to_ssbar,75.75075075075075,4.746980240264404
uubar_to_ssbar,76.72672672672672,4.823377434454285
uubar_to_ssbar,77.70270270270271,4.89978709704021
uubar_to_ssbar,78.67867867867868,4.97620956445233
uubar_to_ssbar,79.65465465465465,5.052645106576562
uubar_to_ssbar,80.63063063063063,5.129093934761271
uubar_to_ssbar,81.6066066066066,5.2055562088789795
uubar_to_ssbar,82.58258258258259,5.28203204356045
uubar_to_ssbar,83.55855855855856,5.358521513702787
uubar_to_ssbar,84.53453453453453,5.435024659340127
uubar_to_ssbar,85.51051051051051,5.511541489953447
uubar_to_ssbar,86.48648648648648,5.588071988286949
uubar_to_ssbar,87.46246246246247,5.664616113729104
uubar_to_ssbar,88.43843843843844,5.741173805309689
uubar_to_ssbar,89.41441441441441,5.817744984357543
uubar_to_ssbar,90.3903903903904,5.894329556858236
uubar_to_ssbar,91.36636636636636,5.970927415546078
uubar_to_ssbar,92.34234234234235,6.047538441760839
uubar_to_ssbar,93.31831831831832,6.124162507095667
uubar_to_ssbar,94.29429429429429,6.2007994748598465
uubar_to_ssbar,95.27027027027027,6.277449201376915
uubar_to_ssbar,96.24624624624624,6.354111537136649
uubar_to_ssbar,97.22222222222223,6.430786327816818
uubar_to_ssbar,98.1981981981982,6.507473415189302
uubar_to_ssbar,99.17417417417417,6.584172637922969
uubar_to_ssbar,100.15015015015015,6.66088383229478
uubar_to_ssbar,101.12612612612612,6.737606832818954
uubar_to_ssbar,102.10210210210211,6.814341472803069
uubar_to_ssbar,103.07807807807808,6.891087584839042
uubar_to_ssbar,104.05405405405405,6.967845001235923
uubar_to_ssbar,105.03003003003003,7.044613554400782
uubar_to_ssbar,106.006006006006,7.121393077173233
uubar_to_ssbar,106.98198198198199,7.198183403118569
uubar_to_ssbar,107.95795795795796,7.274984366783923
uubar_to_ssbar,108.93393393393393,7.351795803921322
uubar_to_ssbar,109.90990990990991,7.428617551681417
uubar_to_ssbar,110.88588588588588,7.505449448780675
uubar_to_ssbar,111.86186186186187,7.582291335645159
uubar_to_ssbar,112.83783783783784,7.659143054533313
uubar_to_ssbar,113.81381381381381,7.736004449639955
uubar_to_ssbar,114.7897897897898,7.812875367183571
uubar_to_ssbar,115.76576576576576,7.889755655478737
uubar_to_ssbar,116.74174174174175,7.966645164995234
uubar_to_ssbar,117.71771771771772,8.043543748405353
uubar_to_ssbar,118.69369369369369,8.120451260620682
uubar_to_ssbar,119.66966966966967,8.197367558819549
uubar_to_ssbar,120.64564564564564,8.274292502466194
uubar_to_ssbar,121.62162162162163,8.35122595332256
uubar_to_ssbar,122.5975975975976,8.428167775453613
uubar_to_ssbar,123.57357357357357,8.50511783522693
uubar_to_ssbar,124.54954954954955,8.582076001307215
uubar_to_ssbar,125.52552552552552,8.65904214464629
uubar_to_ssbar,126.50150150150151,8.736016138469376
uubar_to_ssbar,127.47747747747748,8.812997858257777
uubar_to_ssbar,128.45345345345345,8.88998718172873
uubar_to_ssbar,129.42942942942943,8.966983988812578
uubar_to_ssbar,130.40540540540542,9.043988161627867
uubar_to_ssbar,131.38138138138137,9.120999584454445
uubar_to_ssbar,132.35735735735736,9.19801814370497
uubar_to_ssbar,133.33333333333334,9.275043727895108
uubar_to_ssbar,134.3093093093093,9.35207622761259
uubar_to_ssbar,135.28528528528528,9.429115535485304
uubar_to_ssbar,136.26126126126127,9.506161546148718
uubar_to_ssbar,137.23723723723722,9.583214156212676
uubar_to_ssbar,138.2132132132132,9.660273264227804
uubar_to_ssbar,139.1891891891892,9.737338770651602
uubar_to_ssbar,140.16516516516518,9.814410577814277
uubar_to_ssbar,141.14114114114113,9.891488589884633
uubar_to_ssbar,142.11711711711712,9.968572712835877
uubar_to_ssbar,143.0930930930931,10.04566285441147
uubar_to_ssbar,144.06906906906906,10.122758924091224
uubar_to_ssbar,145.04504504504504,10.199860833057574
uubar_to_ssbar,146.02102102102103,10.276968494162093
uubar_to_ssbar,146.99699699699698,10.354081821892333
uubar_to_ssbar,147.97297297297297,10.43120073233912
uubar_to_ssbar,148.94894894894895,10.50832514316405
uubar_to_ssbar,149.92492492492494,10.585454973567538
uubar_to_ssbar,150.9009009009009,10.662590144257353
uubar_to_ssbar,151.87687687687688,10.739730577417484
uubar_to_ssbar,152.85285285285286,10.816876196677574
uubar_to_ssbar,153.82882882882882,10.894026927082862
uubar_to_ssbar,154.8048048048048,10.971182695064618
uubar_to_ssbar,155.7807807807808,11.048343428411052
uubar_to_ssbar,156.75675675675674,11.125509056238888
uubar_to_ssbar,157.73273273273273,11.20267950896529
uubar_to_ssbar,158.7087087087087,11.279854718280454
uubar_to_ssbar,159.6846846846847,11.3570346171207
uubar_to_ssbar,160.66066066066065,11.434219139642071
uubar_to_ssbar,161.63663663663664,11.511408221194525
uubar_to_ssbar,162.61261261261262,11.588601798296645
uubar_to_ssbar,163.58858858858858,11.665799808610746
uubar_to_ssbar,164.56456456456456,11.74300219091876
uubar_to_ssbar,165.54054054054055,11.820208885098408
uubar_to_ssbar,166.5165165165165,11.897419832100013
uubar_to_ssbar,167.4924924924925,11.974634973923811
uubar_to_ssbar,168.46846846846847,12.051854253597627
uubar_to_ssbar,169.44444444444446,12.129077615155289
uubar_to_ssbar,170.4204204204204,12.206305003615284
uubar_to_ssbar,171.3963963963964,12.283536364960069
uubar_to_ssbar,172.37237237237238,12.360771646115678
uubar_to_ssbar,173.34834834834834,12.438010794932012
uubar_to_ssbar,174.32432432432432,12.515253760163352
uubar_to_ssbar,175.3003003003003,12.592500491449455
uubar_to_ssbar,176.27627627627626,12.669750939297085
uubar_to_ssbar,177.25225225225225,12.747005055061878
uubar_to_ssbar,178.22822822822823,12.824262790930689
uubar_to_ssbar,179.20420420420422,12.901524099904334
uubar_to_ssbar,180.18018018018017,12.978788935780798
uubar_to_ssbar,181.15615615615616,13.056057253138652
uubar_to_ssbar,182.13213213213214,13.13332900732105
uubar_to_ssbar,183.1081081081081,13.210604154420034
uubar_to_ssbar,184.08408408408408,13.28788265126107
uubar_to_ssbar,185.06006006006007,13.3651644553882
uubar_to_ssbar,186.03603603603602,13.442449525049332
uubar_to_ssbar,187.012012012012,13.51973781918193
uubar_to_ssbar,187.987987987988,13.59702929739902
uubar_to_ssbar,188.96396396396398,13.674323919975649
uubar_to_ssbar,189.93993993993993,13.751621647835451
uubar_to_ssbar,190.91591591591592,13.828922442537639
uubar_to_ssbar,191.8918918918919,13.906226266264351
uubar_to_ssbar,192.86786786786786,13.983533081808183
uubar_to_ssbar,193.84384384384384,14.060842852559997
uubar_to_ssbar,194.81981981981983,14.138155542497177
uubar_to_ssbar,195.79579579579578,14.215471116171946
uubar_to_ssbar,196.77177177177177,14.292789538700095
uubar_to_ssbar,197.74774774774775,14.37011077574991
uubar_to_ssbar,198.72372372372374,14.447434793531368
uubar_to_ssbar,199.6996996996997,14.524761558785595
uubar_to_ssbar,200.67567567567568,14.602091038774478
uubar_to_ssbar,201.65165165165166,14.6794232012707
uubar_to_ssbar,202.62762762762762,14.756758014547797
uubar_to_ssbar,203.6036036036036,14.834095447370522
uubar_to_ssbar,204.5795795795796,14.911435468985518
uubar_to_ssbar,205.55555555555554,14.988778049112014
uubar_to_ssbar,206.53153153153153,15.06612315793287
uubar_to_ssbar,207.5075075075075,15.143470766085862
uubar_to_ssbar,208.4834834834835,15.220820844654934
uubar_to_ssbar,209.45945945945945,15.298173365161938
uubar_to_ssbar,210.43543543543544,15.375528299558333
uubar_to_ssbar,211.41141141141142,15.452885620217202
uubar_to_ssbar,212.38738738738738,15.53024529992533
uubar_to_ssbar,213.36336336336336,15.607607311875636
uubar_to_ssbar,214.33933933933935,15.684971629659506
uubar_to_ssbar,215.3153153153153,15.762338227259585
uubar_to_ssbar,216.2912912912913,15.839707079042519
uubar_to_ssbar,217.26726726726727,15.917078159751968
uubar_to_ssbar,218.24324324324326,15.99445144450163
uubar_to_ssbar,219.2192192192192,16.071826908768667
uubar_to_ssbar,220.1951951951952,16.14920452838698
uubar_to_ssbar,221.17117117117118,16.226584279540887
uubar_to_ssbar,222.14714714714714,16.303966138758724
uubar_to_ssbar,223.12312312312312,16.38135008290671
uubar_to_ssbar,224.0990990990991,16.458736089182974
uubar_to_ssbar,225.07507507507506,16.536124135111542
uubar_to_ssbar,226.05105105105105,16.613514198536638
uubar_to_ssbar,227.02702702702703,16.690906257617037
uubar_to_ssbar,228.00300300300302,16.76830029082039
uubar_to_ssbar,228.97897897897897,16.84569627691798
uubar_to_ssbar,229.95495495495496,16.923094194979342
uubar_to_ssbar,230.93093093093094,17.000494024367004
uubar_to_ssbar,231.9069069069069,17.07789574473143
uubar_to_ssbar,232.88288288288288,17.155299336006216
uubar_to_ssbar,233.85885885885887,17.232704778402827
uubar_to_ssbar,234.83483483483482,17.31011205240623
uubar_to_ssbar,235.8108108108108,17.387521138769895
uubar_to_ssbar,236.7867867867868,17.464932018511433
uubar_to_ssbar,237.76276276276278,17.54234467290795
uubar_to_ssbar,238.73873873873873,17.6197590834917
uubar_to_ssbar,239.71471471471472,17.697175232045836
uubar_to_ssbar,240.6906906906907,17.774593100600097
uubar_to_ssbar,241.66666666666666,17.852012671426696
uubar_to_ssbar,242.64264264264264,17.929433927036275
uubar_to_ssbar,243.61861861861863,18.006856850173975
uubar_to_ssbar,244.59459459459458,18.084281423815405
uubar_to_ssbar,245.57057057057057,18.16170763116299
uubar_to_ssbar,246.54654654654655,18.23913545564211
uubar_to_ssbar,247.52252252252254,18.31656488089752
uubar_to_ssbar,248.4984984984985,18.393995890789665
uubar_to_ssbar,249.47447447447448,18.471428469391217
uubar_to_ssbar,250.45045045045046,18.548862600983604
uubar_to_ssbar,251.42642642642642,18.626298270053653
uubar_to_ssbar,252.4024024024024,18.703735461290197
uubar_to_ssbar,253.3783783783784,18.781174159580832
uubar_to_ssbar,254.35435435435434,18.85861435000881
uubar_to_ssbar,255.33033033033033,18.936056017849857
uubar_to_ssbar,256.3063063063063,19.01349914856898
uubar_to_ssbar,257.28228228228227,19.0909437278176
uubar_to_ssbar,258.25825825825825,19.168389741430634
uubar_to_ssbar,259.23423423423424,19.245837175423407
uubar_to_ssbar,260.2102102102102,19.323286015988987
uubar_to_ssbar,261.1861861861862,19.400736249495285
uubar_to_ssbar,262.1621621621622,19.478187862482336
uubar_to_ssbar,263.1381381381381,19.55564084165964
uubar_to_ssbar,264.1141141141141,19.63309517390352
uubar_to_ssbar,265.0900900900901,19.71055084625449
uubar_to_ssbar,266.06606606606607,19.788007845914812
uubar_to_ssbar,267.04204204204206,19.86546616024586
uubar_to_ssbar,268.01801801801804,19.942925776765787
uubar_to_ssbar,268.99399399399397,20.020386683147084
uubar_to_ssbar,269.96996996996995,20.097848867214243
uubar_to_ssbar,270.94594594594594,20.17531231694138
uubar_to_ssbar,271.9219219219219,20.25277702045006
uubar_to_ssbar,272.8978978978979,20.330242966006942
uubar_to_ssbar,273.8738738738739,20.40771014202174
uubar_to_ssbar,274.8498498498499,20.48517853704491
uubar_to_ssbar,275.8258258258258,20.562648139765685
uubar_to_ssbar,276.8018018018018,20.64011893900992
uubar_to_ssbar,277.77777777777777,20.71759092373799
uubar_to_ssbar,278.75375375375376,20.795064083042934
uubar_to_ssbar,279.72972972972974,20.87253840614846
uubar_to_ssbar,280.7057057057057,20.950013882406896
uubar_to_ssbar,281.6816816816817,21.027490501297393
uubar_to_ssbar,282.65765765765764,21.104968252424072
uubar_to_ssbar,283.6336336336336,21.182447125514162
uubar_to_ssbar,284.6096096096096,21.25992711041615
uubar_to_ssbar,285.5855855855856,21.337408197098107
uubar_to_ssbar,286.5615615615616,21.414890375645943
uubar_to_ssbar,287.53753753753756,21.492373636261625
uubar_to_ssbar,288.5135135135135,21.569857969261548
uubar_to_ssbar,289.4894894894895,21.647343365074903
uubar_to_ssbar,290.46546546546546,21.724829814242014
uubar_to_ssbar,291.44144144144144,21.80231730741285
uubar_to_ssbar,292.4174174174174,21.87980583534531
uubar_to_ssbar,293.3933933933934,21.957295388903727
uubar_to_ssbar,294.3693693693694,22.034785959057515
uubar_to_ssbar,295.3453453453453,22.112277536879454
uubar_to_ssbar,296.3213213213213,22.189770113544377
uubar_to_ssbar,297.2972972972973,22.26726368032767
uubar_to_ssbar,298.2732732732733,22.344758228603876
uubar_to_ssbar,299.24924924924926,22.422253749845364
uubar_to_ssbar,300.22522522522524,22.49975023562086
uubar_to_ssbar,301.20120120120123,22.577247677594187
uubar_to_ssbar,302.17717717717716,22.654746067522872
uubar_to_ssbar,303.15315315315314,22.732245397256925
uubar_to_ssbar,304.1291291291291,22.80974565873757
uubar_to_ssbar,305.1051051051051,22.88724684399587
uubar_to_ssbar,306.0810810810811,22.96474894515161
uubar_to_ssbar,307.0570570570571,23.042251954412006
uubar_to_ssbar,308.033033033033,23.119755864070658
uubar_to_ssbar,309.009009009009,23.197260666506118
uubar_to_ssbar,309.984984984985,23.274766354180944
uubar_to_ssbar,310.96096096096096,23.35227291964053
uubar_to_ssbar,311.93693693693695,23.429780355511905
uubar_to_ssbar,312.91291291291293,23.507288654502783
uubar_to_ssbar,313.8888888888889,23.584797809400172
uubar_to_ssbar,314.86486486486484,23.66230781306972
uubar_to_ssbar,315.8408408408408,23.739818658454332
uubar_to_ssbar,316.8168168168168,23.8173303385734
uubar_to_ssbar,317.7927927927928,23.89484284652149
uubar_to_ssbar,318.7687687687688,23.972356175467628
uubar_to_ssbar,319.74474474474476,24.049870318654115
uubar_to_ssbar,320.72072072072075,24.12738526939572
uubar_to_ssbar,321.6966966966967,24.204901021078573
uubar_to_ssbar,322.67267267267266,24.282417567159342
uubar_to_ssbar,323.64864864864865,24.359934901164223
uubar_to_ssbar,324.62462462462463,24.437453016688114
uubar_to_ssbar,325.6006006006006,24.514971907393644
uubar_to_ssbar,326.5765765765766,24.592491567010356
uubar_to_ssbar,327.5525525525525,24.670011989333837
uubar_to_ssbar,328.5285285285285,24.747533168224752
uubar_to_ssbar,329.5045045045045,24.825055097608136
uubar_to_ssbar,330.4804804804805,24.90257777147254
uubar_to_ssbar,331.45645645645646,24.980101183869206
uubar_to_ssbar,332.43243243243245,25.05762532891117
uubar_to_ssbar,333.40840840840843,25.13515020077261
uubar_to_ssbar,334.38438438438436,25.212675793687993
uubar_to_ssbar,335.36036036036035,25.29020210195142
uubar_to_ssbar,336.33633633633633,25.367729119915577
uubar_to_ssbar,337.3123123123123,25.44525684199136
uubar_to_ssbar,338.2882882882883,25.52278526264694
uubar_to_ssbar,339.2642642642643,25.60031437640704
uubar_to_ssbar,340.24024024024027,25.677844177852265
uubar_to_ssbar,341.2162162162162,25.75537466161842
uubar_to_ssbar,342.1921921921922,25.83290582239574
uubar_to_ssbar,343.16816816816817,25.910437654928337
uubar_to_ssbar,344.14414414414415,25.98797015401344
uubar_to_ssbar,345.12012012012013,26.065503314500738
uubar_to_ssbar,346.0960960960961,26.14303713129168
uubar_to_ssbar,347.07207207207205,26.220571599339078
uubar_to_ssbar,348.04804804804803,26.298106713646142
uubar_to_ssbar,349.024024024024,26.375642469266047
uubar_to_ssbar,350.0,26.45317886130134
uubar_to_ssbar,350.975975975976,26.530715884903252
uubar_to_ssbar,351.95195195195197,26.608253535271107
uubar_to_ssbar,352.92792792792795,26.685791807651835
uubar_to_ssbar,353.9039039039039,26.763330697339285
uubar_to_ssbar,354.87987987987987,26.840870199673677
uubar_to_ssbar,355.85585585585585,26.918410310041068
uubar_to_ssbar,356.83183183183183,26.99595102387287
uubar_to_ssbar,357.8078078078078,27.07349233664506
uubar_to_ssbar,358.7837837837838,27.151034243877934
uubar_to_ssbar,359.75975975975973,27.22857674113545
uubar_to_ssbar,360.7357357357357,27.306119824024645
uubar_to_ssbar,361.7117117117117,27.383663488195186
uubar_to_ssbar,362.6876876876877,27.46120772933893
uubar_to_ssbar,363.66366366366367,27.538752543189243
uubar_to_ssbar,364.63963963963965,27.616297925520698
uubar_to_ssbar,365.61561561561564,27.69384387214847
uubar_to_ssbar,366.59159159159157,27.771390378927894
uubar_to_ssbar,367.56756756756755,27.848937441754046
uubar_to_ssbar,368.54354354354354,27.92648505656108
uubar_to_ssbar,369.5195195195195,28.004033219322054
uubar_to_ssbar,370.4954954954955,28.081581926048223
uubar_to_ssbar,371.4714714714715,28.159131172788815
uubar_to_ssbar,372.4474474474475,28.236680955630373
uubar_to_ssbar,373.4234234234234,28.314231270696443
uubar_to_ssbar,374.3993993993994,28.391782114147144
uubar_to_ssbar,375.37537537537537,28.469333482178723
uubar_to_ssbar,376.35135135135135,28.546885371023134
uubar_to_ssbar,377.32732732732734,28.624437776947634
uubar_to_ssbar,378.3033033033033,28.70199069625438
uubar_to_ssbar,379.27927927927925,28.779544125280005
uubar_to_ssbar,380.25525525525524,28.857098060395302
uubar_to_ssbar,381.2312312312312,28.934652498004663
uubar_to_ssbar,382.2072072072072,29.012207434545935
uubar_to_ssbar,383.1831831831832,29.089762866489803
uubar_to_ssbar,384.1591591591592,29.167318790339593
uubar_to_ssbar,385.13513513513516,29.24487520263082
uubar_to_ssbar,386.1111111111111,29.32243209993082
uubar_to_ssbar,387.08708708708707,29.399989478838453
uubar_to_ssbar,388.06306306306305,29.477547335983687
uubar_to_ssbar,389.03903903903904,29.55510566802724
uubar_to_ssbar,390.015015015015,29.632664471660235
uubar_to_ssbar,390.990990990991,29.71022374360403
uubar_to_ssbar,391.966966966967,29.7877834806096
uubar_to_ssbar,392.9429429429429,29.865343679457414
uubar_to_ssbar,393.9189189189189,29.942904336956964
uubar_to_ssbar,394.8948948948949,30.02046544994661
uubar_to_ssbar,395.8708708708709,30.098027015293145
uubar_to_ssbar,396.84684684684686,30.175589029891437
uubar_to_ssbar,397.82282282282284,30.253151490664347
uubar_to_ssbar,398.79879879879877,30.330714394561966
uubar_to_ssbar,399.77477477477476,30.408277738561964
uubar_to_ssbar,400.75075075075074,30.485841519668675
uubar_to_ssbar,401.7267267267267,30.563405734913243
uubar_to_ssbar,402.7027027027027,30.64097038135303
uubar_to_ssbar,403.6786786786787,30.718535456071503
uubar_to_ssbar,404.6546546546547,30.796100956177852
uubar_to_ssbar,405.6306306306306,30.873666878806798
uubar_to_ssbar,406.6066066066066,30.95123322111833
uubar_to_ssbar,407.5825825825826,31.028799980297254
uubar_to_ssbar,408.55855855855856,31.10636715355322
uubar_to_ssbar,409.53453453453454,31.1839347381201
uubar_to_ssbar,410.5105105105105,31.261502731256034
uubar_to_ssbar,411.4864864864865,31.339071130243006
uubar_to_ssbar,412.46246246246244,31.416639932386712
uubar_to_ssbar,413.4384384384384,31.494209135016064
uubar_to_ssbar,414.4144144144144,31.57177873548326
uubar_to_ssbar,415.3903903903904,31.64934873116335
uubar_to_ssbar,416.3663663663664,31.726919119453914
uubar_to_ssbar,417.34234234234236,31.804489897775095
uubar_to_ssbar,418.3183183183183,31.882061063569147
uubar_to_ssbar,419.2942942942943,31.959632614300197
uubar_to_ssbar,420.27027027027026,32.03720454745414
uubar_to_ssbar,421.24624624624624,32.11477686053836
uubar_to_ssbar,422.22222222222223,32.192349551081364
uubar_to_ssbar,423.1981981981982,32.26992261663287
uubar_to_ssbar,424.1741741741742,32.34749605476328
uubar_to_ssbar,425.1501501501501,32.42506986306353
uubar_to_ssbar,426.1261261261261,32.5026440391451
uubar_to_ssbar,427.1021021021021,32.58021858063959
uubar_to_ssbar,428.0780780780781,32.65779348519839
uubar_to_ssbar,429.05405405405406,32.73536875049283
uubar_to_ssbar,430.03003003003005,32.81294437421367
uubar_to_ssbar,431.00600600600603,32.89052035407116
uubar_to_ssbar,431.98198198198196,32.96809668779448
uubar_to_ssbar,432.95795795795794,33.04567337313197
uubar_to_ssbar,433.93393393393393,33.123250407850506
uubar_to_ssbar,434.9099099099099,33.20082778973575
uubar_to_ssbar,435.8858858858859,33.27840551659156
uubar_to_ssbar,436.8618618618619,33.35598358624008
uubar_to_ssbar,437.8378378378378,33.433561996521405
uubar_to_ssbar,438.8138138138138,33.51114074529347
uubar_to_ssbar,439.7897897897898,33.58871983043187
uubar_to_ssbar,440.76576576576576,33.66629924982953
uubar_to_ssbar,441.74174174174175,33.74387900139692
uubar_to_ssbar,442.71771771771773,33.82145908306126
uubar_to_ssbar,443.6936936936937,33.899039492767066
uubar_to_ssbar,444.66966966966964,33.97662022847535
uubar_to_ssbar,445.64564564564563,34.054201288163846
uubar_to_ssbar,446.6216216216216,34.13178266982676
uubar_to_ssbar,447.5975975975976,34.209364371474415
uubar_to_ssbar,448.5735735735736,34.286946391133405
uubar_to_ssbar,449.54954954954957,34.36452872684617
uubar_to_ssbar,450.52552552552555,34.44211137667092
uubar_to_ssbar,451.5015015015015,34.519694338681546
uubar_to_ssbar,452.47747747747746,34.59727761096748
uubar_to_ssbar,453.45345345345345,34.67486119163333
uubar_to_ssbar,454.42942942942943,34.752445078798985
uubar_to_ssbar,455.4054054054054,34.83002927059932
uubar_to_ssbar,456.3813813813814,34.907613765184095
uubar_to_ssbar,457.35735735735733,34.98519856071773
uubar_to_ssbar,458.3333333333333,35.06278365537938
uubar_to_ssbar,459.3093093093093,35.14036904736253
uubar_to_ssbar,460.2852852852853,35.21795473487499
uubar_to_ssbar,461.26126126126127,35.29554071613871
uubar_to_ssbar,462.23723723723725,35.37312698938977
uubar_to_ssbar,463.21321321321324,35.450713552877964
uubar_to_ssbar,464.18918918918916,35.528300404867004
uubar_to_ssbar,465.16516516516515,35.60588754363414
uubar_to_ssbar,466.14114114114113,35.68347496747012
uubar_to_ssbar,467.1171171171171,35.76106267467917
uubar_to_ssbar,468.0930930930931,35.8386506635785
uubar_to_ssbar,469.0690690690691,35.91623893249867
uubar_to_ssbar,470.0450450450451,35.99382747978308
uubar_to_ssbar,471.021021021021,36.07141630378807
uubar_to_ssbar,471.996996996997,36.149005402882565
uubar_to_ssbar,472.97297297297297,36.22659477544835
uubar_to_ssbar,473.94894894894895,36.30418441987948
uubar_to_ssbar,474.92492492492494,36.38177433458248
uubar_to_ssbar,475.9009009009009,36.45936451797613
uubar_to_ssbar,476.87687687687685,36.53695496849134
uubar_to_ssbar,477.85285285285283,36.614545684571
uubar_to_ssbar,478.8288288288288,36.692136664669995
uubar_to_ssbar,479.8048048048048,36.76972790725499
uubar_to_ssbar,480.7807807807808,36.84731941080426
uubar_to_ssbar,481.7567567567568,36.92491117380777
uubar_to_ssbar,482.73273273273276,37.00250319476686
uubar_to_ssbar,483.7087087087087,37.08009547219432
uubar_to_ssbar,484.68468468468467,37.15768800461418
uubar_to_ssbar,485.66066066066065,37.235280790561575
uubar_to_ssbar,486.63663663663664,37.31287382858264
uubar_to_ssbar,487.6126126126126,37.39046711723472
uubar_to_ssbar,488.5885885885886,37.46806065508569
uubar_to_ssbar,489.5645645645646,37.54565444071425
uubar_to_ssbar,490.5405405405405,37.62324847270993
uubar_to_ssbar,491.5165165165165,37.70084274967262
uubar_to_ssbar,492.4924924924925,37.77843727021266
uubar_to_ssbar,493.4684684684685,37.85603203295092
uubar_to_ssbar,494.44444444444446,37.93362703651829
uubar_to_ssbar,495.42042042042044,38.01122227955611
uubar_to_ssbar,496.39639639639637,38.088817760715436
uubar_to_ssbar,497.37237237237235,38.16641347865762
uubar_to_ssbar,498.34834834834834,38.24400943205375
uubar_to_ssbar,499.3243243243243,38.321605619584766
uubar_to_ssbar,500.3003003003003,38.39920203994129
uubar_to_ssbar,501.2762762762763,38.4767986918236
uubar_to_ssbar,502.2522522522523,38.55439557394149
uubar_to_ssbar,503.2282282282282,38.63199268501415
uubar_to_ssbar,504.2042042042042,38.70959002377027
uubar_to_ssbar,505.1801801801802,38.787187588947695
uubar_to_ssbar,506.15615615615616,38.86478537929346
uubar_to_ssbar,507.13213213213214,38.94238339356388
uubar_to_ssbar,508.1081081081081,39.01998163052411
uubar_to_ssbar,509.0840840840841,39.097580088948426
uubar_to_ssbar,510.06006006006004,39.17517876761981
uubar_to_ssbar,511.036036036036,39.252777665330186
uubar_to_ssbar,512.0120120120121,39.33037678088005
uubar_to_ssbar,512.9879879879879,39.40797611307859
uubar_to_ssbar,513.9639639639639,39.485575660743706
uubar_to_ssbar,514.9399399399399,39.56317542270145
uubar_to_ssbar,515.9159159159159,39.64077539778671
uubar_to_ssbar,516.8918918918919,39.718375584842335
uubar_to_ssbar,517.8678678678679,39.79597598271958
uubar_to_ssbar,518.8438438438438,39.87357659027799
uubar_to_ssbar,519.8198198198198,39.95117740638513
uubar_to_ssbar,520.7957957957958,40.02877842991655
uubar_to_ssbar,521.7717717717718,40.106379659755824
uubar_to_ssbar,522.7477477477478,40.183981094794596
uubar_to_ssbar,523.7237237237238,40.261582733931995
uubar_to_ssbar,524.6996996996997,40.33918457607532
uubar_to_ssbar,525.6756756756756,40.41678662013926
uubar_to_ssbar,526.6516516516516,40.49438886504629
uubar_to_ssbar,527.6276276276276,40.57199130972644
uubar_to_ssbar,528.6036036036036,40.64959395311716
uubar_to_ssbar,529.5795795795796,40.72719679416354
uubar_to_ssbar,530.5555555555555,40.80479983181775
uubar_to_ssbar,531.5315315315315,40.88240306503952
uubar_to_ssbar,532.5075075075075,40.960006492795685
uubar_to_ssbar,533.4834834834835,41.03761011406036
uubar_to_ssbar,534.4594594594595,41.115213927814736
uubar_to_ssbar,535.4354354354355,41.19281793304705
uubar_to_ssbar,536.4114114114114,41.27042212875256
uubar_to_ssbar,537.3873873873874,41.348026513933455
uubar_to_ssbar,538.3633633633634,41.42563108759883
uubar_to_ssbar,539.3393393393393,41.50323584876461
uubar_to_ssbar,540.3153153153153,41.58084079645345
uubar_to_ssbar,541.2912912912913,41.65844592969481
uubar_to_ssbar,542.2672672672672,41.736051247524614
uubar_to_ssbar,543.2432432432432,41.813656748985615
uubar_to_ssbar,544.2192192192192,41.89126243312689
uubar_to_ssbar,545.1951951951952,41.9688682990042
uubar_to_ssbar,546.1711711711712,42.04647434567951
uubar_to_ssbar,547.1471471471472,42.12408057222145
uubar_to_ssbar,548.1231231231232,42.20168697770462
uubar_to_ssbar,549.0990990990991,42.279293561210274
uubar_to_ssbar,550.0750750750751,42.35690032182565
uubar_to_ssbar,551.0510510510511,42.43450725864408
uubar_to_ssbar,552.027027027027,42.51211437076529
uubar_to_ssbar,553.003003003003,42.589721657294824
uubar_to_ssbar,553.978978978979,42.6673291173443
uubar_to_ssbar,554.9549549549549,42.744936750031464
uubar_to_ssbar,555.9309309309309,42.82254455447967
uubar_to_ssbar,556.9069069069069,42.90015252981846
uubar_to_ssbar,557.8828828828829,42.97776067518292
uubar_to_ssbar,558.8588588588589,43.055368989714054
uubar_to_ssbar,559.8348348348349,43.132977472558586
uubar_to_ssbar,560.8108108108108,43.21058612286888
uubar_to_ssbar,561.7867867867868,43.28819493980292
uubar_to_ssbar,562.7627627627628,43.36580392252425
uubar_to_ssbar,563.7387387387388,43.44341307020209
uubar_to_ssbar,564.7147147147147,43.52102238201102
uubar_to_ssbar,565.6906906906906,43.598631857131004
uubar_to_ssbar,566.6666666666666,43.67624149474754
uubar_to_ssbar,567.6426426426426,43.75385129405149
uubar_to_ssbar,568.6186186186186,43.83146125423899
uubar_to_ssbar,569.5945945945946,43.90907137451137
uubar_to_ssbar,570.5705705705706,43.986681654075326
uubar_to_ssbar,571.5465465465466,44.0642920921426
uubar_to_ssbar,572.5225225225225,44.14190268793023
uubar_to_ssbar,573.4984984984985,44.21951344066018
uubar_to_ssbar,574.4744744744745,44.29712434955974
uubar_to_ssbar,575.4504504504505,44.37473541386086
uubar_to_ssbar,576.4264264264265,44.452346632800825
uubar_to_ssbar,577.4024024024025,44.52995800562157
uubar_to_ssbar,578.3783783783783,44.607569531570206
uubar_to_ssbar,579.3543543543543,44.68518120989851
uubar_to_ssbar,580.3303303303303,44.762793039863126
uubar_to_ssbar,581.3063063063063,44.84040502072543
uubar_to_ssbar,582.2822822822823,44.91801715175173
uubar_to_ssbar,583.2582582582583,44.99562943221282
uubar_to_ssbar,584.2342342342342,45.0732418613844
uubar_to_ssbar,585.2102102102102,45.15085443854653
uubar_to_ssbar,586.1861861861862,45.22846716298414
uubar_to_ssbar,587.1621621621622,45.30608003398648
uubar_to_ssbar,588.1381381381382,45.383693050847576
uubar_to_ssbar,589.1141141141142,45.461306212865644
uubar_to_ssbar,590.0900900900901,45.538919519343715
uubar_to_ssbar,591.066066066066,45.61653296958885
uubar_to_ssbar,592.042042042042,45.69414656291288
uubar_to_ssbar,593.018018018018,45.77176029863177
uubar_to_ssbar,593.993993993994,45.84937417606568
uubar_to_ssbar,594.96996996997,45.92698819453937
uubar_to_ssbar,595.9459459459459,46.00460235338162
uubar_to_ssbar,596.9219219219219,46.08221665192548
uubar_to_ssbar,597.8978978978979,46.159831089508245
uubar_to_ssbar,598.8738738738739,46.23744566547134
uubar_to_ssbar,599.8498498498499,46.31506037916023
uubar_to_ssbar,600.8258258258259,46.39267522992458
uubar_to_ssbar,601.8018018018018,46.470290217117956
uubar_to_ssbar,602.7777777777778,46.54790534009818
uubar_to_ssbar,603.7537537537537,46.62552059822691
uubar_to_ssbar,604.7297297297297,46.70313599086973
uubar_to_ssbar,605.7057057057057,46.7807515173963
uubar_to_ssbar,606.6816816816817,46.858367177180085
uubar_to_ssbar,607.6576576576576,46.93598296959838
uubar_to_ssbar,608.6336336336336,47.01359889403247
uubar_to_ssbar,609.6096096096096,47.09121494986741
uubar_to_ssbar,610.5855855855856,47.168831136491875
uubar_to_ssbar,611.5615615615616,47.24644745329849
uubar_to_ssbar,612.5375375375376,47.32406389968364
uubar_to_ssbar,613.5135135135135,47.40168047504714
uubar_to_ssbar,614.4894894894895,47.47929717879274
uubar_to_ssbar,615.4654654654655,47.55691401032775
uubar_to_ssbar,616.4414414414415,47.63453096906307
uubar_to_ssbar,617.4174174174174,47.71214805441319
uubar_to_ssbar,618.3933933933934,47.78976526579626
uubar_to_ssbar,619.3693693693693,47.8673826026338
uubar_to_ssbar,620.3453453453453,47.94500006435097
uubar_to_ssbar,621.3213213213213,48.02261765037633
uubar_to_ssbar,622.2972972972973,48.10023536014195
uubar_to_ssbar,623.2732732732733,48.17785319308328
uubar_to_ssbar,624.2492492492493,48.25547114863929
uubar_to_ssbar,625.2252252252252,48.33308922625212
uubar_to_ssbar,626.2012012012012,48.410707425367555
uubar_to_ssbar,627.1771771771772,48.48832574543438
uubar_to_ssbar,628.1531531531532,48.56594418590492
uubar_to_ssbar,629.1291291291292,48.64356274623474
uubar_to_ssbar,630.105105105105,48.72118142588252
uubar_to_ssbar,631.081081081081,48.79880022431043
uubar_to_ssbar,632.057057057057,48.876419140983636
uubar_to_ssbar,633.033033033033,48.954038175370506
uubar_to_ssbar,634.009009009009,49.0316573269426
uubar_to_ssbar,634.984984984985,49.10927659517468
uubar_to_ssbar,635.960960960961,49.18689597954457
uubar_to_ssbar,636.936936936937,49.26451547953314
uubar_to_ssbar,637.9129129129129,49.34213509462441
uubar_to_ssbar,638.8888888888889,49.41975482430541
uubar_to_ssbar,639.8648648648649,49.49737466806609
uubar_to_ssbar,640.8408408408409,49.57499462539969
uubar_to_ssbar,641.8168168168169,49.65261469580215
uubar_to_ssbar,642.7927927927927,49.73023487877241
uubar_to_ssbar,643.7687687687687,49.80785517381243
uubar_to_ssbar,644.7447447447447,49.885475580427126
uubar_to_ssbar,645.7207207207207,49.96309609812412
uubar_to_ssbar,646.6966966966967,50.04071672641413
uubar_to_ssbar,647.6726726726727,50.11833746481051
uubar_to_ssbar,648.6486486486486,50.195958312829674
uubar_to_ssbar,649.6246246246246,50.27357926999065
uubar_to_ssbar,650.6006006006006,50.35120033581536
uubar_to_ssbar,651.5765765765766,50.42882150982847
uubar_to_ssbar,652.5525525525526,50.50644279155741
uubar_to_ssbar,653.5285285285286,50.58406418053237
uubar_to_ssbar,654.5045045045046,50.661685676286055
uubar_to_ssbar,655.4804804804805,50.73930727835421
uubar_to_ssbar,656.4564564564564,50.81692898627505
uubar_to_ssbar,657.4324324324324,50.894550799589375
uubar_to_ssbar,658.4084084084084,50.97217271784074
uubar_to_ssbar,659.3843843843844,51.049794740575244
uubar_to_ssbar,660.3603603603603,51.127416867341736
uubar_to_ssbar,661.3363363363363,51.20503909769138
uubar_to_ssbar,662.3123123123123,51.28266143117819
uubar_to_ssbar,663.2882882882883,51.36028386735848
uubar_to_ssbar,664.2642642642643,51.43790640579129
uubar_to_ssbar,665.2402402402403,51.51552904603799
uubar_to_ssbar,666.2162162162163,51.59315178766259
uubar_to_ssbar,667.1921921921922,51.67077463023148
uubar_to_ssbar,668.1681681681682,51.74839757331348
uubar_to_ssbar,669.1441441441441,51.82602061648
uubar_to_ssbar,670.1201201201201,51.90364375930477
uubar_to_ssbar,671.0960960960961,51.98126700136378
uubar_to_ssbar,672.072072072072,52.058890342235664
uubar_to_ssbar,673.048048048048,52.136513781501314
uubar_to_ssbar,674.024024024024,52.214137318743965
uubar_to_ssbar,675.0,52.29176095354915
uubar_to_ssbar,675.975975975976,52.36938468550489
uubar_to_ssbar,676.951951951952,52.44700851420117
uubar_to_ssbar,677.927927927928,52.52463243923076
uubar_to_ssbar,678.9039039039039,52.60225646018825
uubar_to_ssbar,679.8798798798799,52.67988057667074
uubar_to_ssbar,680.8558558558559,52.75750478827749
uubar_to_ssbar,681.8318318318318,52.835129094609954
uubar_to_ssbar,682.8078078078078,52.91275349527187
uubar_to_ssbar,683.7837837837837,52.99037798986915
uubar_to_ssbar,684.7597597597597,53.068002578009896
uubar_to_ssbar,685.7357357357357,53.14562725930432
uubar_to_ssbar,686.7117117117117,53.22325203336489
uubar_to_ssbar,687.6876876876877,53.30087689980602
uubar_to_ssbar,688.6636636636637,53.3785018582445
uubar_to_ssbar,689.6396396396397,53.456126908299005
uubar_to_ssbar,690.6156156156156,53.53375204959041
uubar_to_ssbar,691.5915915915916,53.61137728174176
uubar_to_ssbar,692.5675675675676,53.689002604377855
uubar_to_ssbar,693.5435435435436,53.76662801712597
uubar_to_ssbar,694.5195195195195,53.84425351961505
uubar_to_ssbar,695.4954954954954,53.921879111476244
uubar_to_ssbar,696.4714714714714,53.99950479234265
uubar_to_ssbar,697.4474474474474,54.07713056184945
uubar_to_ssbar,698.4234234234234,54.15475641963371
uubar_to_ssbar,699.3993993993994,54.23238236533453
uubar_to_ssbar,700.3753753753754,54.31000839859282
uubar_to_ssbar,701.3513513513514,54.38763451905168
uubar_to_ssbar,702.3273273273273,54.46526072635596
uubar_to_ssbar,703.3033033033033,54.5428870201524
uubar_to_ssbar,704.2792792792793,54.62051340008982
uubar_to_ssbar,705.2552552552553,54.69813986581875
uubar_to_ssbar,706.2312312312313,54.77576641699174
uubar_to_ssbar,707.2072072072073,54.85339305326311
uubar_to_ssbar,708.1831831831831,54.931019774289005
uubar_to_ssbar,709.1591591591591,55.008646579727596
uubar_to_ssbar,710.1351351351351,55.08627346923865
uubar_to_ssbar,711.1111111111111,55.16390044248388
uubar_to_ssbar,712.0870870870871,55.24152749912683
uubar_to_ssbar,713.063063063063,55.31915463883272
uubar_to_ssbar,714.039039039039,55.396781861268664
uubar_to_ssbar,715.015015015015,55.47440916610346
uubar_to_ssbar,715.990990990991,55.55203655300773
uubar_to_ssbar,716.966966966967,55.62966402165377
uubar_to_ssbar,717.942942942943,55.707291571715714
uubar_to_ssbar,718.918918918919,55.78491920286933
uubar_to_ssbar,719.894894894895,55.862546914792134
uubar_to_ssbar,720.8708708708708,55.9401747071633
uubar_to_ssbar,721.8468468468468,56.01780257966367
uubar_to_ssbar,722.8228228228228,56.095430531976056
uubar_to_ssbar,723.7987987987988,56.17305856378447
uubar_to_ssbar,724.7747747747748,56.25068667477492
uubar_to_ssbar,725.7507507507507,56.32831486463484
uubar_to_ssbar,726.7267267267267,56.40594313305352
uubar_to_ssbar,727.7027027027027,56.483571479721846
uubar_to_ssbar,728.6786786786787,56.56119990433193
uubar_to_ssbar,729.6546546546547,56.63882840657804
uubar_to_ssbar,730.6306306306307,56.71645698615577
uubar_to_ssbar,731.6066066066066,56.79408564276227
uubar_to_ssbar,732.5825825825826,56.87171437609631
uubar_to_ssbar,733.5585585585585,56.94934318585819
uubar_to_ssbar,734.5345345345345,57.026972071749924
uubar_to_ssbar,735.5105105105105,57.10460103347475
uubar_to_ssbar,736.4864864864865,57.182230070737745
uubar_to_ssbar,737.4624624624624,57.25985918324539
uubar_to_ssbar,738.4384384384384,57.3374883707056
uubar_to_ssbar,739.4144144144144,57.41511763282797
uubar_to_ssbar,740.3903903903904,57.49274696932344
uubar_to_ssbar,741.3663663663664,57.57037637990441
uubar_to_ssbar,742.3423423423424,57.64800586428494
uubar_to_ssbar,743.3183183183183,57.72563542218045
uubar_to_ssbar,744.2942942942943,57.80326505330769
uubar_to_ssbar,745.2702702702703,57.880894757385086
uubar_to_ssbar,746.2462462462463,57.95852453413234
uubar_to_ssbar,747.2222222222222,58.03615438327064
uubar_to_ssbar,748.1981981981982,58.1137843045225
uubar_to_ssbar,749.1741741741741,58.1914142976122
uubar_to_ssbar,750.1501501501501,58.26904436226481
uubar_to_ssbar,751.1261261261261,58.34667449820735
uubar_to_ssbar,752.1021021021021,58.42430470516791
uubar_to_ssbar,753.0780780780781,58.50193498287622
uubar_to_ssbar,754.0540540540541,58.57956533106292
uubar_to_ssbar,755.03003003003,58.65719574946053
uubar_to_ssbar,756.006006006006,58.73482623780258
uubar_to_ssbar,756.981981981982,58.81245679582404
uubar_to_ssbar,757.957957957958,58.890087423261306
uubar_to_ssbar,758.933933933934,58.967718119851895
uubar_to_ssbar,759.9099099099099,59.04534888533491
uubar_to_ssbar,760.8858858858858,59.12297971945041
uubar_to_ssbar,761.8618618618618,59.20061062194015
uubar_to_ssbar,762.8378378378378,59.278241592546884
uubar_to_ssbar,763.8138138138138,59.35587263101465
uubar_to_ssbar,764.7897897897898,59.43350373708902
uubar_to_ssbar,765.7657657657658,59.511134910516574
uubar_to_ssbar,766.7417417417417,59.588766151045235
uubar_to_ssbar,767.7177177177177,59.66639745842426
uubar_to_ssbar,768.6936936936937,59.744028832404005
uubar_to_ssbar,769.6696696696697,59.82166027273616
uubar_to_ssbar,770.6456456456457,59.899291779173645
uubar_to_ssbar,771.6216216216217,59.97692335147048
uubar_to_ssbar,772.5975975975975,60.05455498938213
uubar_to_ssbar,773.5735735735735,60.132186692665115
uubar_to_ssbar,774.5495495495495,60.20981846107701
uubar_to_ssbar,775.5255255255255,60.287450294376974
uubar_to_ssbar,776.5015015015015,60.365082192324934
uubar_to_ssbar,777.4774774774775,60.442714154682314
uubar_to_ssbar,778.4534534534534,60.52034618121141
uubar_to_ssbar,779.4294294294294,60.59797827167602
uubar_to_ssbar,780.4054054054054,60.675610425840816
uubar_to_ssbar,781.3813813813814,60.753242643471744
uubar_to_ssbar,782.3573573573574,60.83087492433589
uubar_to_ssbar,783.3333333333334,60.90850726820138
uubar_to_ssbar,784.3093093093094,60.986139674837744
uubar_to_ssbar,785.2852852852853,61.06377214401519
uubar_to_ssbar,786.2612612612612,61.1414046755054
uubar_to_ssbar,787.2372372372372,61.21903726908103
uubar_to_ssbar,788.2132132132132,61.29666992451588
uubar_to_ssbar,789.1891891891892,61.374302641584826
uubar_to_ssbar,790.1651651651651,61.45193542006376
uubar_to_ssbar,791.1411411411411,61.529568259729814
uubar_to_ssbar,792.1171171171171,61.60720116036102
uubar_to_ssbar,793.0930930930931,61.68483412173657
uubar_to_ssbar,794.0690690690691,61.762467143636755
uubar_to_ssbar,795.0450450450451,61.84010022584284
uubar_to_ssbar,796.021021021021,61.917733368137256
uubar_to_ssbar,796.996996996997,61.99536657030319
uubar_to_ssbar,797.972972972973,62.072999832125184
uubar_to_ssbar,798.9489489489489,62.15063315338874
uubar_to_ssbar,799.9249249249249,62.22826653388035
uubar_to_ssbar,800.9009009009009,62.30589997338748
uubar_to_ssbar,801.8768768768768,62.38353347169868
uubar_to_ssbar,802.8528528528528,62.461167028603285
uubar_to_ssbar,803.8288288288288,62.53880064389204
uubar_to_ssbar,804.8048048048048,62.61643431735642
uubar_to_ssbar,805.7807807807808,62.69406804878886
uubar_to_ssbar,806.7567567567568,62.771701837982846
uubar_to_ssbar,807.7327327327328,62.84933568473294
uubar_to_ssbar,808.7087087087087,62.9269695888345
uubar_to_ssbar,809.6846846846847,63.004603550083836
uubar_to_ssbar,810.6606606606607,63.082237568278515
uubar_to_ssbar,811.6366366366366,63.15987164321671
uubar_to_ssbar,812.6126126126126,63.23750577469768
uubar_to_ssbar,813.5885885885886,63.31513996252173
uubar_to_ssbar,814.5645645645645,63.39277420648993
uubar_to_ssbar,815.5405405405405,63.470408506404425
uubar_to_ssbar,816.5165165165165,63.54804286206812
uubar_to_ssbar,817.4924924924925,63.62567727328491
uubar_to_ssbar,818.4684684684685,63.703311739859785
uubar_to_ssbar,819.4444444444445,63.7809462615985
uubar_to_ssbar,820.4204204204204,63.85858083830749
uubar_to_ssbar,821.3963963963964,63.9362154697946
uubar_to_ssbar,822.3723723723724,64.013850155868
uubar_to_ssbar,823.3483483483484,64.09148489633723
uubar_to_ssbar,824.3243243243244,64.16911969101243
uubar_to_ssbar,825.3003003003003,64.24675453970477
uubar_to_ssbar,826.2762762762762,64.32438944222612
uubar_to_ssbar,827.2522522522522,64.40202439838951
uubar_to_ssbar,828.2282282282282,64.47965940800844
uubar_to_ssbar,829.2042042042042,64.55729447089769
uubar_to_ssbar,830.1801801801802,64.6349295868726
uubar_to_ssbar,831.1561561561562,64.71256475574926
uubar_to_ssbar,832.1321321321321,64.79019997734507
uubar_to_ssbar,833.1081081081081,64.86783525147787
uubar_to_ssbar,834.0840840840841,64.94547057796647
uubar_to_ssbar,835.0600600600601,65.02310595663045
uubar_to_ssbar,836.0360360360361,65.10074138729041
uubar_to_ssbar,837.0120120120121,65.17837686976742
uubar_to_ssbar,837.9879879879879,65.2560124038837
uubar_to_ssbar,838.9639639639639,65.33364798946215
uubar_to_ssbar,839.9399399399399,65.41128362632648
uubar_to_ssbar,840.9159159159159,65.48891931430109
uubar_to_ssbar,841.8918918918919,65.56655505321143
uubar_to_ssbar,842.8678678678679,65.6441908428835
uubar_to_ssbar,843.8438438438438,65.72182668314426
uubar_to_ssbar,844.8198198198198,65.79946257382132
uubar_to_ssbar,845.7957957957958,65.8770985147433
uubar_to_ssbar,846.7717717717718,65.95473450573915
uubar_to_ssbar,847.7477477477478,66.03237054663902
uubar_to_ssbar,848.7237237237238,66.11000663727383
uubar_to_ssbar,849.6996996996997,66.18764277747485
uubar_to_ssbar,850.6756756756756,66.26527896707444
uubar_to_ssbar,851.6516516516516,66.34291520590581
uubar_to_ssbar,852.6276276276276,66.4205514938026
uubar_to_ssbar,853.6036036036036,66.49818783059936
uubar_to_ssbar,854.5795795795796,66.57582421613138
uubar_to_ssbar,855.5555555555555,66.65346065023469
uubar_to_ssbar,856.5315315315315,66.73109713274606
uubar_to_ssbar,857.5075075075075,66.80873366350292
uubar_to_ssbar,858.4834834834835,66.88637024234349
uubar_to_ssbar,859.4594594594595,66.96400686910678
uubar_to_ssbar,860.4354354354355,67.04164354363226
uubar_to_ssbar,861.4114114114114,67.11928026576047
uubar_to_ssbar,862.3873873873874,67.19691703533243
uubar_to_ssbar,863.3633633633634,67.27455385218975
uubar_to_ssbar,864.3393393393393,67.35219071617512
uubar_to_ssbar,865.3153153153153,67.42982762713169
uubar_to_ssbar,866.2912912912913,67.50746458490312
uubar_to_ssbar,867.2672672672672,67.58510158933419
uubar_to_ssbar,868.2432432432432,67.66273864026996
uubar_to_ssbar,869.2192192192192,67.74037573755653
uubar_to_ssbar,870.1951951951952,67.81801288104032
uubar_to_ssbar,871.1711711711712,67.89565007056873
uubar_to_ssbar,872.1471471471472,67.97328730598966
uubar_to_ssbar,873.1231231231232,68.05092458715174
uubar_to_ssbar,874.0990990990991,68.12856191390426
uubar_to_ssbar,875.0750750750751,68.20619928609705
uubar_to_ssbar,876.0510510510511,68.28383670358082
uubar_to_ssbar,877.027027027027,68.36147416620695
uubar_to_ssbar,878.003003003003,68.43911167382697
uubar_to_ssbar,878.978978978979,68.51674922629367
uubar_to_ssbar,879.9549549549549,68.59438682346023
uubar_to_ssbar,880.9309309309309,68.67202446518034
uubar_to_ssbar,881.9069069069069,68.74966215130871
uubar_to_ssbar,882.8828828828829,68.82729988170007
uubar_to_ssbar,883.8588588588589,68.90493765621049
uubar_to_ssbar,884.8348348348349,68.98257547469609
uubar_to_ssbar,885.8108108108108,69.06021333701395
uubar_to_ssbar,886.7867867867868,69.13785124302163
uubar_to_ssbar,887.7627627627628,69.21548919257735
uubar_to_ssbar,888.7387387387388,69.29312718553977
uubar_to_ssbar,889.7147147147147,69.37076522176845
uubar_to_ssbar,890.6906906906906,69.44840330112342
uubar_to_ssbar,891.6666666666666,69.52604142346533
uubar_to_ssbar,892.6426426426426,69.60367958865525
uubar_to_ssbar,893.6186186186186,69.68131779655523
uubar_to_ssbar,894.5945945945946,69.75895604702751
uubar_to_ssbar,895.5705705705706,69.83659433993516
uubar_to_ssbar,896.5465465465466,69.91423267514179
uubar_to_ssbar,897.5225225225225,69.99187105251139
uubar_to_ssbar,898.4984984984985,70.06950947190903
uubar_to_ssbar,899.4744744744745,70.14714793319975
uubar_to_ssbar,900.4504504504505,70.22478643624957
uubar_to_ssbar,901.4264264264265,70.30242498092505
uubar_to_ssbar,902.4024024024025,70.3800635670932
uubar_to_ssbar,903.3783783783783,70.4577021946214
uubar_to_ssbar,904.3543543543543,70.53534086337805
uubar_to_ssbar,905.3303303303303,70.61297957323181
uubar_to_ssbar,906.3063063063063,70.69061832405204
uubar_to_ssbar,907.2822822822823,70.76825711570848
uubar_to_ssbar,908.2582582582583,70.84589594807154
uubar_to_ssbar,909.2342342342342,70.92353482101223
uubar_to_ssbar,910.2102102102102,71.00117373440179
uubar_to_ssbar,911.1861861861862,71.0788126881125
uubar_to_ssbar,912.1621621621622,71.15645168201686
uubar_to_ssbar,913.1381381381382,71.2340907159878
uubar_to_ssbar,914.1141141141142,71.31172978989906
uubar_to_ssbar,915.0900900900901,71.38936890362487
uubar_to_ssbar,916.066066066066,71.46700805703978
uubar_to_ssbar,917.042042042042,71.54464725001904
uubar_to_ssbar,918.018018018018,71.6222864824384
uubar_to_ssbar,918.993993993994,71.69992575417413
uubar_to_ssbar,919.96996996997,71.77756506510292
uubar_to_ssbar,920.9459459459459,71.85520441510207
uubar_to_ssbar,921.9219219219219,71.93284380404953
uubar_to_ssbar,922.8978978978979,72.01048323182322
uubar_to_ssbar,923.8738738738739,72.08812269830239
uubar_to_ssbar,924.8498498498499,72.16576220336599
uubar_to_ssbar,925.8258258258259,72.243401746894
uubar_to_ssbar,926.8018018018018,72.32104132876663
uubar_to_ssbar,927.7777777777778,72.39868094886477
uubar_to_ssbar,928.7537537537537,72.4763206070697
uubar_to_ssbar,929.7297297297297,72.55396030326322
uubar_to_ssbar,930.7057057057057,72.63160003732749
uubar_to_ssbar,931.6816816816817,72.7092398091453
uubar_to_ssbar,932.6576576576576,72.78687961859997
uubar_to_ssbar,933.6336336336336,72.86451946557528
uubar_to_ssbar,934.6096096096096,72.94215934995525
uubar_to_ssbar,935.5855855855856,73.01979927162448
uubar_to_ssbar,936.5615615615616,73.09743923046835
uubar_to_ssbar,937.5375375375376,73.1750792263724
uubar_to_ssbar,938.5135135135135,73.25271925922266
uubar_to_ssbar,939.4894894894895,73.33035932890567
uubar_to_ssbar,940.4654654654655,73.40799943530855
uubar_to_ssbar,941.4414414414415,73.48563957831863
uubar_to_ssbar,942.4174174174174,73.56327975782398
uubar_to_ssbar,943.3933933933934,73.6409199737129
uubar_to_ssbar,944.3693693693693,73.71856022587421
uubar_to_ssbar,945.3453453453453,73.79620051419725
uubar_to_ssbar,946.3213213213213,73.87384083857188
uubar_to_ssbar,947.2972972972973,73.95148119888805
uubar_to_ssbar,948.2732732732733,74.02912159503656
uubar_to_ssbar,949.2492492492493,74.1067620269084
uubar_to_ssbar,950.2252252252252,74.18440249439514
uubar_to_ssbar,951.2012012012012,74.26204299738885
uubar_to_ssbar,952.1771771771772,74.3396835357815
uubar_to_ssbar,953.1531531531532,74.41732410946645
uubar_to_ssbar,954.1291291291292,74.4949647183367
uubar_to_ssbar,955.105105105105,74.57260536228584
uubar_to_ssbar,956.081081081081,74.65024604120826
uubar_to_ssbar,957.057057057057,74.72788675499821
uubar_to_ssbar,958.033033033033,74.8055275035508
uubar_to_ssbar,959.009009009009,74.88316828676142
uubar_to_ssbar,959.984984984985,74.9608091045259
uubar_to_ssbar,960.960960960961,75.03844995674042
uubar_to_ssbar,961.936936936937,75.11609084330146
uubar_to_ssbar,962.9129129129129,75.19373176410623
uubar_to_ssbar,963.8888888888889,75.27137271905231
uubar_to_ssbar,964.8648648648649,75.34901370803733
uubar_to_ssbar,965.8408408408409,75.42665473095973
uubar_to_ssbar,966.8168168168169,75.50429578771795
uubar_to_ssbar,967.7927927927927,75.58193687821131
uubar_to_ssbar,968.7687687687687,75.65957800233919
uubar_to_ssbar,969.7447447447447,75.73721916000147
uubar_to_ssbar,970.7207207207207,75.81486035109852
uubar_to_ssbar,971.6966966966967,75.89250157553077
uubar_to_ssbar,972.6726726726727,75.97014283319957
uubar_to_ssbar,973.6486486486486,76.0477841240062
uubar_to_ssbar,974.6246246246246,76.12542544785238
uubar_to_ssbar,975.6006006006006,76.20306680464066
uubar_to_ssbar,976.5765765765766,76.28070819427346
uubar_to_ssbar,977.5525525525526,76.3583496166538
uubar_to_ssbar,978.5285285285286,76.43599107168505
uubar_to_ssbar,979.5045045045046,76.51363255927092
uubar_to_ssbar,980.4804804804805,76.59127407931572
uubar_to_ssbar,981.4564564564564,76.6689156317237
uubar_to_ssbar,982.4324324324324,76.7465572163999
uubar_to_ssbar,983.4084084084084,76.82419883324954
uubar_to_ssbar,984.3843843843844,76.90184048217829
uubar_to_ssbar,985.3603603603603,76.9794821630921
uubar_to_ssbar,986.3363363363363,77.05712387589736
uubar_to_ssbar,987.3123123123123,77.13476562050064
uubar_to_ssbar,988.2882882882883,77.21240739680924
uubar_to_ssbar,989.2642642642643,77.2900492047306
uubar_to_ssbar,990.2402402402403,77.36769104417237
uubar_to_ssbar,991.2162162162163,77.44533291504271
uubar_to_ssbar,992.1921921921922,77.52297481725036
uubar_to_ssbar,993.1681681681682,77.60061675070402
uubar_to_ssbar,994.1441441441441,77.67825871531296
uubar_to_ssbar,995.1201201201201,77.75590071098674
uubar_to_ssbar,996.0960960960961,77.83354273763531
uubar_to_ssbar,997.072072072072,77.91118479516898
uubar_to_ssbar,998.048048048048,77.98882688349832
uubar_to_ssbar,999.024024024024,78.06646900253435
uubar_to_ssbar,1000.0,78.14411115218819
