xi,mu_MeV,T_crossover_MeV,rho,method,converged,derivative,variable,curve_parameter,plot_order_key
-0.5,0.0,180.9861099160881,0.0,peak,true,19.10001589404174,phi_u,0.0,0.0
-0.5,13.481993463323903,180.8425787352692,0.247531197029736,peak,true,19.150164262988316,phi_u,13.481993463323903,13.481993463323903
-0.5,26.963986926647806,180.4026201299994,0.4920111191834408,peak,true,19.30388803300227,phi_u,26.963986926647806,26.963986926647806
-0.5,40.44598038997171,179.67559916309168,0.7307139679691248,peak,true,19.571366320209144,phi_u,40.44598038997171,40.44598038997171
-0.5,53.92797385329561,178.64567967248277,0.9601139849541398,peak,true,19.97122833988945,phi_u,53.92797385329561,53.92797385329561
-0.5,67.40996731661951,177.32580385667342,1.1780209607325418,peak,true,20.53340782800538,phi_u,67.40996731661951,67.40996731661951
-0.5,80.89196077994342,175.70950061641312,1.3815452137887398,peak,true,21.30435300959016,phi_u,80.89196077994342,80.89196077994342
-0.5,94.37395424326733,173.7938759881394,1.5680796747775263,peak,true,22.35638959107708,phi_u,94.37395424326733,94.37395424326733
-0.5,107.85594770659122,171.5731420447271,1.7348363078881903,peak,true,23.805373229045788,phi_u,107.85594770659122,107.85594770659122
-0.5,121.33794116991513,169.04014451480055,1.8788157138316017,peak,true,25.846058563658445,phi_u,121.33794116991513,121.33794116991513
-0.5,134.81993463323903,166.20493163329797,2.0000524499527166,peak,true,28.82982992659089,phi_u,134.81993463323903,134.81993463323903
-0.5,148.30192809656293,163.05813833740638,2.096563743785602,peak,true,33.458521213210545,phi_u,148.30192809656293,148.30192809656293
-0.5,161.78392155988683,159.58392846506246,2.164736999603092,peak,true,41.36648052927695,phi_u,161.78392155988683,161.78392155988683
-0.5,175.26591502321074,155.7988213504547,2.2124318642917613,peak,true,57.44933485894404,phi_u,175.26591502321074,175.26591502321074
-0.5,188.74790848653467,151.65888564308088,2.232780025761536,peak,true,106.21535148391132,phi_u,188.74790848653467,188.74790848653467
-0.5,202.22990194985857,147.14173344409636,2.317266127430955,peak,true,1198.527401863538,phi_u,202.22990194985857,202.22990194985857
-0.25,0.0,191.81283763085037,0.0,peak,true,12.424787843657331,phi_u,0.0,0.0
-0.25,16.932465606360804,191.5839809684983,0.3069711655277033,peak,true,12.448371175762722,phi_u,16.932465606360804,16.932465606360804
-0.25,33.86493121272161,190.92597236963536,0.6089911852451856,peak,true,12.521059682780562,phi_u,33.86493121272161,33.86493121272161
-0.25,50.797396819082415,189.8110247078102,0.9005679294772115,peak,true,12.648915937346667,phi_u,50.797396819082415,50.797396819082415
-0.25,67.72986242544322,188.25303154624845,1.1771177423724424,peak,true,12.843060196438973,phi_u,67.72986242544322,67.72986242544322
-0.25,84.66232803180404,186.2380993217245,1.4334054628753257,peak,true,13.121419742473895,phi_u,84.66232803180404,84.66232803180404
-0.25,101.59479363816483,183.75156020927088,1.663914401099017,peak,true,13.511954745036553,phi_u,101.59479363816483,101.59479363816483
-0.25,118.52725924452565,180.80152238311314,1.8649434487821313,peak,true,14.058444397576382,phi_u,118.52725924452565,118.52725924452565
-0.25,135.45972485088643,177.37003819291286,2.031260330381679,peak,true,14.83121160364894,phi_u,135.45972485088643,135.45972485088643
-0.25,152.39219045724727,173.45382781329914,2.1591046340357756,peak,true,15.94848144248531,phi_u,152.39219045724727,152.39219045724727
-0.25,169.32465606360807,169.05289124427196,2.2458740486827593,peak,true,17.622460653453746,phi_u,169.32465606360807,169.32465606360807
-0.25,186.25712166996885,164.16722848583126,2.2902947932812783,peak,true,20.272340869390767,phi_u,186.25712166996885,186.25712166996885
-0.25,203.18958727632966,158.80339918871903,2.2952405303527836,peak,true,24.8582106616104,phi_u,203.18958727632966,203.18958727632966
-0.25,220.1220528826905,152.9450042260804,2.267195956338746,peak,true,34.20823582980078,phi_u,220.1220528826905,220.1220528826905
-0.25,237.0545184890513,146.50790795681993,2.2129263324100825,peak,true,62.30995952328162,phi_u,237.0545184890513,237.0545184890513
-0.25,253.98698409541208,139.29509493214945,2.042750542927048,peak,true,1723.1168633581399,phi_u,253.98698409541208,253.98698409541208
0.0,0.0,200.15640379304457,0.0,peak,true,9.717598737892876,phi_u,0.0,0.0
0.0,19.41369989632233,199.87771779823203,0.34897489697892614,peak,true,9.731190788722223,phi_u,19.41369989632233,19.41369989632233
0.0,38.82739979264466,199.02347622586856,0.690971724296509,peak,true,9.77341363753822,phi_u,38.82739979264466,38.82739979264466
0.0,58.241099688967,197.59715183222937,1.0191121979421318,peak,true,9.848802681349131,phi_u,58.241099688967,58.241099688967
0.0,77.65479958528933,195.59874461731437,1.3268903198611957,peak,true,9.965727697873938,phi_u,77.65479958528933,77.65479958528933
0.0,97.06849948161165,193.0031254806476,1.6069711156204094,peak,true,10.137804944760582,phi_u,97.06849948161165,97.06849948161165
0.0,116.482199377934,189.7878182714779,1.8518082577801966,peak,true,10.386536342667831,phi_u,116.482199377934,116.482199377934
0.0,135.89589927425632,185.95282298980533,2.055483232918249,peak,true,10.746074551040818,phi_u,135.89589927425632,135.89589927425632
0.0,155.30959917057865,181.4764832914289,2.211120668862259,peak,true,11.272157495025041,phi_u,155.30959917057865,155.30959917057865
0.0,174.72329906690098,176.33632302559764,2.3116942667221285,peak,true,12.059723321726548,phi_u,174.72329906690098,174.72329906690098
0.0,194.1369989632233,170.54358026768693,2.3539413254596115,peak,true,13.279825417072107,phi_u,194.1369989632233,194.1369989632233
0.0,213.55069885954566,164.13114943727336,2.3397771848317532,peak,true,15.265129199038128,phi_u,213.55069885954566,213.55069885954566
0.0,232.964398755868,157.13969027303378,2.280085213204209,peak,true,18.74732371057965,phi_u,232.964398755868,232.964398755868
0.0,252.37809865219032,149.5285430362913,2.19277272401168,peak,true,25.780150454596388,phi_u,252.37809865219032,252.37809865219032
0.0,271.79179854851265,141.00431090058268,2.080843759160575,peak,true,46.27249488415057,phi_u,271.79179854851265,271.79179854851265
0.0,291.205498444835,130.99532094790726,1.8696238914119074,peak,true,2055.1510992759313,phi_u,291.205498444835,291.205498444835
0.25,0.0,207.05652436270933,0.0,peak,true,8.210320389120172,phi_u,0.0,0.0
0.25,21.454992418604817,206.71804113844408,0.38299496862789834,peak,true,8.218711038036284,phi_u,21.454992418604817,21.454992418604817
0.25,42.909984837209635,205.70350236181497,0.7575208387842728,peak,true,8.24506839884083,phi_u,42.909984837209635,42.909984837209635
0.25,64.36497725581445,204.0090494147388,1.1152527576777267,peak,true,8.293142696060869,phi_u,64.36497725581445,64.36497725581445
0.25,85.81996967441927,201.60585017829743,1.4471797010805358,peak,true,8.369890857746547,phi_u,85.81996967441927,85.81996967441927
0.25,107.2749620930241,198.48141790207345,1.7447200442599793,peak,true,8.486777554583808,phi_u,107.2749620930241,107.2749620930241
0.25,128.7299545116289,194.61077908523242,1.9990269855200133,peak,true,8.66220140482789,phi_u,128.7299545116289,128.7299545116289
0.25,150.18494693023374,189.94671941460595,2.1998329246372395,peak,true,8.926023951655173,phi_u,150.18494693023374,150.18494693023374
0.25,171.63993934883854,184.4719826255263,2.338718971632413,peak,true,9.328297407524968,phi_u,171.63993934883854,171.63993934883854
0.25,193.09493176744334,178.14139123057473,2.4049816903737407,peak,true,9.956632905654285,phi_u,193.09493176744334,193.09493176744334
0.25,214.5499241860482,170.9799187305858,2.3940944725635434,peak,true,10.97135587111666,phi_u,214.5499241860482,214.5499241860482
0.25,236.004916604653,163.10493042698127,2.3161061194284445,peak,true,12.675520498431691,phi_u,236.004916604653,236.004916604653
0.25,257.4599090232578,154.65195878201752,2.2027653434910315,peak,true,15.66840387619613,phi_u,257.4599090232578,257.4599090232578
0.25,278.91490144186264,145.42191165176905,2.079973610843466,peak,true,21.431314443441984,phi_u,278.91490144186264,278.91490144186264
0.25,300.36989386046747,134.63883948053382,1.9361457445769175,peak,true,36.80396385362468,phi_u,300.36989386046747,300.36989386046747
0.25,321.82488627907225,120.81884980270354,1.66988790506358,peak,true,1360.0588784903732,phi_u,321.82488627907225,321.82488627907225
0.5,0.0,212.99459762095358,0.0,peak,true,7.23322821222294,phi_u,0.0,0.0
0.5,23.22276811897406,212.60977932384446,0.41230859586019764,peak,true,7.238410572299208,phi_u,23.22276811897406,23.22276811897406
0.5,46.44553623794812,211.44854467210902,0.8147678529426187,peak,true,7.254981265115775,phi_u,46.44553623794812,46.44553623794812
0.5,69.66830435692218,209.49887625237943,1.197425647627617,peak,true,7.286191956839976,phi_u,69.66830435692218,69.66830435692218
0.5,92.89107247589624,206.73075971967577,1.5497926029440372,peak,true,7.338123909453437,phi_u,92.89107247589624,92.89107247589624
0.5,116.1138405948703,203.11886542824243,1.8614324744543327,peak,true,7.420920459842496,phi_u,116.1138405948703,116.1138405948703
0.5,139.33660871384436,198.62116161973165,2.121270575056736,peak,true,7.551159120779307,phi_u,139.33660871384436,139.33660871384436
0.5,162.5593768328184,193.17786689261177,2.316996404440379,peak,true,7.756438783337714,phi_u,162.5593768328184,162.5593768328184
0.5,185.78214495179247,186.7216198427794,2.435061526271765,peak,true,8.084604947708778,phi_u,185.78214495179247,185.78214495179247
0.5,209.00491307076655,179.1892491884989,2.460768293070324,peak,true,8.622807320136952,phi_u,209.00491307076655,209.00491307076655
0.5,232.2276811897406,170.62069162693413,2.3870924315733095,peak,true,9.534655614514495,phi_u,232.2276811897406,232.2276811897406
0.5,255.45044930871467,161.32662429068267,2.2429016791522915,peak,true,11.10886851286385,phi_u,255.45044930871467,255.45044930871467
0.5,278.6732174276887,151.63442642493408,2.103820043610006,peak,true,13.77609589301842,phi_u,278.6732174276887,278.6732174276887
0.5,301.89598554666276,140.78882119845008,1.9720118069645054,peak,true,18.314412544273353,phi_u,301.89598554666276,301.89598554666276
0.5,325.1187536656368,127.08555098117915,1.7921888665172854,peak,true,28.31764900463167,phi_u,325.1187536656368,325.1187536656368
0.5,348.3415217846109,107.00279370506723,1.6135875992438173,peak,true,1135.2908016517067,phi_u,348.3415217846109,348.3415217846109
