m_fm,g_fixed_fm,m_MeV,residual_re,residual_im,residual_norm,log10_residual_norm
2.2,2.654724517529074,434.11935688000005,0.14925642243908904,0.08746519462840802,0.17299606906141277,-0.7619637651043428
2.21,2.654724517529074,436.092626684,0.14835793480890852,0.08830679535624295,0.1726504182643463,-0.7628323651878108
2.22,2.654724517529074,438.065896488,0.1474439423769917,0.08916327173975372,0.1723072986585502,-0.7636963261503488
2.23,2.654724517529074,440.039166292,0.14651387373145516,0.09003528687356234,0.1719670552117511,-0.7645547455934243
2.24,2.654724517529074,442.01243609600004,0.14556711657878152,0.09092355508793212,0.17163006234016462,-0.7654066397684446
2.25,2.654724517529074,443.98570589999997,0.14460301330347783,0.09182884775182146,0.17129672716042474,-0.7662509346979233
2.26,2.654724517529074,445.95897570399995,0.14362085586578263,0.09275199995789135,0.17096749321379368,-0.7670864560400159
2.27,2.654724517529074,447.932245508,0.14261987991138117,0.0936939182600178,0.17064284475140376,-0.7679119174652209
2.28,2.654724517529074,449.905515312,0.1415992579374551,0.09465558967431464,0.17032331168994502,-0.7687259072608654
2.29,2.654724517529074,451.878785116,0.14055809132138522,0.09563809220666125,0.1700094753737,-0.7695268728109413
2.3,2.654724517529074,453.85205491999994,0.13949540096924073,0.0966426072371001,0.1697019753130577,-0.7703131025110324
2.31,2.654724517529074,455.825324724,0.138410116276934,0.09767043417962343,0.169401517114312,-0.7710827045636132
2.32,2.654724517529074,457.79859452799997,0.13730106201213585,0.09872300795237457,0.16910888187444498,-0.7718335819483167
2.33,2.654724517529074,459.771864332,0.13616694261192616,0.09980191994897304,0.16882493739309018,-0.7725634026611814
2.34,2.654724517529074,461.745134136,0.13500632323845263,0.1009089434121683,0.16855065165974809,-0.7732695640466843
2.35,2.654724517529074,463.71840394000003,0.13381760672605397,0.10204606439932634,0.16828710921897821,-0.7739491496776405
2.36,2.654724517529074,465.69167374399996,0.13259900526374152,0.10321551992966807,0.16803553121672052,-0.7745988767277467
2.37,2.654724517529074,467.664943548,0.13134850524918726,0.10441984546790498,0.16779730021289654,-0.7752150310643735
2.38,2.654724517529074,469.638213352,0.13006382316648946,0.10566193470887693,0.16757399124896086,-0.7757933862641094
2.39,2.654724517529074,471.611483156,0.12874234948817437,0.10694511581129995,0.1673674112473142,-0.776329101260787
2.4,2.654724517529074,473.58475295999995,0.12738107633334067,0.10827324999405831,0.16717964969492013,-0.7768165891164599
2.41,2.654724517529074,475.55802276400004,0.1259765026806238,0.109650861103044,0.1670131448966825,-0.7772493460294676
2.42,2.654724517529074,477.53129256799997,0.12452450791121758,0.11108330897739355,0.1668707721678604,-0.7776197244220069
2.43,2.654724517529074,479.504562372,0.12302017958790165,0.11257702625255281,0.1667559636885816,-0.7779186254730073
2.44,2.654724517529074,481.477832176,0.12145757326644079,0.11413984959516582,0.1666728753258307,-0.7781350723664834
2.45,2.654724517529074,483.45110198000003,0.11982936809576948,0.11578149605952215,0.1666266253874589,-0.7782556011588109
2.46,2.654724517529074,485.42437178399996,0.11812635652885536,0.11751427099160984,0.1666236477618701,-0.7782633620908587
2.47,2.654724517529074,487.39764158800006,0.11633665784061469,0.11935416233850621,0.16667223531545602,-0.7781367400254063
2.48,2.654724517529074,489.370911392,0.11444444593118289,0.1213226160822562,0.16678341757362442,-0.777847131241875
2.49,2.654724517529074,491.344181196,0.11242776243766994,0.12344959738612687,0.16697246737572627,-0.7773551351552682
2.5,2.654724517529074,493.317451,0.11025444812482804,0.12577930306142773,0.16726170036780352,-0.7766034925291033
2.51,2.654724517529074,495.29072080399993,0.10787371253376539,0.12838203467626344,0.1676862686192127,-0.7755024991533906
2.52,2.654724517529074,497.263990608,0.10519569638269756,0.1313830736757258,0.16830818930141778,-0.7738947522244748
2.53,2.654724517529074,499.23726041199996,0.10202744875108691,0.13505343502285688,0.16926024521466548,-0.771445034279264
2.54,2.654724517529074,501.210530216,0.09772570947843504,0.14030390391981498,0.17098391663605136,-0.7670447389921516
2.55,2.654724517529074,503.18380002,0.08498655704266869,0.14286795184003315,0.16623467310080894,-0.7792783862930963
2.56,2.654724517529074,505.157069824,0.07885583790323739,0.13933647692738427,0.1601027700383636,-0.795601154014686
2.57,2.654724517529074,507.13033962799994,0.07435132638619493,0.13690530716593768,0.15579211425995296,-0.8074545288204612
2.58,2.654724517529074,509.103609432,0.07050243540674381,0.1349038984979961,0.15221581793046254,-0.8175402143002438
2.59,2.654724517529074,511.07687923599997,0.06703303915904425,0.13314291389580984,0.149065300655669,-0.8266234396294668
2.6,2.654724517529074,513.0501490400001,0.06381800312001079,0.13153711359057096,0.14620105941464473,-0.8350494803448666
2.61,2.654724517529074,515.0234188439999,0.060788116867694836,0.1300396409060538,0.14354617152434246,-0.843008385947165
2.62,2.654724517529074,516.996688648,0.05790040052062682,0.12862156492189764,0.1410530515210746,-0.8506175139437174
2.63,2.654724517529074,518.969958452,0.055126036678007154,0.127263592460458,0.13868994875536778,-0.8579550123099544
2.64,2.654724517529074,520.943228256,0.05244461611068334,0.12595212837683792,0.13643451323493042,-0.8650757542287757
2.65,2.654724517529074,522.91649806,0.04984107718198403,0.12467718649934306,0.13427037576491868,-0.872019795678292
2.66,2.654724517529074,524.889767864,0.04730394222690814,0.12343118946747898,0.1321851787590551,-0.8788172373163805
2.67,2.654724517529074,526.863037668,0.04482423680745139,0.122208235480607,0.1301693705318343,-0.885491195291034
2.68,2.654724517529074,528.836307472,0.04239479427942725,0.12100362787799268,0.12821543020101242,-0.8920597061128009
2.69,2.654724517529074,530.809577276,0.04000979013258214,0.1198135610851939,0.12631734926908797,-0.8985369964409179
2.7,2.654724517529074,532.78284708,0.03766441970090709,0.11863490389895451,0.12447027329655964,-0.9049343568797612
2.71,2.654724517529074,534.756116884,0.03535466877967814,0.11746504570208768,0.12267024727420377,-0.9112607592901658
2.72,2.654724517529074,536.729386688,0.03307714641164262,0.11630178469023485,0.12091403035574898,-0.9175233025093982
2.73,2.654724517529074,538.702656492,0.030828960438009603,0.11514324493042644,0.11919895827899057,-0.9237275400291965
2.74,2.654724517529074,540.6759262960001,0.028607623180596398,0.11398781368668154,0.11752283936798251,-0.9298777244765595
2.75,2.654724517529074,542.6491961,0.026410978805427514,0.11283409329527028,0.1158838746816247,-0.935976992198719
2.76,2.654724517529074,544.6224659039999,0.0242371465810231,0.11168086368158181,0.11428059584660057,-0.9420275039191854
2.77,2.654724517529074,546.595735708,0.022084475984243727,0.1105270527906064,0.11271181605349162,-0.9480305526510201
2.78,2.654724517529074,548.569005512,0.019951510769599674,0.10937171299070231,0.11117659099158425,-0.9539866468673633
2.79,2.654724517529074,550.542275316,0.0178369599118124,0.10821400204709614,0.10967418738219367,-0.9598955747642447
2.8,2.654724517529074,552.51554512,0.01573967388349654,0.10705316763424955,0.10820405738458035,-0.9657564539549891
2.81,2.654724517529074,554.488814924,0.013658625120305416,0.1058885346193892,0.10676581758230778,-0.9715677698877299
2.82,2.654724517529074,556.4620847279999,0.011592891806353145,0.10471949453821564,0.1053592315688245,-0.9773274055352271
2.83,2.654724517529074,558.435354532,0.009541644317005226,0.10354549682104466,0.10398419537693797,-0.9830326643760198
2.84,2.654724517529074,560.408624336,0.007504133806881939,0.10236604142873015,0.10264072516296875,-0.9886802883053484
2.85,2.654724517529074,562.38189414,0.005479682543455168,0.10118067263309172,0.10132894667991928,-0.9942664718405948
2.86,2.654724517529074,564.355163944,0.0034676756716032924,0.09998897373336657,0.10004908616681764,-0.9997868737895985
2.87,2.654724517529074,566.3284337480001,0.0014675541592754247,0.09879056254346243,0.09880146235185068,-1.0052366274099491
2.88,2.654724517529074,568.3017035519999,-0.0003181539224879215,-0.00031560487510381985,0.00044813876822224173,-3.348587483900615
2.89,2.654724517529074,570.274973356,-0.0016689808573115486,-0.0016648862965409766,0.002357401850020976,-2.6275663799826336
2.9,2.654724517529074,572.24824316,-0.0030172502076224036,-0.003026721391964457,0.0042737385507273015,-2.3691920496613017
2.91,2.654724517529074,574.221512964,-0.004362891415219519,-0.004401134152301041,0.006197160908637663,-2.2078072272929252
2.92,2.654724517529074,576.194782768,-0.005705833671102471,-0.005788148523780706,0.008127681170889484,-2.0900333410393843
2.93,2.654724517529074,578.168052572,-0.007046005913004789,-0.007187788408495807,0.010065311795041679,-1.997172767345745
2.94,2.654724517529074,580.141322376,-0.008383336822881777,-0.008600077665121275,0.01201006545077933,-1.92045462583316
2.95,2.654724517529074,582.11459218,-0.009717754824353554,-0.010025040109784021,0.013961955021737651,-1.8550537654015795
2.96,2.654724517529074,584.087861984,-0.01104918808009527,-0.011462699517058916,0.01592099360742608,-1.7980298320281982
2.97,2.654724517529074,586.061131788,-0.0123775644891796,-0.012913079621083602,0.0178871945252531,-1.7474577699829572
2.98,2.654724517529074,588.034401592,-0.013702811684362685,-0.014376204116779187,0.01986057131263865,-1.7020082626705635
2.99,2.654724517529074,590.007671396,-0.015024857029318927,-0.015852096661166826,0.02184113772921298,-1.6607247424943372
3.0,2.654724517529074,591.9809412,-0.01634362761581697,-0.01734078087477265,0.02382890775909328,-1.622895863867139
3.01,2.654724517529074,593.954211004,-0.017659050260840463,-0.018842280343114606,0.025823895613237998,-1.5879782424833624
3.02,2.654724517529074,595.927480808,-0.018971051503648494,-0.02035661861826522,0.027826115731872925,-1.5555474129238545
3.03,2.654724517529074,597.9007506119999,-0.02027955760277714,-0.021883819220483294,0.02983558278698692,-1.5252654745384828
3.04,2.654724517529074,599.874020416,-0.021584494532978817,-0.023423905639914026,0.03185231168489641,-1.496859043216776
3.05,2.654724517529074,601.84729022,-0.022885787982099066,-0.024976901338348678,0.033876317568873895,-1.4701038045525598
3.06,2.654724517529074,603.820560024,-0.024183363347890834,-0.026542829751045726,0.03590761582184353,-1.4448134300115394
3.07,2.654724517529074,605.793829828,-0.025477145734761585,-0.02812171428860578,0.037946222069136934,-1.4208314560320054
3.08,2.654724517529074,607.767099632,-0.026767059950455793,-0.02971357833890271,0.03999215218131431,-1.3980252236404607
3.09,2.654724517529074,609.7403694359999,-0.02805303050266948,-0.03131844526906377,0.04204542227704518,-1.3762812813890604
3.1,2.654724517529074,611.71363924,-0.029334981595595392,-0.032936338427501245,0.044106048726051346,-1.3555018470807043
3.11,2.654724517529074,613.686909044,-0.030612837126398076,-0.034567281145991516,0.04617404815211026,-1.3356020484929598
3.12,2.654724517529074,615.660178848,-0.03188652068161982,-0.0362112967418014,0.04824943743612111,-1.3165077459432484
3.13,2.654724517529074,617.633448652,-0.03315595553350932,-0.037868408519858995,0.05033223371922785,-1.2981537954044031
3.14,2.654724517529074,619.6067184560001,-0.03442106463628205,-0.03953863977497121,0.05242245440600852,-1.2804826493559949
3.15,2.654724517529074,621.5799882599999,-0.0356817706223009,-0.041222013794082926,0.054520117167721295,-1.2634432195057401
3.16,2.654724517529074,623.553258064,-0.0369379957981809,-0.042918553858582315,0.05662523994561489,-1.2469899446817923
3.17,2.654724517529074,625.526527868,-0.03818966214081926,-0.044628283246644515,0.05873784095430011,-1.2310820210217033
3.18,2.654724517529074,627.499797672,-0.03943669129334046,-0.046351225235623385,0.0608579386851849,-1.2156827616855483
3.19,2.654724517529074,629.473067476,-0.04067900456096547,-0.048087403104478676,0.06298555190997118,-1.2007590607907033
3.2,2.654724517529074,631.4463372800001,-0.04191652290679429,-0.04983684013625162,0.065120699684218,-1.1862809418510034
3.21,2.654724517529074,633.419607084,-0.04314916694750552,-0.05159955962057859,0.06726340135096759,-1.172221175222295
3.22,2.654724517529074,635.392876888,-0.04437685694897797,-0.05337558485624119,0.06941367654443797,-1.1585549522742595
3.23,2.654724517529074,637.366146692,-0.04559951282181035,-0.05516493915377062,0.07157154519378257,-1.145259606484686
3.24,2.654724517529074,639.339416496,-0.04681705411676428,-0.056967645838082975,0.07373702752691681,-1.1323143735739098
3.25,2.654724517529074,641.3126863,-0.048029400020112564,-0.058783728251159184,0.07591014407441286,-1.1197001842999343
3.26,2.654724517529074,643.285956104,-0.04923646934889714,-0.06061320975476835,0.07809091567346635,-1.1073994847187756
3.27,2.654724517529074,645.259225908,-0.05043818054609023,-0.06245611373323204,0.080279363471931,-1.0953960796539577
3.28,2.654724517529074,647.232495712,-0.05163445167566198,-0.06431246359623193,0.0824755089324275,-1.083674995869154
3.29,2.654724517529074,649.205765516,-0.05282520041755205,-0.06618228278165943,0.08467937383652571,-1.0722223620407583
3.3,2.654724517529074,651.1790353199999,-0.054010344062537935,-0.06806559475850868,0.08689098028899922,-1.0610253031143004
