window_id,mode_key,plot_panel,plot_series,target_xi,species,rank,channel,density_key,target_contribution,target_rate,target_share,prev_contribution,next_contribution,contribution_ratio_to_neighbor_max,rate_ratio_to_neighbor_max,contribution_delta_vs_neighbor_max
mode_b_T200p0_muB450p0_xip0p31_1,mode_b,T200.0,muB450.0,0.31,d,1,udbar_to_udbar,dbar,9.27937347991302,60.022907143122815,0.6446592654779614,0.15652086435547055,0.12096208027415013,59.28521745726417,59.66525249192197,9.122852615557548
mode_b_T200p0_muB450p0_xip0p31_1,mode_b,T200.0,muB450.0,0.31,d,2,uubar_to_ddbar,dbar,2.3717960347350746,15.341778565492627,0.16477408662617887,0.09161942825442485,0.0815067709891679,25.88747910703674,26.053425179963565,2.2801766064806497
mode_b_T200p0_muB450p0_xip0p31_1,mode_b,T200.0,muB450.0,0.31,d,3,uubar_to_uubar,dbar,2.400575543487422,15.527936584156944,0.16677346481838834,0.12084104629740636,0.11056839264452326,19.865564036736963,19.992907928536635,2.2797344971900158
mode_b_T200p0_muB450p0_xip0p31_1,mode_b,T200.0,muB450.0,0.31,d,4,usbar_to_usbar,sbar,0.046085545861570015,0.5783379791427952,0.0032016681092298395,0.036983806451522154,0.03480367397952833,1.2461006663004872,1.2539742881212956,0.009101739410047861
mode_b_T200p0_muB450p0_xip0p31_1,mode_b,T200.0,muB450.0,0.31,d,5,uubar_to_ssbar,dbar,0.0050169403363377095,0.032451689179494946,0.00034853830155358084,0.0050617220934971036,0.004972801031310094,0.9911528613518853,0.9975064319074217,-4.4781757159394024e-05
mode_b_T200p0_muB450p0_xip0p31_1,mode_b,T200.0,muB450.0,0.31,d,6,us_to_us,s,0.06457853431545922,0.1812222399189071,0.004486418246616096,0.06485474097080336,0.06429998186706007,0.9957411493560897,0.9981190608909375,-0.00027620665534414113
mode_b_T200p0_muB450p0_xip0p31_1,mode_b,T200.0,muB450.0,0.31,dbar,1,dubar_to_dubar,d,40.58234223141898,60.022907143122815,0.6558106827094526,0.6842411907761662,0.5292371771189036,59.309995917352715,59.66525249192397,39.898101040642814
mode_b_T200p0_muB450p0_xip0p31_1,mode_b,T200.0,muB450.0,0.31,dbar,2,uubar_to_ddbar,d,10.372794951415571,15.341778565492627,0.16762437465786345,0.4005203200556579,0.35661104121737447,25.898298867768123,26.053425179963565,9.972274631359912
mode_b_T200p0_muB450p0_xip0p31_1,mode_b,T200.0,muB450.0,0.31,dbar,3,uubar_to_uubar,d,10.498659038680524,15.527936584156944,0.16965833840808597,0.5282645336368412,0.48376238131105803,19.873866917399177,19.992907928536635,9.970394505043682
mode_b_T200p0_muB450p0_xip0p31_1,mode_b,T200.0,muB450.0,0.31,dbar,4,subar_to_subar,s,0.30270990191943026,0.8494736997823072,0.0048917922555736055,0.2219926742636944,0.20490522272787268,1.3636031140372487,1.3721136430704912,0.08071722765573586
mode_b_T200p0_muB450p0_xip0p31_1,mode_b,T200.0,muB450.0,0.31,dbar,5,ubarsbar_to_ubarsbar,sbar,0.01916591153797882,0.24051737567781162,0.0003097211456843845,0.019273627353151968,0.01905779374471926,0.9944112328624257,0.9993755447235035,-0.00010771581517314902
mode_b_T200p0_muB450p0_xip0p31_1,mode_b,T200.0,muB450.0,0.31,dbar,6,uubar_to_ssbar,d,0.021941049158609317,0.032451689179494946,0.00035456737183910234,0.022127649031932737,0.021757158724616903,0.991567117091647,0.9975064319074217,-0.00018659987332341962
mode_b_T200p0_muB450p0_xip0p31_1,mode_b,T200.0,muB450.0,0.31,sbar,1,usbar_to_usbar,u,0.7820450861880421,0.5783379791427952,0.7200586894820856,0.6273887813180098,0.5907721898905144,1.246507922161331,1.2539742881212956,0.15465630487003235
mode_b_T200p0_muB450p0_xip0p31_1,mode_b,T200.0,muB450.0,0.31,sbar,2,sbarsbar_to_sbarsbar,sbar,0.007314600820231033,0.09179258653712151,0.006734831499770736,0.007363132436226614,0.007266514402595845,0.9934088356530428,0.9996857968142975,-4.853161599558103e-05
mode_b_T200p0_muB450p0_xip0p31_1,mode_b,T200.0,muB450.0,0.31,sbar,3,ubarsbar_to_ubarsbar,ubar,0.07436662646150015,0.24051737567781162,0.06847218470751433,0.07479139289924347,0.07393779189738,0.9943206507958001,0.9993755447235035,-0.0004247664377433208
mode_b_T200p0_muB450p0_xip0p31_1,mode_b,T200.0,muB450.0,0.31,sbar,4,ssbar_to_uubar,s,0.11147795829522233,0.1564164123419146,0.10264200104812803,0.11202559748498905,0.11093189822693114,0.9951114816429334,0.9987058120637641,-0.0005476391897667188
mode_b_T200p0_muB450p0_xip0p31_1,mode_b,T200.0,muB450.0,0.31,sbar,5,ssbar_to_ssbar,s,0.11088092880461509,0.31115742243550676,0.10209229326250115,0.11166090897493697,0.11010631091910422,0.9930147427825708,0.9992123531516669,-0.0007799801703218812
mode_b_T200p0_muB450p0_xip0p31_1,mode_b,T200.0,muB450.0,0.31,u,1,udbar_to_udbar,ubar,9.27937347991302,60.022907143122815,0.6446592654779614,0.15652086435547055,0.12096208027415013,59.28521745726417,59.66525249192197,9.122852615557548
mode_b_T200p0_muB450p0_xip0p31_1,mode_b,T200.0,muB450.0,0.31,u,2,uubar_to_ddbar,ubar,2.3717960347350746,15.341778565492627,0.16477408662617887,0.09161942825442485,0.0815067709891679,25.88747910703674,26.053425179963565,2.2801766064806497
mode_b_T200p0_muB450p0_xip0p31_1,mode_b,T200.0,muB450.0,0.31,u,3,uubar_to_uubar,ubar,2.400575543487422,15.527936584156944,0.16677346481838834,0.12084104629740636,0.11056839264452326,19.865564036736963,19.992907928536635,2.2797344971900158
mode_b_T200p0_muB450p0_xip0p31_1,mode_b,T200.0,muB450.0,0.31,u,4,usbar_to_usbar,sbar,0.046085545861570015,0.5783379791427952,0.0032016681092298395,0.036983806451522154,0.03480367397952833,1.2461006663004872,1.2539742881212956,0.009101739410047861
mode_b_T200p0_muB450p0_xip0p31_1,mode_b,T200.0,muB450.0,0.31,u,5,uubar_to_ssbar,ubar,0.0050169403363377095,0.032451689179494946,0.00034853830155358084,0.0050617220934971036,0.004972801031310094,0.9911528613518853,0.9975064319074217,-4.4781757159394024e-05
mode_b_T200p0_muB450p0_xip0p31_1,mode_b,T200.0,muB450.0,0.31,u,6,us_to_us,s,0.06457853431545922,0.1812222399189071,0.004486418246616096,0.06485474097080336,0.06429998186706007,0.9957411493560897,0.9981190608909375,-0.00027620665534414113
mode_b_T200p0_muB450p0_xip0p31_1,mode_b,T200.0,muB450.0,0.31,ubar,1,dubar_to_dubar,u,40.58234223141898,60.022907143122815,0.6558106827094526,0.6842411907761662,0.5292371771189036,59.309995917352715,59.66525249192397,39.898101040642814
mode_b_T200p0_muB450p0_xip0p31_1,mode_b,T200.0,muB450.0,0.31,ubar,2,uubar_to_ddbar,u,10.372794951415571,15.341778565492627,0.16762437465786345,0.4005203200556579,0.35661104121737447,25.898298867768123,26.053425179963565,9.972274631359912
mode_b_T200p0_muB450p0_xip0p31_1,mode_b,T200.0,muB450.0,0.31,ubar,3,uubar_to_uubar,u,10.498659038680524,15.527936584156944,0.16965833840808597,0.5282645336368412,0.48376238131105803,19.873866917399177,19.992907928536635,9.970394505043682
mode_b_T200p0_muB450p0_xip0p31_1,mode_b,T200.0,muB450.0,0.31,ubar,4,subar_to_subar,s,0.30270990191943026,0.8494736997823072,0.0048917922555736055,0.2219926742636944,0.20490522272787268,1.3636031140372487,1.3721136430704912,0.08071722765573586
mode_b_T200p0_muB450p0_xip0p31_1,mode_b,T200.0,muB450.0,0.31,ubar,5,ubarsbar_to_ubarsbar,sbar,0.01916591153797882,0.24051737567781162,0.0003097211456843845,0.019273627353151968,0.01905779374471926,0.9944112328624257,0.9993755447235035,-0.00010771581517314902
mode_b_T200p0_muB450p0_xip0p31_1,mode_b,T200.0,muB450.0,0.31,ubar,6,uubar_to_ssbar,u,0.021941049158609317,0.032451689179494946,0.00035456737183910234,0.022127649031932737,0.021757158724616903,0.991567117091647,0.9975064319074217,-0.00018659987332341962
mode_b_T120p0_muB900p0_xim0p09_1,mode_b,T120.0,muB900.0,-0.09,d,1,uubar_to_ssbar,dbar,8.983371609732573e-06,0.011334351793843197,0.00019981192927201387,1.828261814258239e-05,8.697175999062224e-06,0.49136133236898016,1.0036213121431865,-9.299246532849818e-06
mode_b_T120p0_muB900p0_xim0p09_1,mode_b,T120.0,muB900.0,-0.09,d,2,usbar_to_usbar,sbar,4.573010184564229e-05,0.1930254828087864,0.0010171481568995765,0.00014142399783681207,4.444309119115033e-05,0.32335461127615595,0.6947763109718417,-9.569389599116979e-05
mode_b_T120p0_muB900p0_xim0p09_1,mode_b,T120.0,muB900.0,-0.09,d,3,udbar_to_udbar,dbar,0.0001937877865602458,0.24450273701740044,0.004310309445509919,0.0012998167481610852,0.00018699453254961558,0.14908854408470032,0.49296144598371705,-0.0011060289616008395
mode_b_T120p0_muB900p0_xim0p09_1,mode_b,T120.0,muB900.0,-0.09,d,4,uubar_to_ddbar,dbar,0.00017523845508302585,0.2210989797604212,0.0038977274139312713,0.0015049622964181044,0.00016951255154148146,0.11644042877360006,0.3850104143923183,-0.0013297238413350785
mode_b_T120p0_muB900p0_xim0p09_1,mode_b,T120.0,muB900.0,-0.09,d,5,uubar_to_uubar,dbar,0.0002567268496945768,0.3239131760074281,0.005710226556566414,0.0015949294416809537,0.00024756468362855207,0.1609643931483283,0.5322289548498875,-0.001338202591986377
mode_b_T120p0_muB900p0_xim0p09_1,mode_b,T120.0,muB900.0,-0.09,d,6,us_to_us,s,0.005425965898456588,0.19427785989860816,0.12068661538616257,0.013380112066723043,0.0052523077804050525,0.4055246975061753,1.0015064141430985,-0.007954146168266455
mode_b_T120p0_muB900p0_xim0p09_1,mode_b,T120.0,muB900.0,-0.09,dbar,1,ubarsbar_to_ubarsbar,sbar,5.6091205103390234e-05,0.23675941031039474,0.000422503144053538,0.0001914529362460426,5.440528976265554e-05,0.29297646828098545,0.629504274055274,-0.00013536173114265236
mode_b_T120p0_muB900p0_xim0p09_1,mode_b,T120.0,muB900.0,-0.09,dbar,2,ubarubar_to_ubarubar,dbar,0.0001250066393377523,0.1577213198310897,0.0009416039118862641,0.0011252464741884187,0.0001202906748524492,0.11109267365437696,0.3673280558145771,-0.0010002398348506665
mode_b_T120p0_muB900p0_xim0p09_1,mode_b,T120.0,muB900.0,-0.09,dbar,3,ubardbar_to_ubardbar,dbar,0.00017985085089469136,0.2269184559006743,0.001354714162829038,0.0015033604872699952,0.00017320155236886492,0.11963255148556472,0.3955651718856477,-0.0013235096363753039
mode_b_T120p0_muB900p0_xim0p09_1,mode_b,T120.0,muB900.0,-0.09,dbar,4,uubar_to_ssbar,d,0.0017852737104021635,0.011334351793843197,0.013447451418644053,0.0037137290348235002,0.0017220180861750387,0.4807226627634159,1.0036213121431865,-0.0019284553244213367
mode_b_T120p0_muB900p0_xim0p09_1,mode_b,T120.0,muB900.0,-0.09,dbar,5,subar_to_subar,s,0.006256550494097188,0.22401711752123835,0.04712703622276083,0.0530989064963828,0.0060135659099674,0.11782823615253539,0.312846699983994,-0.04684235600228561
mode_b_T120p0_muB900p0_xim0p09_1,mode_b,T120.0,muB900.0,-0.09,dbar,6,dubar_to_dubar,d,0.038511625230800366,0.24450273701740055,0.29008616792298614,0.26403041183432224,0.03702442805584316,0.14586056569485722,0.49296144598371805,-0.22551878660352187
mode_b_T120p0_muB900p0_xim0p09_1,mode_b,T120.0,muB900.0,-0.09,s,1,ssbar_to_ssbar,sbar,6.307402669790048e-05,0.26623370525505824,0.000990041237689415,0.0001651178587115668,6.142230534593777e-05,0.3819939720032357,0.8207718505527298,-0.00010204383201366632
mode_b_T120p0_muB900p0_xim0p09_1,mode_b,T120.0,muB900.0,-0.09,s,2,ssbar_to_uubar,sbar,9.018587437354009e-05,0.19033602857746523,0.0014156022591443936,0.00024126318812802786,8.791944653582411e-05,0.37380702407730093,0.8031809541197058,-0.00015107731375448778
mode_b_T120p0_muB900p0_xim0p09_1,mode_b,T120.0,muB900.0,-0.09,s,3,usbar_to_usbar,ubar,0.00030597596999967693,0.1930254828087864,0.004802750734349151,0.0014561663774585335,0.00029596767018949294,0.21012432008882176,0.6947763109718417,-0.0011501904074588565
mode_b_T120p0_muB900p0_xim0p09_1,mode_b,T120.0,muB900.0,-0.09,s,4,ss_to_ss,s,0.0020478384477844542,0.0733232899909709,0.032143888975776747,0.005999034179412745,0.0019809523655293457,0.34136135693511255,0.9063512915610279,-0.003951195731628291
mode_b_T120p0_muB900p0_xim0p09_1,mode_b,T120.0,muB900.0,-0.09,s,5,us_to_us,u,0.06120141003186132,0.19427785989860816,0.9606477167930402,0.1921042524591146,0.05915758914925526,0.31858435848465544,1.0015064141430985,-0.1309028424272533
mode_b_T120p0_muB900p0_xim0p09_1,mode_b,T120.0,muB900.0,-0.09,sbar,1,sbarsbar_to_sbarsbar,sbar,1.8135438715596073e-05,0.07654918035920946,0.00022878728627906154,4.4990363141196436e-05,1.7660726327774906e-05,0.40309607323418006,0.8661129081276553,-2.6854924425600363e-05
mode_b_T120p0_muB900p0_xim0p09_1,mode_b,T120.0,muB900.0,-0.09,sbar,2,ubarsbar_to_ubarsbar,ubar,0.000375301173565965,0.23675941031039474,0.004734604901708993,0.001971287284276108,0.0003623106859912516,0.19038380481604048,0.629504274055274,-0.0015959861107101429
mode_b_T120p0_muB900p0_xim0p09_1,mode_b,T120.0,muB900.0,-0.09,sbar,3,ssbar_to_ssbar,s,0.007435613128987518,0.26623370525505824,0.09380383768378564,0.024053403350517512,0.007190602453802301,0.3091293577308901,0.8207718505527298,-0.016617790221529993
mode_b_T120p0_muB900p0_xim0p09_1,mode_b,T120.0,muB900.0,-0.09,sbar,4,ssbar_to_uubar,s,0.010631749812850227,0.19033602857746523,0.13412463995084423,0.03514580932043493,0.010292576685893604,0.302504054350189,0.8031809541197058,-0.0245140595075847
mode_b_T120p0_muB900p0_xim0p09_1,mode_b,T120.0,muB900.0,-0.09,sbar,5,usbar_to_usbar,u,0.06080688621000795,0.1930254828087864,0.7671081301773822,0.2957895479371243,0.0586008241116829,0.20557483059859036,0.6947763109718417,-0.23498266172711635
mode_b_T120p0_muB900p0_xim0p09_1,mode_b,T120.0,muB900.0,-0.09,u,1,uubar_to_ssbar,ubar,8.983371609732576e-06,0.011334351793843197,0.00019981192927201376,1.8282618142582383e-05,8.697175999062224e-06,0.49136133236898055,1.0036213121431865,-9.299246532849807e-06
mode_b_T120p0_muB900p0_xim0p09_1,mode_b,T120.0,muB900.0,-0.09,u,2,usbar_to_usbar,sbar,4.573010184564229e-05,0.1930254828087864,0.0010171481568995756,0.00014142399783681207,4.444309119115033e-05,0.32335461127615595,0.6947763109718417,-9.569389599116979e-05
mode_b_T120p0_muB900p0_xim0p09_1,mode_b,T120.0,muB900.0,-0.09,u,3,udbar_to_udbar,ubar,0.00019378778656024587,0.24450273701740044,0.004310309445509917,0.0012998167481610848,0.00018699453254961555,0.14908854408470046,0.49296144598371705,-0.0011060289616008389
mode_b_T120p0_muB900p0_xim0p09_1,mode_b,T120.0,muB900.0,-0.09,u,4,uubar_to_ddbar,ubar,0.00017523845508302593,0.2210989797604212,0.0038977274139312696,0.0015049622964181037,0.00016951255154148146,0.11644042877360015,0.3850104143923183,-0.0013297238413350777
mode_b_T120p0_muB900p0_xim0p09_1,mode_b,T120.0,muB900.0,-0.09,u,5,uubar_to_uubar,ubar,0.0002567268496945769,0.3239131760074281,0.0057102265565664116,0.001594929441680953,0.000247564683628552,0.16096439314832844,0.5322289548498875,-0.001338202591986376
mode_b_T120p0_muB900p0_xim0p09_1,mode_b,T120.0,muB900.0,-0.09,u,6,us_to_us,s,0.005425965898456588,0.19427785989860816,0.12068661538616246,0.013380112066723043,0.0052523077804050525,0.4055246975061753,1.0015064141430985,-0.007954146168266455
mode_b_T120p0_muB900p0_xim0p09_1,mode_b,T120.0,muB900.0,-0.09,ubar,1,ubarsbar_to_ubarsbar,sbar,5.6091205103390234e-05,0.23675941031039474,0.00042250314405353767,0.0001914529362460426,5.440528976265554e-05,0.29297646828098545,0.629504274055274,-0.00013536173114265236
mode_b_T120p0_muB900p0_xim0p09_1,mode_b,T120.0,muB900.0,-0.09,ubar,2,ubarubar_to_ubarubar,ubar,0.00012500663933775235,0.1577213198310897,0.0009416039118862638,0.0011252464741884185,0.00012029067485244918,0.11109267365437703,0.3673280558145771,-0.001000239834850666
mode_b_T120p0_muB900p0_xim0p09_1,mode_b,T120.0,muB900.0,-0.09,ubar,3,ubardbar_to_ubardbar,ubar,0.00017985085089469144,0.2269184559006743,0.0013547141628290375,0.0015033604872699946,0.0001732015523688649,0.11963255148556481,0.3955651718856477,-0.0013235096363753032
mode_b_T120p0_muB900p0_xim0p09_1,mode_b,T120.0,muB900.0,-0.09,ubar,4,uubar_to_ssbar,u,0.001785273710402165,0.011334351793843197,0.013447451418644054,0.003713729034823499,0.0017220180861750379,0.48072266276341646,1.0036213121431865,-0.001928455324421334
mode_b_T120p0_muB900p0_xim0p09_1,mode_b,T120.0,muB900.0,-0.09,ubar,5,subar_to_subar,s,0.006256550494097188,0.22401711752123835,0.047127036222760786,0.0530989064963828,0.0060135659099674,0.11782823615253539,0.312846699983994,-0.04684235600228561
mode_b_T120p0_muB900p0_xim0p09_1,mode_b,T120.0,muB900.0,-0.09,ubar,6,dubar_to_dubar,u,0.0385116252308004,0.24450273701740055,0.29008616792298614,0.26403041183432213,0.03702442805584314,0.14586056569485742,0.49296144598371805,-0.22551878660352173
mode_a_muB450p0_alpha1p0_xip0p26_2,mode_a,muB450.0,alpha1.0,0.26,d,1,uubar_to_ddbar,dbar,0.18730794541507864,2.5035993692585237,0.31524528050160194,0.022054142571076248,0.021043320330247414,8.49309578966497,8.57476644610739,0.1652538028440024
mode_a_muB450p0_alpha1p0_xip0p26_2,mode_a,muB450.0,alpha1.0,0.26,d,2,uubar_to_uubar,dbar,0.20469635557825158,2.7360167000901487,0.3445105325827082,0.03976978690314059,0.03824810440411211,5.147031742382478,5.196526234325201,0.164926568675111
mode_a_muB450p0_alpha1p0_xip0p26_2,mode_a,muB450.0,alpha1.0,0.26,d,3,uubar_to_ssbar,dbar,0.002140215279287603,0.028606590133845707,0.0036020509677670127,0.0021631295005432294,0.0021174676844129586,0.9894069119533195,0.9989211708277134,-2.2914221255626414e-05
mode_a_muB450p0_alpha1p0_xip0p26_2,mode_a,muB450.0,alpha1.0,0.26,d,4,usbar_to_usbar,sbar,0.008955862289302225,0.24654561171344214,0.01507300351444418,0.009073276811356008,0.00884196733093045,0.9870593034363474,0.9953402632607824,-0.0001174145220537836
mode_a_muB450p0_alpha1p0_xip0p26_2,mode_a,muB450.0,alpha1.0,0.26,d,5,us_to_us,s,0.036353081789176955,0.19323131938523577,0.06118340276666237,0.03667787833746372,0.03603509221215794,0.9911446200541265,0.9994421807989001,-0.0003247965482867654
mode_a_muB450p0_alpha1p0_xip0p26_2,mode_a,muB450.0,alpha1.0,0.26,d,6,udbar_to_udbar,dbar,0.024543850321904034,0.32805852442043754,0.041308087396783225,0.02493211203912996,0.024168576016886927,0.9844272432027995,0.9938936169684187,-0.00038826171722592534
mode_a_muB450p0_alpha1p0_xip0p26_2,mode_a,muB450.0,alpha1.0,0.26,dbar,1,uubar_to_ddbar,d,0.9883947405265571,2.5035993692585237,0.4294142177948825,0.11633952036321923,0.11107638888931663,8.495778024876904,8.57476644610739,0.8720552201633378
mode_a_muB450p0_alpha1p0_xip0p26_2,mode_a,muB450.0,alpha1.0,0.26,dbar,2,uubar_to_uubar,d,1.080150662109663,2.7360167000901487,0.4692781463237488,0.2097926917062197,0.20189120596922405,5.148657245039962,5.196526234325201,0.8703579704034433
mode_a_muB450p0_alpha1p0_xip0p26_2,mode_a,muB450.0,alpha1.0,0.26,dbar,3,ubarsbar_to_ubarsbar,sbar,0.008331033485442223,0.22934472198472736,0.003619469105701927,0.008418487135399583,0.008245718630886443,0.9896117142485591,0.997914087590214,-8.745364995735999e-05
mode_a_muB450p0_alpha1p0_xip0p26_2,mode_a,muB450.0,alpha1.0,0.26,dbar,4,uubar_to_ssbar,d,0.011293581385214167,0.028606590133845707,0.00490656639274608,0.011410892432824622,0.011176974939469984,0.9897193801185087,0.9989211708277134,-0.00011731104761045566
mode_a_muB450p0_alpha1p0_xip0p26_2,mode_a,muB450.0,alpha1.0,0.26,dbar,5,ubarubar_to_ubarubar,dbar,0.014195469603523473,0.18973978208427295,0.006167309705412458,0.014398208088078733,0.013998848006884192,0.9859191863796495,0.9953999068548367,-0.00020273848455525968
mode_a_muB450p0_alpha1p0_xip0p26_2,mode_a,muB450.0,alpha1.0,0.26,dbar,6,ubardbar_to_ubardbar,dbar,0.018386979796310012,0.2457644331029279,0.00798833727366503,0.018632593689175147,0.01814850456996921,0.9868180513694222,0.9963074154411948,-0.0002456138928651347
mode_a_muB450p0_alpha1p0_xip0p26_2,mode_a,muB450.0,alpha1.0,0.26,u,1,uubar_to_ddbar,ubar,0.18730794541507867,2.5035993692585237,0.3152452805016019,0.022054142571076248,0.02104332033024742,8.49309578966497,8.57476644610739,0.16525380284400243
mode_a_muB450p0_alpha1p0_xip0p26_2,mode_a,muB450.0,alpha1.0,0.26,u,2,uubar_to_uubar,ubar,0.2046963555782516,2.7360167000901487,0.3445105325827081,0.03976978690314059,0.03824810440411212,5.147031742382479,5.196526234325201,0.16492656867511102
mode_a_muB450p0_alpha1p0_xip0p26_2,mode_a,muB450.0,alpha1.0,0.26,u,3,uubar_to_ssbar,ubar,0.0021402152792876035,0.028606590133845707,0.003602050967767012,0.0021631295005432294,0.002117467684412959,0.9894069119533198,0.9989211708277134,-2.291422125562598e-05
mode_a_muB450p0_alpha1p0_xip0p26_2,mode_a,muB450.0,alpha1.0,0.26,u,4,usbar_to_usbar,sbar,0.008955862289302225,0.24654561171344214,0.015073003514444175,0.009073276811356008,0.00884196733093045,0.9870593034363474,0.9953402632607824,-0.0001174145220537836
mode_a_muB450p0_alpha1p0_xip0p26_2,mode_a,muB450.0,alpha1.0,0.26,u,5,us_to_us,s,0.036353081789176955,0.19323131938523577,0.06118340276666235,0.03667787833746372,0.03603509221215794,0.9911446200541265,0.9994421807989001,-0.0003247965482867654
mode_a_muB450p0_alpha1p0_xip0p26_2,mode_a,muB450.0,alpha1.0,0.26,u,6,udbar_to_udbar,ubar,0.02454385032190404,0.32805852442043754,0.041308087396783225,0.02493211203912996,0.02416857601688693,0.9844272432027997,0.9938936169684187,-0.0003882617172259184
mode_a_muB450p0_alpha1p0_xip0p26_2,mode_a,muB450.0,alpha1.0,0.26,ubar,1,uubar_to_ddbar,u,0.9883947405265573,2.5035993692585237,0.42941421779488254,0.11633952036321923,0.11107638888931665,8.495778024876905,8.57476644610739,0.872055220163338
mode_a_muB450p0_alpha1p0_xip0p26_2,mode_a,muB450.0,alpha1.0,0.26,ubar,2,uubar_to_uubar,u,1.0801506621096635,2.7360167000901487,0.4692781463237489,0.2097926917062197,0.20189120596922408,5.1486572450399635,5.196526234325201,0.8703579704034438
mode_a_muB450p0_alpha1p0_xip0p26_2,mode_a,muB450.0,alpha1.0,0.26,ubar,3,ubarsbar_to_ubarsbar,sbar,0.008331033485442223,0.22934472198472736,0.0036194691057019265,0.008418487135399583,0.008245718630886443,0.9896117142485591,0.997914087590214,-8.745364995735999e-05
mode_a_muB450p0_alpha1p0_xip0p26_2,mode_a,muB450.0,alpha1.0,0.26,ubar,4,uubar_to_ssbar,u,0.01129358138521417,0.028606590133845707,0.004906566392746081,0.011410892432824622,0.011176974939469985,0.989719380118509,0.9989211708277134,-0.00011731104761045219
mode_a_muB450p0_alpha1p0_xip0p26_2,mode_a,muB450.0,alpha1.0,0.26,ubar,5,ubarubar_to_ubarubar,ubar,0.014195469603523475,0.18973978208427295,0.006167309705412457,0.014398208088078733,0.013998848006884194,0.9859191863796496,0.9953999068548367,-0.00020273848455525795
mode_a_muB450p0_alpha1p0_xip0p26_2,mode_a,muB450.0,alpha1.0,0.26,ubar,6,ubardbar_to_ubardbar,ubar,0.018386979796310016,0.2457644331029279,0.00798833727366503,0.018632593689175147,0.018148504569969214,0.9868180513694224,0.9963074154411948,-0.0002456138928651312
mode_a_muB900p0_alpha1p0_xip0p00_1,mode_a,muB900.0,alpha1.0,0.0,d,1,uubar_to_ssbar,dbar,1.641770146589116e-05,0.01160375968458773,0.00023774903205869084,2.6277261838510095e-05,1.5727543090443087e-05,0.6247873757466822,0.9944329977313189,-9.859560372618935e-06
mode_a_muB900p0_alpha1p0_xip0p00_1,mode_a,muB900.0,alpha1.0,0.0,d,2,usbar_to_usbar,sbar,8.793666496233162e-05,0.2078176121405153,0.0012734338616583502,0.0001948357719970324,8.37619355772434e-05,0.4513373702426216,0.753616808697442,-0.00010689910703470079
mode_a_muB900p0_alpha1p0_xip0p00_1,mode_a,muB900.0,alpha1.0,0.0,d,3,udbar_to_udbar,dbar,0.0003863905269776085,0.27309442973879844,0.0055954223541235205,0.001445718612303849,0.0003615737189937494,0.26726537494171804,0.5956874053470407,-0.0010593280853262404
mode_a_muB900p0_alpha1p0_xip0p00_1,mode_a,muB900.0,alpha1.0,0.0,d,4,uubar_to_ddbar,dbar,0.0003391773633477027,0.23972494705885455,0.004911716174134859,0.0016488876094596983,0.00031902152538903616,0.20570071689655253,0.4584706356102213,-0.0013097102461119958
mode_a_muB900p0_alpha1p0_xip0p00_1,mode_a,muB900.0,alpha1.0,0.0,d,5,uubar_to_uubar,dbar,0.0005262463731740229,0.3719422272285652,0.007620711468438757,0.0018698382369450833,0.0004899518756558583,0.28143951855097216,0.6272790727355088,-0.0013435918637710604
mode_a_muB900p0_alpha1p0_xip0p00_1,mode_a,muB900.0,alpha1.0,0.0,d,6,us_to_us,s,0.008910267560663222,0.19647729424805513,0.129031916698739,0.01583389324848661,0.008491238107041367,0.5627338406815934,1.001429088344622,-0.0069236256878233895
mode_a_muB900p0_alpha1p0_xip0p00_1,mode_a,muB900.0,alpha1.0,0.0,dbar,1,ubarsbar_to_ubarsbar,sbar,0.00010999105208714792,0.259937965709361,0.0004920273117093834,0.0002547035511018889,0.0001043309734836541,0.43183949187715986,0.7210603889570352,-0.00014471249901474098
mode_a_muB900p0_alpha1p0_xip0p00_1,mode_a,muB900.0,alpha1.0,0.0,dbar,2,ubarubar_to_ubarubar,dbar,0.00026410566185251777,0.18666551087206387,0.0011814342743586288,0.001236367549720817,0.00024505728357825134,0.21361419742224327,0.47610838865863236,-0.0009722618878682992
mode_a_muB900p0_alpha1p0_xip0p00_1,mode_a,muB900.0,alpha1.0,0.0,dbar,3,ubardbar_to_ubardbar,dbar,0.00037337090974500766,0.26389237975230745,0.00167021481753595,0.0016366441078455296,0.0003472538260313855,0.2281320098579717,0.508466033276982,-0.001263273198100522
mode_a_muB900p0_alpha1p0_xip0p00_1,mode_a,muB900.0,alpha1.0,0.0,dbar,4,uubar_to_ssbar,d,0.00273225595491801,0.01160375968458773,0.012222308332273371,0.004256593233121077,0.0026062087845421986,0.6418879618700677,0.9944329977313189,-0.0015243372782030667
mode_a_muB900p0_alpha1p0_xip0p00_1,mode_a,muB900.0,alpha1.0,0.0,dbar,5,subar_to_subar,s,0.011738302893994482,0.2588373442182565,0.05250941333288178,0.05047575646712071,0.010931276789799523,0.2325532833101901,0.4352603372712484,-0.038737453573126225
mode_a_muB900p0_alpha1p0_xip0p00_1,mode_a,muB900.0,alpha1.0,0.0,dbar,6,dubar_to_dubar,d,0.06430363108086733,0.2730944297387987,0.2876519692602161,0.23418863426291747,0.059916326236214144,0.27458049483595054,0.5956874053470411,-0.16988500318205013
mode_a_muB900p0_alpha1p0_xip0p00_1,mode_a,muB900.0,alpha1.0,0.0,s,1,ssbar_to_ssbar,sbar,0.00011752397247681237,0.27774025021145404,0.0012139184409945157,0.00022690536297871507,0.00011247621498610982,0.5179426829494407,0.8648304739373164,-0.00010938139050190271
mode_a_muB900p0_alpha1p0_xip0p00_1,mode_a,muB900.0,alpha1.0,0.0,s,2,ssbar_to_uubar,sbar,0.00016612151644828657,0.19629455408749266,0.001715887984490451,0.00032439447866288167,0.00015880918675519664,0.512097237699671,0.8550700904969225,-0.0001582729622145951
mode_a_muB900p0_alpha1p0_xip0p00_1,mode_a,muB900.0,alpha1.0,0.0,s,3,usbar_to_usbar,ubar,0.000588065869721355,0.2078176121405153,0.00607419906534454,0.001739206371385443,0.0005539505037011135,0.33812311143553636,0.753616808697442,-0.001151140501664088
mode_a_muB900p0_alpha1p0_xip0p00_1,mode_a,muB900.0,alpha1.0,0.0,s,4,ss_to_ss,s,0.0034157563902840284,0.07531968807944035,0.035281735161979334,0.006858523977146031,0.0032461193648473234,0.4980308301999103,0.9321436534402788,-0.0034427675868620024
mode_a_muB900p0_alpha1p0_xip0p00_1,mode_a,muB900.0,alpha1.0,0.0,s,5,us_to_us,u,0.09252626248860474,0.19647729424805513,0.9557142593471911,0.1905829752697915,0.08764117014498425,0.4854907021869265,1.001429088344622,-0.09805671278118677
mode_a_muB900p0_alpha1p0_xip0p00_1,mode_a,muB900.0,alpha1.0,0.0,sbar,1,sbarsbar_to_sbarsbar,sbar,3.3669279445725436e-05,0.0795694180567303,0.0002609304682273922,6.265981178083667e-05,3.2253107731168026e-05,0.5373345129648563,0.8972098203299381,-2.8990532335111232e-05
mode_a_muB900p0_alpha1p0_xip0p00_1,mode_a,muB900.0,alpha1.0,0.0,sbar,2,ubarsbar_to_ubarsbar,ubar,0.0007355519308686831,0.259937965709361,0.005700386610189087,0.0022736175926546497,0.0006899816117501389,0.323516115130804,0.7210603889570352,-0.0015380656617859667
mode_a_muB900p0_alpha1p0_xip0p00_1,mode_a,muB900.0,alpha1.0,0.0,sbar,3,ssbar_to_ssbar,s,0.012595551823027521,0.27774025021145404,0.09761311465138017,0.02725918288955505,0.011942524000197168,0.4620663749922519,0.8648304739373164,-0.01466363106652753
mode_a_muB900p0_alpha1p0_xip0p00_1,mode_a,muB900.0,alpha1.0,0.0,sbar,4,ssbar_to_uubar,s,0.01780396054734402,0.19629455408749266,0.1379772848839593,0.03897099789158729,0.016862076346629798,0.4568515437267615,0.8550700904969225,-0.02116703734424327
mode_a_muB900p0_alpha1p0_xip0p00_1,mode_a,muB900.0,alpha1.0,0.0,sbar,5,usbar_to_usbar,u,0.09786671281411291,0.2078176121405153,0.758448283386244,0.2817300416206565,0.09179505410636547,0.3473776252299297,0.753616808697442,-0.1838633288065436
mode_a_muB900p0_alpha1p0_xip0p00_1,mode_a,muB900.0,alpha1.0,0.0,u,1,uubar_to_ssbar,ubar,1.6417701465891163e-05,0.01160375968458773,0.00023774903205869084,2.6277261838510088e-05,1.572754309044311e-05,0.6247873757466825,0.9944329977313189,-9.859560372618925e-06
mode_a_muB900p0_alpha1p0_xip0p00_1,mode_a,muB900.0,alpha1.0,0.0,u,2,usbar_to_usbar,sbar,8.793666496233162e-05,0.2078176121405153,0.00127343386165835,0.0001948357719970324,8.37619355772434e-05,0.4513373702426216,0.753616808697442,-0.00010689910703470079
mode_a_muB900p0_alpha1p0_xip0p00_1,mode_a,muB900.0,alpha1.0,0.0,u,3,udbar_to_udbar,ubar,0.0003863905269776086,0.27309442973879844,0.005595422354123521,0.0014457186123038486,0.0003615737189937499,0.2672653749417182,0.5956874053470407,-0.00105932808532624
mode_a_muB900p0_alpha1p0_xip0p00_1,mode_a,muB900.0,alpha1.0,0.0,u,4,uubar_to_ddbar,ubar,0.0003391773633477028,0.23972494705885455,0.00491171617413486,0.001648887609459698,0.0003190215253890366,0.20570071689655267,0.4584706356102213,-0.001309710246111995
mode_a_muB900p0_alpha1p0_xip0p00_1,mode_a,muB900.0,alpha1.0,0.0,u,5,uubar_to_uubar,ubar,0.0005262463731740231,0.3719422272285652,0.007620711468438759,0.0018698382369450829,0.000489951875655859,0.2814395185509724,0.6272790727355088,-0.0013435918637710598
mode_a_muB900p0_alpha1p0_xip0p00_1,mode_a,muB900.0,alpha1.0,0.0,u,6,us_to_us,s,0.008910267560663222,0.19647729424805513,0.12903191669873898,0.01583389324848661,0.008491238107041367,0.5627338406815934,1.001429088344622,-0.0069236256878233895
mode_a_muB900p0_alpha1p0_xip0p00_1,mode_a,muB900.0,alpha1.0,0.0,ubar,1,ubarsbar_to_ubarsbar,sbar,0.00010999105208714792,0.259937965709361,0.000492027311709383,0.0002547035511018889,0.0001043309734836541,0.43183949187715986,0.7210603889570352,-0.00014471249901474098
mode_a_muB900p0_alpha1p0_xip0p00_1,mode_a,muB900.0,alpha1.0,0.0,ubar,2,ubarubar_to_ubarubar,ubar,0.0002641056618525178,0.18666551087206387,0.0011814342743586286,0.0012363675497208168,0.0002450572835782517,0.21361419742224336,0.47610838865863236,-0.0009722618878682989
mode_a_muB900p0_alpha1p0_xip0p00_1,mode_a,muB900.0,alpha1.0,0.0,ubar,3,ubardbar_to_ubardbar,ubar,0.0003733709097450078,0.26389237975230745,0.0016702148175359497,0.0016366441078455292,0.00034725382603138604,0.22813200985797186,0.508466033276982,-0.0012632731981005213
mode_a_muB900p0_alpha1p0_xip0p00_1,mode_a,muB900.0,alpha1.0,0.0,ubar,4,uubar_to_ssbar,u,0.002732255954918011,0.01160375968458773,0.01222230833227337,0.004256593233121075,0.0026062087845422025,0.6418879618700682,0.9944329977313189,-0.001524337278203064
mode_a_muB900p0_alpha1p0_xip0p00_1,mode_a,muB900.0,alpha1.0,0.0,ubar,5,subar_to_subar,s,0.011738302893994482,0.2588373442182565,0.052509413332881755,0.05047575646712071,0.010931276789799523,0.2325532833101901,0.4352603372712484,-0.038737453573126225
mode_a_muB900p0_alpha1p0_xip0p00_1,mode_a,muB900.0,alpha1.0,0.0,ubar,6,dubar_to_dubar,u,0.06430363108086734,0.2730944297387987,0.28765196926021597,0.23418863426291736,0.059916326236214235,0.27458049483595076,0.5956874053470411,-0.16988500318205002
mode_a_muB0p0_alpha1p1_xip0p48_1,mode_a,muB0.0,alpha1.1,0.48,d,1,udbar_to_udbar,dbar,0.7490993471089483,1.7102571862384335,0.40671505517831746,0.3913225867359999,0.3213967889000373,1.9142757727253739,1.9237687862442607,0.3577767603729484
mode_a_muB0p0_alpha1p1_xip0p48_1,mode_a,muB0.0,alpha1.1,0.48,d,2,uubar_to_uubar,dbar,0.40861945593348625,0.9329127887298031,0.2218553322844522,0.3202740981258079,0.29995266887426586,1.2758429680222692,1.2821699532539572,0.08834535780767833
mode_a_muB0p0_alpha1p1_xip0p48_1,mode_a,muB0.0,alpha1.1,0.48,d,3,uubar_to_ddbar,dbar,0.31659254642866974,0.7228075684871857,0.17189035805026978,0.229264852008983,0.2096611152582898,1.3809031068411004,1.387751091884996,0.08732769441968674
mode_a_muB0p0_alpha1p1_xip0p48_1,mode_a,muB0.0,alpha1.1,0.48,d,4,usbar_to_usbar,sbar,0.12586669906701559,0.49249066029807714,0.06833790691945246,0.12505531604040018,0.11807751460751231,1.0064881930037526,1.0116017222368012,0.0008113830266154032
mode_a_muB0p0_alpha1p1_xip0p48_1,mode_a,muB0.0,alpha1.1,0.48,d,5,uubar_to_ssbar,dbar,0.016353970891739754,0.0373374991569232,0.008879204339569605,0.01645957699156066,0.01625082484503524,0.9935839116719066,0.998511156554822,-0.00010560609982090616
mode_a_muB0p0_alpha1p1_xip0p48_1,mode_a,muB0.0,alpha1.1,0.48,d,6,us_to_us,s,0.04927834499476554,0.19281608912256326,0.02675512250944107,0.04947016380095524,0.04908556533283143,0.9961225354546736,0.9988731365472295,-0.0001918188061896947
mode_a_muB0p0_alpha1p1_xip0p48_1,mode_a,muB0.0,alpha1.1,0.48,dbar,1,dubar_to_dubar,d,0.7490993471899989,1.7102571864234788,0.4067150552046675,0.39132258673596243,0.3213967889000065,1.9142757729326767,1.9237687864525914,0.3577767604540365
mode_a_muB0p0_alpha1p1_xip0p48_1,mode_a,muB0.0,alpha1.1,0.48,dbar,2,uubar_to_uubar,d,0.40861945593348625,0.9329127887298031,0.22185533227482146,0.3202740981258079,0.29995266887426586,1.2758429680222692,1.2821699532539572,0.08834535780767833
mode_a_muB0p0_alpha1p1_xip0p48_1,mode_a,muB0.0,alpha1.1,0.48,dbar,3,uubar_to_ddbar,d,0.31659254642866974,0.7228075684871857,0.17189035804280803,0.229264852008983,0.2096611152582898,1.3809031068411004,1.387751091884996,0.08732769441968674
mode_a_muB0p0_alpha1p1_xip0p48_1,mode_a,muB0.0,alpha1.1,0.48,dbar,4,subar_to_subar,s,0.1258666990659185,0.4924906602937844,0.06833790691589027,0.1250553160393865,0.11807751460640796,1.0064881930031384,1.0116017222361837,0.0008113830265319977
mode_a_muB0p0_alpha1p1_xip0p48_1,mode_a,muB0.0,alpha1.1,0.48,dbar,5,uubar_to_ssbar,d,0.016353970891739754,0.0373374991569232,0.00887920433918416,0.01645957699156066,0.01625082484503524,0.9935839116719066,0.998511156554822,-0.00010560609982090616
mode_a_muB0p0_alpha1p1_xip0p48_1,mode_a,muB0.0,alpha1.1,0.48,dbar,6,ubarsbar_to_ubarsbar,sbar,0.04927834499476554,0.19281608912256326,0.026755122508279633,0.04947016380095524,0.04908556533283143,0.9961225354546736,0.9988731365472295,-0.0001918188061896947
mode_a_muB0p0_alpha1p1_xip0p48_1,mode_a,muB0.0,alpha1.1,0.48,u,1,udbar_to_udbar,ubar,0.7490993471089483,1.7102571862384335,0.40671505517831746,0.3913225867359999,0.32139678889886225,1.9142757727253739,1.9237687862442607,0.3577767603729484
mode_a_muB0p0_alpha1p1_xip0p48_1,mode_a,muB0.0,alpha1.1,0.48,u,2,uubar_to_uubar,ubar,0.40861945593348625,0.9329127887298031,0.2218553322844522,0.3202740981258079,0.2999526688731692,1.2758429680222692,1.2821699532539572,0.08834535780767833
mode_a_muB0p0_alpha1p1_xip0p48_1,mode_a,muB0.0,alpha1.1,0.48,u,3,uubar_to_ddbar,ubar,0.31659254642866974,0.7228075684871857,0.17189035805026978,0.229264852008983,0.20966111525752323,1.3809031068411004,1.387751091884996,0.08732769441968674
mode_a_muB0p0_alpha1p1_xip0p48_1,mode_a,muB0.0,alpha1.1,0.48,u,4,usbar_to_usbar,sbar,0.12586669906701559,0.49249066029807714,0.06833790691945246,0.12505531604040018,0.11807751460751231,1.0064881930037526,1.0116017222368012,0.0008113830266154032
mode_a_muB0p0_alpha1p1_xip0p48_1,mode_a,muB0.0,alpha1.1,0.48,u,5,uubar_to_ssbar,ubar,0.016353970891739754,0.0373374991569232,0.008879204339569605,0.01645957699156066,0.016250824844975822,0.9935839116719066,0.998511156554822,-0.00010560609982090616
mode_a_muB0p0_alpha1p1_xip0p48_1,mode_a,muB0.0,alpha1.1,0.48,u,6,us_to_us,s,0.04927834499476554,0.19281608912256326,0.02675512250944107,0.04947016380095524,0.04908556533283143,0.9961225354546736,0.9988731365472295,-0.0001918188061896947
mode_a_muB0p0_alpha1p1_xip0p48_1,mode_a,muB0.0,alpha1.1,0.48,ubar,1,dubar_to_dubar,u,0.7490993471899989,1.7102571864234788,0.4067150552046675,0.39132258673596243,0.32139678889883144,1.9142757729326767,1.9237687864525914,0.3577767604540365
mode_a_muB0p0_alpha1p1_xip0p48_1,mode_a,muB0.0,alpha1.1,0.48,ubar,2,uubar_to_uubar,u,0.40861945593348625,0.9329127887298031,0.22185533227482146,0.3202740981258079,0.2999526688731692,1.2758429680222692,1.2821699532539572,0.08834535780767833
mode_a_muB0p0_alpha1p1_xip0p48_1,mode_a,muB0.0,alpha1.1,0.48,ubar,3,uubar_to_ddbar,u,0.31659254642866974,0.7228075684871857,0.17189035804280803,0.229264852008983,0.20966111525752323,1.3809031068411004,1.387751091884996,0.08732769441968674
mode_a_muB0p0_alpha1p1_xip0p48_1,mode_a,muB0.0,alpha1.1,0.48,ubar,4,subar_to_subar,s,0.1258666990659185,0.4924906602937844,0.06833790691589027,0.1250553160393865,0.11807751460640796,1.0064881930031384,1.0116017222361837,0.0008113830265319977
mode_a_muB0p0_alpha1p1_xip0p48_1,mode_a,muB0.0,alpha1.1,0.48,ubar,5,uubar_to_ssbar,u,0.016353970891739754,0.0373374991569232,0.00887920433918416,0.01645957699156066,0.016250824844975822,0.9935839116719066,0.998511156554822,-0.00010560609982090616
mode_a_muB0p0_alpha1p1_xip0p48_1,mode_a,muB0.0,alpha1.1,0.48,ubar,6,ubarsbar_to_ubarsbar,sbar,0.04927834499476554,0.19281608912256326,0.026755122508279633,0.04947016380095524,0.04908556533283143,0.9961225354546736,0.9988731365472295,-0.0001918188061896947
mode_a_muB900p0_alpha1p1_xip0p18_1,mode_a,muB900.0,alpha1.1,0.18,dbar,1,ubarsbar_to_ubarsbar,sbar,0.0006727636819513958,0.36331027069462146,0.00038895189341438816,0.0006833115754278957,0.0006617181431312095,0.9845635668181171,0.9978457508019728,-1.054789347649989e-05
mode_a_muB900p0_alpha1p1_xip0p18_1,mode_a,muB900.0,alpha1.1,0.18,dbar,2,ubarubar_to_ubarubar,dbar,0.0030865866150125787,0.43920655998327707,0.0017844805543224655,0.0031460194094638586,0.003020315169547907,0.9811085734968786,0.9981802833043937,-5.943279445127982e-05
mode_a_muB900p0_alpha1p1_xip0p18_1,mode_a,muB900.0,alpha1.1,0.18,dbar,3,ubardbar_to_ubardbar,dbar,0.003978464776318709,0.5661165702989537,0.0023001113899953464,0.004059557538367665,0.003888631889462305,0.9800242363157727,0.9970770781914507,-8.109276204895568e-05
mode_a_muB900p0_alpha1p1_xip0p18_1,mode_a,muB900.0,alpha1.1,0.18,dbar,4,uubar_to_ssbar,d,0.007113480277672696,0.011265825794979195,0.0041125906421425875,0.007227588563267826,0.006999746971497255,0.9842121221211937,0.9963694405157228,-0.00011410828559512993
mode_a_muB900p0_alpha1p1_xip0p18_1,mode_a,muB900.0,alpha1.1,0.18,dbar,5,subar_to_subar,s,0.13495422828886391,0.9012166726440257,0.0780224973871634,0.14625520093209346,0.12534302481660808,0.9227311400127466,0.9356391020073053,-0.011300972643229545
mode_a_muB900p0_alpha1p1_xip0p18_1,mode_a,muB900.0,alpha1.1,0.18,dbar,6,uubar_to_uubar,d,0.49867483168964777,0.7897658477791082,0.28830408832592513,0.6266712562924917,0.45814017418229913,0.7957518821589241,0.8055812764297464,-0.12799642460284388
mode_a_muB900p0_alpha1p1_xip0p18_1,mode_a,muB900.0,alpha1.1,0.18,ubar,1,ubarsbar_to_ubarsbar,sbar,0.0006727636819513958,0.36331027069462146,0.00038895189341438816,0.0006833115754278957,0.0006617181431312095,0.9845635668181171,0.9978457508019728,-1.054789347649989e-05
mode_a_muB900p0_alpha1p1_xip0p18_1,mode_a,muB900.0,alpha1.1,0.18,ubar,2,ubarubar_to_ubarubar,ubar,0.0030865866150125783,0.43920655998327707,0.0017844805543224653,0.0031460194094638586,0.0030203151695479074,0.9811085734968785,0.9981802833043937,-5.943279445128026e-05
mode_a_muB900p0_alpha1p1_xip0p18_1,mode_a,muB900.0,alpha1.1,0.18,ubar,3,ubardbar_to_ubardbar,ubar,0.003978464776318708,0.5661165702989537,0.002300111389995346,0.004059557538367665,0.003888631889462306,0.9800242363157725,0.9970770781914507,-8.109276204895655e-05
mode_a_muB900p0_alpha1p1_xip0p18_1,mode_a,muB900.0,alpha1.1,0.18,ubar,4,uubar_to_ssbar,u,0.007113480277672695,0.011265825794979195,0.0041125906421425875,0.007227588563267826,0.006999746971497255,0.9842121221211936,0.9963694405157228,-0.0001141082855951308
mode_a_muB900p0_alpha1p1_xip0p18_1,mode_a,muB900.0,alpha1.1,0.18,ubar,5,subar_to_subar,s,0.13495422828886391,0.9012166726440257,0.0780224973871634,0.14625520093209346,0.12534302481660808,0.9227311400127466,0.9356391020073053,-0.011300972643229545
mode_a_muB900p0_alpha1p1_xip0p18_1,mode_a,muB900.0,alpha1.1,0.18,ubar,6,uubar_to_uubar,u,0.4986748316896477,0.7897658477791082,0.28830408832592513,0.6266712562924917,0.45814017418229913,0.795751882158924,0.8055812764297464,-0.12799642460284394
mode_a_muB450p0_alpha1p1_xip0p35_1,mode_a,muB450.0,alpha1.1,0.35,d,1,udbar_to_udbar,dbar,0.18286470398972418,1.1739911388741349,0.24693767721833923,0.15506785332150755,0.12051469499105308,1.1792560487091057,1.1865654367174374,0.027796850668216633
mode_a_muB450p0_alpha1p1_xip0p35_1,mode_a,muB450.0,alpha1.1,0.35,d,2,uubar_to_uubar,dbar,0.1272705867935001,0.8170769857439341,0.17186423839762974,0.12100492300987353,0.11105643629614595,1.051780238586783,1.0582994927146223,0.006265663783626557
mode_a_muB450p0_alpha1p1_xip0p35_1,mode_a,muB450.0,alpha1.1,0.35,d,3,uubar_to_ddbar,dbar,0.09726707352037123,0.6244544733113264,0.13134795660892332,0.09133803560722191,0.08153238999232196,1.0649131314652505,1.0715137872613922,0.005929037913149318
mode_a_muB450p0_alpha1p1_xip0p35_1,mode_a,muB450.0,alpha1.1,0.35,d,4,uubar_to_ssbar,dbar,0.005064395578315692,0.032513412391655824,0.006838881716038432,0.005108228560119523,0.00502105464599173,0.9914191424115124,0.9975642600886324,-4.383298180383067e-05
mode_a_muB450p0_alpha1p1_xip0p35_1,mode_a,muB450.0,alpha1.1,0.35,d,5,us_to_us,s,0.06482376013298334,0.18068872725202703,0.08753700635797491,0.06509282943236527,0.06455248583411417,0.9958663757324989,0.9981970819453136,-0.0002690692993819327
mode_a_muB450p0_alpha1p1_xip0p35_1,mode_a,muB450.0,alpha1.1,0.35,d,6,ud_to_ud,d,0.12151607021384246,0.1798769307690719,0.16409342792031134,0.1218642391839264,0.12115179692405047,0.9971429767057548,0.9972144301797948,-0.00034816897008393966
mode_a_muB450p0_alpha1p1_xip0p35_1,mode_a,muB450.0,alpha1.1,0.35,dbar,1,dubar_to_dubar,d,0.7930910820632429,1.1739911388741349,0.3763474064046352,0.672266350095636,0.5228868763183251,1.1797274725269509,1.1865654366726166,0.1208247319676069
mode_a_muB450p0_alpha1p1_xip0p35_1,mode_a,muB450.0,alpha1.1,0.35,dbar,2,uubar_to_uubar,d,0.5519773099600066,0.8170769857439341,0.26193111194395025,0.5245931776956868,0.4818495626134869,1.052200702236744,1.0582994927146223,0.027384132264319794
mode_a_muB450p0_alpha1p1_xip0p35_1,mode_a,muB450.0,alpha1.1,0.35,dbar,3,uubar_to_ddbar,d,0.4218509471993626,0.6244544733113264,0.20018193806289547,0.39597818957964737,0.3537511896372273,1.0653388451701862,1.0715137872613922,0.025872757619715248
mode_a_muB450p0_alpha1p1_xip0p35_1,mode_a,muB450.0,alpha1.1,0.35,dbar,4,ubarsbar_to_ubarsbar,sbar,0.019377633738242767,0.23961444538268514,0.009195314844134236,0.01948298534810784,0.01927148368917237,0.9945926351643383,0.9994204386670691,-0.0001053516098650717
mode_a_muB450p0_alpha1p1_xip0p35_1,mode_a,muB450.0,alpha1.1,0.35,dbar,5,uubar_to_ssbar,d,0.021964473633076822,0.032513412391655824,0.010422854161147011,0.022145725860511535,0.021785256809230904,0.9918154758811538,0.9975642600886324,-0.00018125222743471323
mode_a_muB450p0_alpha1p1_xip0p35_1,mode_a,muB450.0,alpha1.1,0.35,dbar,6,ubarubar_to_ubarubar,dbar,0.03862258472125816,0.24795693883998843,0.018327667423361223,0.0388555559432123,0.038383397760323006,0.9940041722142741,1.0000185576082872,-0.00023297122195414105
mode_a_muB450p0_alpha1p1_xip0p35_1,mode_a,muB450.0,alpha1.1,0.35,u,1,udbar_to_udbar,ubar,0.18286470398972418,1.1739911388741349,0.24693767721833923,0.1550678533249479,0.12051469499105308,1.1792560486829426,1.1865654367174374,0.027796850664776274
mode_a_muB450p0_alpha1p1_xip0p35_1,mode_a,muB450.0,alpha1.1,0.35,u,2,uubar_to_uubar,ubar,0.1272705867935001,0.8170769857439341,0.17186423839762974,0.12100492301255815,0.11105643629614595,1.0517802385634483,1.0582994927146223,0.006265663780941941
mode_a_muB450p0_alpha1p1_xip0p35_1,mode_a,muB450.0,alpha1.1,0.35,u,3,uubar_to_ddbar,ubar,0.09726707352037123,0.6244544733113264,0.13134795660892332,0.09133803560924833,0.08153238999232196,1.0649131314416242,1.0715137872613922,0.0059290379111228975
mode_a_muB450p0_alpha1p1_xip0p35_1,mode_a,muB450.0,alpha1.1,0.35,u,4,uubar_to_ssbar,ubar,0.005064395578315692,0.032513412391655824,0.006838881716038432,0.005108228560232855,0.00502105464599173,0.9914191423895166,0.9975642600886324,-4.3832981917162755e-05
mode_a_muB450p0_alpha1p1_xip0p35_1,mode_a,muB450.0,alpha1.1,0.35,u,5,us_to_us,s,0.06482376013298334,0.18068872725202703,0.08753700635797491,0.06509282943236527,0.06455248583411417,0.9958663757324989,0.9981970819453136,-0.0002690692993819327
mode_a_muB450p0_alpha1p1_xip0p35_1,mode_a,muB450.0,alpha1.1,0.35,u,6,ud_to_ud,u,0.12151607021384246,0.1798769307690719,0.16409342792031134,0.12186423918629037,0.12115179692405047,0.9971429766864119,0.9972144301797948,-0.0003481689724479098
mode_a_muB450p0_alpha1p1_xip0p35_1,mode_a,muB450.0,alpha1.1,0.35,ubar,1,dubar_to_dubar,u,0.7930910820632429,1.1739911388741349,0.3763474064046352,0.6722663501086767,0.5228868763183251,1.179727472504066,1.1865654366726166,0.12082473195456611
mode_a_muB450p0_alpha1p1_xip0p35_1,mode_a,muB450.0,alpha1.1,0.35,ubar,2,uubar_to_uubar,u,0.5519773099600066,0.8170769857439341,0.26193111194395025,0.5245931777058631,0.4818495626134869,1.0522007022163327,1.0582994927146223,0.02738413225414349
mode_a_muB450p0_alpha1p1_xip0p35_1,mode_a,muB450.0,alpha1.1,0.35,ubar,3,uubar_to_ddbar,u,0.4218509471993626,0.6244544733113264,0.20018193806289547,0.3959781895873287,0.3537511896372273,1.0653388451495203,1.0715137872613922,0.025872757612033892
mode_a_muB450p0_alpha1p1_xip0p35_1,mode_a,muB450.0,alpha1.1,0.35,ubar,4,ubarsbar_to_ubarsbar,sbar,0.019377633738242767,0.23961444538268514,0.009195314844134236,0.01948298534810784,0.01927148368917237,0.9945926351643383,0.9994204386670691,-0.0001053516098650717
mode_a_muB450p0_alpha1p1_xip0p35_1,mode_a,muB450.0,alpha1.1,0.35,ubar,5,uubar_to_ssbar,u,0.021964473633076822,0.032513412391655824,0.010422854161147011,0.02214572586094113,0.021785256809230904,0.9918154758619141,0.9975642600886324,-0.00018125222786430709
mode_a_muB450p0_alpha1p1_xip0p35_1,mode_a,muB450.0,alpha1.1,0.35,ubar,6,ubarubar_to_ubarubar,ubar,0.03862258472125816,0.24795693883998843,0.018327667423361223,0.03885555594407435,0.038383397760323006,0.9940041721922209,1.0000185576082872,-0.00023297122281619453
mode_a_muB900p0_alpha1p2_xip0p49_1,mode_a,muB900.0,alpha1.2,0.49,dbar,1,ubarsbar_to_ubarsbar,sbar,0.0012639372340317214,0.34321255235153414,0.0005591016703839103,0.0012767126712044147,0.001250956080833317,0.9899934907353577,0.9988331868408761,-1.2775437172693254e-05
mode_a_muB900p0_alpha1p2_xip0p49_1,mode_a,muB900.0,alpha1.2,0.49,dbar,2,ubarubar_to_ubarubar,dbar,0.004869802083868781,0.4252251674670375,0.0021541532334205687,0.004919091785469049,0.004817459744055991,0.9899799182959202,0.9999838198476614,-4.928970160026757e-05
mode_a_muB900p0_alpha1p2_xip0p49_1,mode_a,muB900.0,alpha1.2,0.49,dbar,3,ubardbar_to_ubardbar,dbar,0.006088501598829635,0.5316405199631555,0.0026932440333151254,0.0061553207634982695,0.006017909815899707,0.9891444869835412,0.9997024563842549,-6.681916466863471e-05
mode_a_muB900p0_alpha1p2_xip0p49_1,mode_a,muB900.0,alpha1.2,0.49,dbar,4,uubar_to_ssbar,d,0.009934695409254074,0.014923241443133634,0.00439460492856239,0.010042396895078942,0.009827681864820349,0.9892753207276995,0.9971728821831768,-0.00010770148582486816
mode_a_muB900p0_alpha1p2_xip0p49_1,mode_a,muB900.0,alpha1.2,0.49,dbar,5,subar_to_subar,s,0.17860599091810916,0.8568709564980612,0.07900622370650262,0.18861561957000203,0.16993976197065985,0.9469310724386857,0.9554113886051914,-0.010009628651892866
mode_a_muB900p0_alpha1p2_xip0p49_1,mode_a,muB900.0,alpha1.2,0.49,dbar,6,uubar_to_uubar,d,0.5977919315843714,0.8979634463157247,0.26443280448723455,0.6467863839899328,0.5239370912060246,0.9242494065763697,0.9316278545530724,-0.04899445240556144
mode_a_muB900p0_alpha1p2_xip0p49_1,mode_a,muB900.0,alpha1.2,0.49,ubar,1,ubarsbar_to_ubarsbar,sbar,0.0012639372340317214,0.34321255235153414,0.0005591016703839103,0.0012767126712044147,0.001250956080833317,0.9899934907353577,0.9988331868408761,-1.2775437172693254e-05
mode_a_muB900p0_alpha1p2_xip0p49_1,mode_a,muB900.0,alpha1.2,0.49,ubar,2,ubarubar_to_ubarubar,ubar,0.004869802083868781,0.4252251674670375,0.0021541532334205687,0.0049190917854690505,0.004817459744055992,0.9899799182959199,0.9999838198476614,-4.9289701600269305e-05
mode_a_muB900p0_alpha1p2_xip0p49_1,mode_a,muB900.0,alpha1.2,0.49,ubar,3,ubardbar_to_ubardbar,ubar,0.006088501598829635,0.5316405199631555,0.0026932440333151254,0.006155320763498271,0.006017909815899708,0.9891444869835408,0.9997024563842549,-6.681916466863645e-05
mode_a_muB900p0_alpha1p2_xip0p49_1,mode_a,muB900.0,alpha1.2,0.49,ubar,4,uubar_to_ssbar,u,0.009934695409254074,0.014923241443133634,0.00439460492856239,0.010042396895078944,0.00982768186482035,0.9892753207276993,0.9971728821831768,-0.0001077014858248699
mode_a_muB900p0_alpha1p2_xip0p49_1,mode_a,muB900.0,alpha1.2,0.49,ubar,5,subar_to_subar,s,0.17860599091810916,0.8568709564980612,0.07900622370650262,0.18861561957000203,0.16993976197065985,0.9469310724386857,0.9554113886051914,-0.010009628651892866
mode_a_muB900p0_alpha1p2_xip0p49_1,mode_a,muB900.0,alpha1.2,0.49,ubar,6,uubar_to_uubar,u,0.5977919315843714,0.8979634463157247,0.26443280448723455,0.6467863839899329,0.5239370912060247,0.9242494065763696,0.9316278545530724,-0.04899445240556155
mode_a_muB450p0_alpha1p0_xim0p20_1,mode_a,muB450.0,alpha1.0,-0.2,dbar,1,ubarsbar_to_ubarsbar,sbar,0.015041712673253499,0.2551855737035243,0.00901165093510105,0.015182812856653979,0.014895640924009362,0.9907065848250483,0.998595264943005,-0.00014110018340048047
mode_a_muB450p0_alpha1p0_xim0p20_1,mode_a,muB450.0,alpha1.0,-0.2,dbar,2,uubar_to_ssbar,d,0.020447589823936862,0.03046942764690756,0.012250369752448328,0.020743110306066737,0.020156228122168517,0.9857533186793379,0.9961780883231338,-0.0002955204821298747
mode_a_muB450p0_alpha1p0_xim0p20_1,mode_a,muB450.0,alpha1.0,-0.2,dbar,3,ubarubar_to_ubarubar,dbar,0.03434141535922156,0.26142477769309425,0.020574309226429603,0.03471818982462519,0.033928417974601825,0.9891476350781288,1.0004626706753883,-0.0003767744654036287
mode_a_muB450p0_alpha1p0_xim0p20_1,mode_a,muB450.0,alpha1.0,-0.2,dbar,4,ubardbar_to_ubardbar,dbar,0.04181666435652318,0.3183302746529143,0.02505281084921559,0.0422178824828257,0.04136941913818305,0.9904964886274025,0.99911682396757,-0.00040121812630251885
mode_a_muB450p0_alpha1p0_xim0p20_1,mode_a,muB450.0,alpha1.0,-0.2,dbar,5,subar_to_subar,s,0.1971713201396014,0.6472013852799663,0.1181274466617517,0.20350323669513395,0.18826924340555803,0.9688854258125715,0.9796331884738202,-0.006331916555532557
mode_a_muB450p0_alpha1p0_xim0p20_1,mode_a,muB450.0,alpha1.0,-0.2,dbar,6,uubar_to_uubar,d,0.4793725888665058,0.7143242082878679,0.2871972449255848,0.5227894647412833,0.4606947184333215,0.916951509540722,0.9266486701592626,-0.043416875874777494
mode_a_muB450p0_alpha1p0_xim0p20_1,mode_a,muB450.0,alpha1.0,-0.2,ubar,1,ubarsbar_to_ubarsbar,sbar,0.015041712673253499,0.2551855737035243,0.00901165093510105,0.015182812856653979,0.014895640924009362,0.9907065848250483,0.998595264943005,-0.00014110018340048047
mode_a_muB450p0_alpha1p0_xim0p20_1,mode_a,muB450.0,alpha1.0,-0.2,ubar,2,uubar_to_ssbar,u,0.020447589823936862,0.03046942764690756,0.012250369752448328,0.020743110306066737,0.020156228122168517,0.9857533186793379,0.9961780883231338,-0.0002955204821298747
mode_a_muB450p0_alpha1p0_xim0p20_1,mode_a,muB450.0,alpha1.0,-0.2,ubar,3,ubarubar_to_ubarubar,ubar,0.03434141535922156,0.26142477769309425,0.020574309226429603,0.034718189824625184,0.03392841797460182,0.989147635078129,1.0004626706753883,-0.00037677446540362175
mode_a_muB450p0_alpha1p0_xim0p20_1,mode_a,muB450.0,alpha1.0,-0.2,ubar,4,ubardbar_to_ubardbar,ubar,0.04181666435652318,0.3183302746529143,0.02505281084921559,0.042217882482825694,0.041369419138183046,0.9904964886274027,0.99911682396757,-0.0004012181263025119
mode_a_muB450p0_alpha1p0_xim0p20_1,mode_a,muB450.0,alpha1.0,-0.2,ubar,5,subar_to_subar,s,0.1971713201396014,0.6472013852799663,0.1181274466617517,0.20350323669513395,0.18826924340555803,0.9688854258125715,0.9796331884738202,-0.006331916555532557
mode_a_muB450p0_alpha1p0_xim0p20_1,mode_a,muB450.0,alpha1.0,-0.2,ubar,6,uubar_to_uubar,u,0.4793725888665058,0.7143242082878679,0.2871972449255848,0.5227894647412833,0.4606947184333215,0.916951509540722,0.9266486701592626,-0.043416875874777494
mode_b_T200p0_muB0p0_xim0p21_1,mode_b,T200.0,muB0.0,-0.21,d,1,uubar_to_ssbar,dbar,0.01492897890985936,0.03493372124009333,0.01290198355099093,0.015122074186540938,0.01473947076653538,0.9872309000538142,0.9968798130511408,-0.00019309527668157772
mode_b_T200p0_muB0p0_xim0p21_1,mode_b,T200.0,muB0.0,-0.21,d,2,us_to_us,s,0.04444687327247819,0.20240880615892654,0.03841205961351943,0.0447497639343844,0.04413552522485592,0.9932314578832118,0.9970208569431052,-0.0003028906619062105
mode_b_T200p0_muB0p0_xim0p21_1,mode_b,T200.0,muB0.0,-0.21,d,3,ud_to_ud,d,0.09682004453405842,0.22655832435884132,0.0836742170731889,0.09736451180675486,0.09621136593983141,0.9944079494407873,0.9964960938996186,-0.0005444672726964417
mode_b_T200p0_muB0p0_xim0p21_1,mode_b,T200.0,muB0.0,-0.21,d,4,uu_to_uu,d,0.08190431889925191,0.1916556157029984,0.07078368732207009,0.08250039119316552,0.08125686345228827,0.992774915545334,0.9981215949149282,-0.0005960722939136048
mode_b_T200p0_muB0p0_xim0p21_1,mode_b,T200.0,muB0.0,-0.21,d,5,usbar_to_usbar,sbar,0.10901711563147123,0.49645841430918325,0.09421522001915458,0.11157245980585426,0.1061151643452958,0.9770969988576971,0.9869511260961201,-0.002555344174383023
mode_b_T200p0_muB0p0_xim0p21_1,mode_b,T200.0,muB0.0,-0.21,d,6,uubar_to_ddbar,dbar,0.21326992212114718,0.49905034049959385,0.1843130091978996,0.2352996108112982,0.20287050448838337,0.9063760088076898,0.9152346691792126,-0.02202968869015101
mode_b_T200p0_muB0p0_xim0p21_1,mode_b,T200.0,muB0.0,-0.21,dbar,1,uubar_to_ssbar,d,0.01492897890985936,0.03493372124009333,0.012901983551004246,0.015122074186540938,0.01473947076653538,0.9872309000538142,0.9968798130511408,-0.00019309527668157772
mode_b_T200p0_muB0p0_xim0p21_1,mode_b,T200.0,muB0.0,-0.21,dbar,2,ubarsbar_to_ubarsbar,sbar,0.04444687327247819,0.20240880615892654,0.03841205961355907,0.0447497639343844,0.04413552522485592,0.9932314578832118,0.9970208569431052,-0.0003028906619062105
mode_b_T200p0_muB0p0_xim0p21_1,mode_b,T200.0,muB0.0,-0.21,dbar,3,ubardbar_to_ubardbar,dbar,0.09682004453405842,0.22655832435884132,0.08367421707327526,0.09736451180675486,0.09621136593983141,0.9944079494407873,0.9964960938996186,-0.0005444672726964417
mode_b_T200p0_muB0p0_xim0p21_1,mode_b,T200.0,muB0.0,-0.21,dbar,4,ubarubar_to_ubarubar,dbar,0.08190431889925191,0.1916556157029984,0.07078368732214314,0.08250039119316552,0.08125686345228827,0.992774915545334,0.9981215949149282,-0.0005960722939136048
mode_b_T200p0_muB0p0_xim0p21_1,mode_b,T200.0,muB0.0,-0.21,dbar,5,subar_to_subar,s,0.10901711563027715,0.49645841430374543,0.09421522001821986,0.11157245980469227,0.10611516434411986,0.9770969988571709,0.9869511260955885,-0.0025553441744151223
mode_b_T200p0_muB0p0_xim0p21_1,mode_b,T200.0,muB0.0,-0.21,dbar,6,uubar_to_ddbar,d,0.21326992212114718,0.49905034049959385,0.18431300919808985,0.2352996108112982,0.20287050448838337,0.9063760088076898,0.9152346691792126,-0.02202968869015101
mode_b_T200p0_muB0p0_xim0p21_1,mode_b,T200.0,muB0.0,-0.21,u,1,uubar_to_ssbar,ubar,0.01492897890985936,0.03493372124009333,0.01290198355099093,0.015122074186540938,0.01473947076653538,0.9872309000538142,0.9968798130511408,-0.00019309527668157772
mode_b_T200p0_muB0p0_xim0p21_1,mode_b,T200.0,muB0.0,-0.21,u,2,us_to_us,s,0.04444687327247819,0.20240880615892654,0.03841205961351943,0.0447497639343844,0.04413552522485592,0.9932314578832118,0.9970208569431052,-0.0003028906619062105
mode_b_T200p0_muB0p0_xim0p21_1,mode_b,T200.0,muB0.0,-0.21,u,3,ud_to_ud,u,0.09682004453405842,0.22655832435884132,0.0836742170731889,0.09736451180675486,0.09621136593983141,0.9944079494407873,0.9964960938996186,-0.0005444672726964417
mode_b_T200p0_muB0p0_xim0p21_1,mode_b,T200.0,muB0.0,-0.21,u,4,uu_to_uu,u,0.08190431889925191,0.1916556157029984,0.07078368732207009,0.08250039119316552,0.08125686345228827,0.992774915545334,0.9981215949149282,-0.0005960722939136048
mode_b_T200p0_muB0p0_xim0p21_1,mode_b,T200.0,muB0.0,-0.21,u,5,usbar_to_usbar,sbar,0.10901711563147123,0.49645841430918325,0.09421522001915458,0.11157245980585426,0.1061151643452958,0.9770969988576971,0.9869511260961201,-0.002555344174383023
mode_b_T200p0_muB0p0_xim0p21_1,mode_b,T200.0,muB0.0,-0.21,u,6,uubar_to_ddbar,ubar,0.21326992212114718,0.49905034049959385,0.1843130091978996,0.2352996108112982,0.20287050448838337,0.9063760088076898,0.9152346691792126,-0.02202968869015101
mode_b_T200p0_muB0p0_xim0p21_1,mode_b,T200.0,muB0.0,-0.21,ubar,1,uubar_to_ssbar,u,0.01492897890985936,0.03493372124009333,0.012901983551004246,0.015122074186540938,0.01473947076653538,0.9872309000538142,0.9968798130511408,-0.00019309527668157772
mode_b_T200p0_muB0p0_xim0p21_1,mode_b,T200.0,muB0.0,-0.21,ubar,2,ubarsbar_to_ubarsbar,sbar,0.04444687327247819,0.20240880615892654,0.03841205961355907,0.0447497639343844,0.04413552522485592,0.9932314578832118,0.9970208569431052,-0.0003028906619062105
mode_b_T200p0_muB0p0_xim0p21_1,mode_b,T200.0,muB0.0,-0.21,ubar,3,ubardbar_to_ubardbar,ubar,0.09682004453405842,0.22655832435884132,0.08367421707327526,0.09736451180675486,0.09621136593983141,0.9944079494407873,0.9964960938996186,-0.0005444672726964417
mode_b_T200p0_muB0p0_xim0p21_1,mode_b,T200.0,muB0.0,-0.21,ubar,4,ubarubar_to_ubarubar,ubar,0.08190431889925191,0.1916556157029984,0.07078368732214314,0.08250039119316552,0.08125686345228827,0.992774915545334,0.9981215949149282,-0.0005960722939136048
mode_b_T200p0_muB0p0_xim0p21_1,mode_b,T200.0,muB0.0,-0.21,ubar,5,subar_to_subar,s,0.10901711563027715,0.49645841430374543,0.09421522001821986,0.11157245980469227,0.10611516434411986,0.9770969988571709,0.9869511260955885,-0.0025553441744151223
mode_b_T200p0_muB0p0_xim0p21_1,mode_b,T200.0,muB0.0,-0.21,ubar,6,uubar_to_ddbar,u,0.21326992212114718,0.49905034049959385,0.18431300919808985,0.2352996108112982,0.20287050448838337,0.9063760088076898,0.9152346691792126,-0.02202968869015101
