T_MeV,mu_MeV,xi,pressure_fm4,rho,entropy_fm3,energy_fm4,phi_u,phi_d,phi_s,Phi1,Phi2,iterations,residual_norm,converged,message
50.000000,0.000000,0.000000,21.608012,0.000000,0.000000,-21.608012,-1.843295,-1.843295,-2.227009,0.000020,0.000020,2,0.000000,true,
50.000000,10.000000,0.000000,21.608012,0.000000,0.000000,-21.608012,-1.843295,-1.843295,-2.227009,0.000016,0.000024,1,0.000000,true,
50.000000,20.000000,0.000000,21.608012,0.000000,0.000000,-21.608012,-1.843295,-1.843295,-2.227009,0.000013,0.000029,1,0.000000,true,
50.000000,30.000000,0.000000,21.608012,0.000000,0.000000,-21.608012,-1.843295,-1.843295,-2.227009,0.000011,0.000036,1,0.000000,true,
50.000000,40.000000,0.000000,21.608012,0.000000,0.000000,-21.608012,-1.843295,-1.843295,-2.227009,0.000009,0.000043,1,0.000000,true,
50.000000,50.000000,0.000000,21.608012,0.000000,0.000000,-21.608012,-1.843295,-1.843295,-2.227009,0.000007,0.000053,1,0.000000,true,
50.000000,60.000000,0.000000,21.608012,0.000000,0.000000,-21.608012,-1.843295,-1.843295,-2.227009,0.000006,0.000065,1,0.000000,true,
50.000000,70.000000,0.000000,21.608012,0.000000,0.000000,-21.608012,-1.843295,-1.843295,-2.227009,0.000005,0.000079,2,0.000000,true,
50.000000,80.000000,0.000000,21.608012,0.000000,0.000000,-21.608012,-1.843295,-1.843295,-2.227009,0.000004,0.000097,2,0.000000,true,
50.000000,90.000000,0.000000,21.608012,0.000000,0.000000,-21.608012,-1.843295,-1.843295,-2.227009,0.000003,0.000118,2,0.000000,true,
50.000000,100.000000,0.000000,21.608012,0.000000,0.000000,-21.608012,-1.843295,-1.843295,-2.227009,0.000003,0.000144,2,0.000000,true,
50.000000,110.000000,0.000000,21.608012,0.000000,0.000000,-21.608012,-1.843295,-1.843295,-2.227009,0.000003,0.000176,2,0.000000,true,
50.000000,120.000000,0.000000,21.608012,0.000000,0.000000,-21.608012,-1.843295,-1.843295,-2.227009,0.000002,0.000215,2,0.000000,true,
50.000000,130.000000,0.000000,21.608012,0.000000,0.000000,-21.608012,-1.843295,-1.843295,-2.227009,0.000002,0.000263,2,0.000000,true,
50.000000,140.000000,0.000000,21.608012,0.000000,0.000000,-21.608012,-1.843294,-1.843294,-2.227009,0.000002,0.000321,2,0.000000,true,
50.000000,150.000000,0.000000,21.608012,0.000000,0.000001,-21.608012,-1.843294,-1.843294,-2.227009,0.000003,0.000392,2,0.000000,true,
50.000000,160.000000,0.000000,21.608012,0.000000,0.000001,-21.608012,-1.843294,-1.843294,-2.227009,0.000004,0.000479,2,0.000000,true,
50.000000,170.000000,0.000000,21.608012,0.000001,0.000002,-21.608011,-1.843294,-1.843294,-2.227009,0.000005,0.000585,2,0.000000,true,
50.000000,180.000000,0.000000,21.608012,0.000002,0.000004,-21.608011,-1.843294,-1.843294,-2.227009,0.000007,0.000714,2,0.000000,true,
50.000000,190.000000,0.000000,21.608012,0.000003,0.000007,-21.608009,-1.843293,-1.843293,-2.227009,0.000010,0.000872,2,0.000000,true,
50.000000,200.000000,0.000000,21.608012,0.000005,0.000011,-21.608007,-1.843292,-1.843292,-2.227009,0.000015,0.001065,2,0.000000,true,
50.000000,210.000000,0.000000,21.608013,0.000010,0.000020,-21.608002,-1.843290,-1.843290,-2.227008,0.000022,0.001301,2,0.000000,true,
50.000000,220.000000,0.000000,21.608013,0.000018,0.000034,-21.607994,-1.843285,-1.843285,-2.227008,0.000032,0.001590,2,0.000000,true,
50.000000,230.000000,0.000000,21.608013,0.000033,0.000059,-21.607980,-1.843278,-1.843278,-2.227007,0.000047,0.001941,2,0.000000,true,
50.000000,240.000000,0.000000,21.608015,0.000060,0.000102,-21.607953,-1.843264,-1.843264,-2.227005,0.000071,0.002371,2,0.000000,true,
50.000000,250.000000,0.000000,21.608017,0.000110,0.000176,-21.607905,-1.843239,-1.843239,-2.227001,0.000105,0.002896,2,0.000000,true,
50.000000,260.000000,0.000000,21.608020,0.000201,0.000302,-21.607817,-1.843193,-1.843193,-2.226995,0.000157,0.003538,2,0.000000,true,
50.000000,270.000000,0.000000,21.608027,0.000366,0.000514,-21.607656,-1.843109,-1.843109,-2.226983,0.000234,0.004322,2,0.000000,true,
50.000000,280.000000,0.000000,21.608039,0.000667,0.000874,-21.607364,-1.842957,-1.842957,-2.226962,0.000349,0.005280,2,0.000000,true,
50.000000,290.000000,0.000000,21.608061,0.001217,0.001478,-21.606829,-1.842678,-1.842678,-2.226922,0.000521,0.006451,2,0.000000,true,
50.000000,300.000000,0.000000,21.608102,0.002223,0.002485,-21.605850,-1.842168,-1.842168,-2.226850,0.000779,0.007886,2,0.000000,true,
50.000000,310.000000,0.000000,21.608176,0.004069,0.004156,-21.604055,-1.841232,-1.841232,-2.226719,0.001165,0.009644,2,0.000000,true,
50.000000,320.000000,0.000000,21.608312,0.007478,0.006912,-21.600740,-1.839504,-1.839504,-2.226475,0.001747,0.011809,2,0.000000,true,
50.000000,330.000000,0.000000,21.608564,0.013845,0.011439,-21.594551,-1.836272,-1.836272,-2.226020,0.002630,0.014490,3,0.000000,true,
50.000000,340.000000,0.000000,21.609032,0.026011,0.018890,-21.582733,-1.830087,-1.830087,-2.225150,0.003994,0.017856,3,0.000000,true,
50.000000,350.000000,0.000000,21.609926,0.050392,0.031355,-21.559079,-1.817656,-1.817656,-2.223404,0.006174,0.022199,3,0.000000,true,
50.000000,360.000000,0.000000,21.611721,0.105458,0.053579,-21.505795,-1.789389,-1.789389,-2.219450,0.009978,0.028222,3,0.000000,true,
50.000000,370.000000,0.000000,21.702738,2.966516,0.338092,-18.947120,-0.156254,-0.156254,-2.070104,0.060391,0.072801,4,0.000000,true,"seed[continuation] failed (iterations=9, residual=0.000239, converged=false)"
50.000000,380.000000,0.000000,21.777533,3.176192,0.332080,-18.757463,-0.129600,-0.129600,-2.068792,0.060416,0.074862,3,0.000000,true,
50.000000,390.000000,0.000000,21.857031,3.357909,0.343562,-18.584399,-0.112645,-0.112645,-2.067242,0.061549,0.079309,3,0.000000,true,
50.000000,400.000000,0.000000,21.940927,3.543527,0.382143,-18.396231,-0.099461,-0.099461,-2.064965,0.065094,0.086337,3,0.000000,true,
60.000000,0.000000,0.000000,21.608012,0.000000,0.000002,-21.608012,-1.843294,-1.843294,-2.227009,0.000097,0.000097,2,0.000000,true,
60.000000,10.000000,0.000000,21.608012,0.000000,0.000002,-21.608012,-1.843294,-1.843294,-2.227009,0.000082,0.000114,2,0.000000,true,
60.000000,20.000000,0.000000,21.608012,0.000000,0.000002,-21.608012,-1.843294,-1.843294,-2.227009,0.000070,0.000135,2,0.000000,true,
60.000000,30.000000,0.000000,21.608012,0.000000,0.000002,-21.608012,-1.843294,-1.843294,-2.227009,0.000059,0.000160,2,0.000000,true,
60.000000,40.000000,0.000000,21.608012,0.000000,0.000002,-21.608012,-1.843294,-1.843294,-2.227009,0.000050,0.000189,2,0.000000,true,
60.000000,50.000000,0.000000,21.608012,0.000000,0.000002,-21.608012,-1.843294,-1.843294,-2.227009,0.000043,0.000223,2,0.000000,true,
60.000000,60.000000,0.000000,21.608012,0.000000,0.000002,-21.608012,-1.843294,-1.843294,-2.227009,0.000036,0.000263,2,0.000000,true,
60.000000,70.000000,0.000000,21.608012,0.000000,0.000002,-21.608012,-1.843294,-1.843294,-2.227009,0.000031,0.000311,2,0.000000,true,
60.000000,80.000000,0.000000,21.608012,0.000000,0.000002,-21.608012,-1.843294,-1.843294,-2.227009,0.000027,0.000367,2,0.000000,true,
60.000000,90.000000,0.000000,21.608012,0.000000,0.000002,-21.608011,-1.843294,-1.843294,-2.227009,0.000023,0.000434,2,0.000000,true,
60.000000,100.000000,0.000000,21.608012,0.000000,0.000002,-21.608011,-1.843294,-1.843294,-2.227009,0.000021,0.000512,2,0.000000,true,
60.000000,110.000000,0.000000,21.608012,0.000000,0.000003,-21.608011,-1.843294,-1.843294,-2.227009,0.000019,0.000605,2,0.000000,true,
60.000000,120.000000,0.000000,21.608012,0.000001,0.000004,-21.608011,-1.843294,-1.843294,-2.227009,0.000018,0.000715,2,0.000000,true,
60.000000,130.000000,0.000000,21.608012,0.000001,0.000005,-21.608010,-1.843294,-1.843294,-2.227009,0.000018,0.000845,2,0.000000,true,
60.000000,140.000000,0.000000,21.608012,0.000002,0.000007,-21.608010,-1.843293,-1.843293,-2.227009,0.000019,0.000998,2,0.000000,true,
60.000000,150.000000,0.000000,21.608012,0.000003,0.000009,-21.608008,-1.843293,-1.843293,-2.227009,0.000021,0.001179,2,0.000000,true,
60.000000,160.000000,0.000000,21.608012,0.000006,0.000014,-21.608006,-1.843292,-1.843292,-2.227009,0.000025,0.001393,2,0.000000,true,
60.000000,170.000000,0.000000,21.608013,0.000009,0.000021,-21.608002,-1.843290,-1.843290,-2.227008,0.000031,0.001645,2,0.000000,true,
60.000000,180.000000,0.000000,21.608013,0.000016,0.000033,-21.607996,-1.843287,-1.843287,-2.227008,0.000040,0.001944,2,0.000000,true,
60.000000,190.000000,0.000000,21.608013,0.000026,0.000051,-21.607986,-1.843282,-1.843282,-2.227007,0.000053,0.002296,2,0.000000,true,
60.000000,200.000000,0.000000,21.608014,0.000042,0.000080,-21.607969,-1.843273,-1.843273,-2.227006,0.000071,0.002713,2,0.000000,true,
60.000000,210.000000,0.000000,21.608016,0.000070,0.000125,-21.607942,-1.843260,-1.843260,-2.227004,0.000097,0.003205,2,0.000000,true,
60.000000,220.000000,0.000000,21.608018,0.000115,0.000196,-21.607896,-1.843237,-1.843237,-2.227001,0.000134,0.003786,2,0.000000,true,
60.000000,230.000000,0.000000,21.608021,0.000190,0.000307,-21.607822,-1.843200,-1.843200,-2.226996,0.000186,0.004473,2,0.000000,true,
60.000000,240.000000,0.000000,21.608027,0.000314,0.000480,-21.607698,-1.843139,-1.843139,-2.226987,0.000259,0.005285,2,0.000000,true,
60.000000,250.000000,0.000000,21.608037,0.000518,0.000750,-21.607495,-1.843038,-1.843038,-2.226972,0.000360,0.006244,2,0.000000,true,
60.000000,260.000000,0.000000,21.608054,0.000854,0.001167,-21.607159,-1.842871,-1.842871,-2.226948,0.000502,0.007378,2,0.000000,true,
60.000000,270.000000,0.000000,21.608081,0.001410,0.001813,-21.606604,-1.842596,-1.842596,-2.226909,0.000701,0.008720,2,0.000000,true,
60.000000,280.000000,0.000000,21.608125,0.002329,0.002807,-21.605686,-1.842140,-1.842140,-2.226843,0.000979,0.010307,2,0.000000,true,
60.000000,290.000000,0.000000,21.608199,0.003853,0.004332,-21.604164,-1.841384,-1.841384,-2.226735,0.001368,0.012188,2,0.000000,true,
60.000000,300.000000,0.000000,21.608321,0.006387,0.006665,-21.601633,-1.840126,-1.840126,-2.226554,0.001916,0.014422,3,0.000000,true,
60.000000,310.000000,0.000000,21.608523,0.010630,0.010226,-21.597398,-1.838020,-1.838020,-2.226252,0.002688,0.017084,3,0.000000,true,
60.000000,320.000000,0.000000,21.608861,0.017805,0.015663,-21.590239,-1.834454,-1.834454,-2.225740,0.003785,0.020275,3,0.000000,true,
60.000000,330.000000,0.000000,21.609431,0.030166,0.024003,-21.577918,-1.828301,-1.828301,-2.224858,0.005367,0.024143,3,0.000000,true,
60.000000,340.000000,0.000000,21.610406,0.052209,0.036995,-21.555978,-1.817294,-1.817294,-2.223283,0.007703,0.028926,3,0.000000,true,
60.000000,350.000000,0.000000,21.612130,0.094464,0.058099,-21.514040,-1.796070,-1.796070,-2.220257,0.011346,0.035106,3,0.000000,true,
60.000000,360.000000,0.000000,21.615429,0.193641,0.097438,-21.416230,-1.745594,-1.745594,-2.213120,0.017962,0.044172,4,0.000000,true,
60.000000,370.000000,0.000000,21.723242,2.977541,0.478463,-18.897885,-0.160032,-0.160032,-2.065722,0.077511,0.098397,5,0.000000,true,"seed[continuation] failed (iterations=8, residual=0.009506, converged=false)"
60.000000,380.000000,0.000000,21.798510,3.208475,0.503223,-18.679732,-0.130947,-0.130947,-2.062989,0.080707,0.103063,3,0.000000,true,
60.000000,390.000000,0.000000,21.879283,3.433201,0.542322,-18.457377,-0.110813,-0.110813,-2.059527,0.084922,0.109213,3,0.000000,true,
60.000000,400.000000,0.000000,21.965648,3.671662,0.601601,-18.210181,-0.095037,-0.095037,-2.054684,0.090836,0.116916,3,0.000000,true,
70.000000,0.000000,0.000000,21.608013,0.000000,0.000016,-21.608007,-1.843293,-1.843293,-2.227009,0.000326,0.000326,2,0.000000,true,
70.000000,10.000000,0.000000,21.608013,0.000000,0.000016,-21.608007,-1.843293,-1.843293,-2.227009,0.000283,0.000376,2,0.000000,true,
70.000000,20.000000,0.000000,21.608013,0.000000,0.000016,-21.608007,-1.843293,-1.843293,-2.227009,0.000246,0.000433,2,0.000000,true,
70.000000,30.000000,0.000000,21.608013,0.000000,0.000017,-21.608007,-1.843293,-1.843293,-2.227009,0.000214,0.000500,2,0.000000,true,
70.000000,40.000000,0.000000,21.608013,0.000000,0.000017,-21.608007,-1.843293,-1.843293,-2.227009,0.000186,0.000576,2,0.000000,true,
70.000000,50.000000,0.000000,21.608013,0.000000,0.000017,-21.608006,-1.843293,-1.843293,-2.227009,0.000162,0.000665,2,0.000000,true,
70.000000,60.000000,0.000000,21.608013,0.000000,0.000017,-21.608006,-1.843293,-1.843293,-2.227009,0.000142,0.000767,2,0.000000,true,
70.000000,70.000000,0.000000,21.608013,0.000001,0.000018,-21.608006,-1.843292,-1.843292,-2.227009,0.000125,0.000884,2,0.000000,true,
70.000000,80.000000,0.000000,21.608013,0.000001,0.000019,-21.608006,-1.843292,-1.843292,-2.227009,0.000111,0.001020,2,0.000000,true,
70.000000,90.000000,0.000000,21.608013,0.000002,0.000020,-21.608005,-1.843292,-1.843292,-2.227009,0.000100,0.001177,2,0.000000,true,
70.000000,100.000000,0.000000,21.608013,0.000003,0.000023,-21.608004,-1.843292,-1.843292,-2.227009,0.000091,0.001357,2,0.000000,true,
70.000000,110.000000,0.000000,21.608013,0.000004,0.000026,-21.608002,-1.843291,-1.843291,-2.227008,0.000085,0.001566,2,0.000000,true,
70.000000,120.000000,0.000000,21.608013,0.000006,0.000031,-21.608000,-1.843290,-1.843290,-2.227008,0.000082,0.001806,2,0.000000,true,
70.000000,130.000000,0.000000,21.608013,0.000010,0.000038,-21.607997,-1.843288,-1.843288,-2.227008,0.000082,0.002083,2,0.000000,true,
70.000000,140.000000,0.000000,21.608013,0.000015,0.000048,-21.607991,-1.843285,-1.843285,-2.227008,0.000086,0.002403,2,0.000000,true,
70.000000,150.000000,0.000000,21.608014,0.000023,0.000064,-21.607983,-1.843282,-1.843282,-2.227007,0.000094,0.002772,2,0.000000,true,
70.000000,160.000000,0.000000,21.608015,0.000036,0.000087,-21.607970,-1.843275,-1.843275,-2.227006,0.000107,0.003198,2,0.000000,true,
70.000000,170.000000,0.000000,21.608016,0.000055,0.000122,-21.607950,-1.843266,-1.843266,-2.227005,0.000127,0.003689,2,0.000000,true,
70.000000,180.000000,0.000000,21.608017,0.000085,0.000172,-21.607919,-1.843252,-1.843252,-2.227003,0.000156,0.004256,2,0.000000,true,
70.000000,190.000000,0.000000,21.608020,0.000130,0.000247,-21.607872,-1.843230,-1.843230,-2.226999,0.000196,0.004910,2,0.000000,true,
70.000000,200.000000,0.000000,21.608024,0.000200,0.000356,-21.607800,-1.843196,-1.843196,-2.226994,0.000250,0.005664,2,0.000000,true,
70.000000,210.000000,0.000000,21.608030,0.000307,0.000518,-21.607689,-1.843145,-1.843145,-2.226987,0.000325,0.006534,2,0.000000,true,
70.000000,220.000000,0.000000,21.608039,0.000472,0.000754,-21.607519,-1.843065,-1.843065,-2.226975,0.000425,0.007538,2,0.000000,true,
70.000000,230.000000,0.000000,21.608054,0.000724,0.001099,-21.607258,-1.842943,-1.842943,-2.226957,0.000559,0.008697,2,0.000000,true,
70.000000,240.000000,0.000000,21.608076,0.001113,0.001604,-21.606857,-1.842756,-1.842756,-2.226929,0.000738,0.010035,2,0.000000,true,
70.000000,250.000000,0.000000,21.608109,0.001710,0.002339,-21.606240,-1.842467,-1.842467,-2.226886,0.000978,0.011580,2,0.000000,true,
70.000000,260.000000,0.000000,21.608161,0.002630,0.003407,-21.605290,-1.842023,-1.842023,-2.226819,0.001298,0.013365,2,0.000000,true,
70.000000,270.000000,0.000000,21.608241,0.004048,0.004956,-21.603825,-1.841338,-1.841338,-2.226717,0.001727,0.015430,3,0.000000,true,
70.000000,280.000000,0.000000,21.608365,0.006240,0.007198,-21.601561,-1.840279,-1.840279,-2.226560,0.002300,0.017821,3,0.000000,true,
70.000000,290.000000,0.000000,21.608555,0.009642,0.010442,-21.598049,-1.838634,-1.838634,-2.226315,0.003070,0.020597,3,0.000000,true,
70.000000,300.000000,0.000000,21.608849,0.014952,0.015134,-21.592569,-1.836065,-1.836065,-2.225932,0.004107,0.023831,3,0.000000,true,
70.000000,310.000000,0.000000,21.609307,0.023324,0.021940,-21.583936,-1.832009,-1.832009,-2.225329,0.005514,0.027620,3,0.000000,true,
70.000000,320.000000,0.000000,21.610024,0.036734,0.031875,-21.570123,-1.825500,-1.825500,-2.224362,0.007445,0.032102,3,0.000000,true,
70.000000,330.000000,0.000000,21.611163,0.058824,0.046601,-21.547412,-1.814741,-1.814741,-2.222767,0.010150,0.037493,3,0.000000,true,
70.000000,340.000000,0.000000,21.613015,0.097166,0.069161,-21.508119,-1.795960,-1.795960,-2.219995,0.014089,0.044187,3,0.000000,true,
70.000000,350.000000,0.000000,21.616175,0.172070,0.106721,-21.431820,-1.758867,-1.758867,-2.214560,0.020358,0.053143,3,0.000000,true,
70.000000,360.000000,0.000000,21.622503,0.432185,0.204313,-21.171559,-1.625521,-1.625521,-2.195505,0.035945,0.070713,5,0.000000,true,
70.000000,370.000000,0.000000,21.752142,3.052714,0.672939,-18.765892,-0.157054,-0.157054,-2.057032,0.100070,0.128044,5,0.000000,true,"seed[continuation] failed (iterations=487, residual=0.020462, converged=false)"
70.000000,380.000000,0.000000,21.829458,3.304332,0.729277,-18.516381,-0.127725,-0.127725,-2.051897,0.106097,0.134911,3,0.000000,true,
70.000000,390.000000,0.000000,21.912952,3.562615,0.798107,-18.250052,-0.106569,-0.106569,-2.045313,0.112992,0.142709,3,0.000000,true,
70.000000,400.000000,0.000000,22.002929,3.839187,0.882444,-17.954345,-0.090068,-0.090068,-2.036455,0.121045,0.151447,3,0.000000,true,
80.000000,0.000000,0.000000,21.608015,-0.000000,0.000100,-21.607974,-1.843283,-1.843283,-2.227006,0.000858,0.000858,2,0.000000,true,
80.000000,10.000000,0.000000,21.608015,0.000000,0.000101,-21.607974,-1.843283,-1.843283,-2.227006,0.000759,0.000970,2,0.000000,true,
80.000000,20.000000,0.000000,21.608015,0.000001,0.000101,-21.607974,-1.843283,-1.843283,-2.227006,0.000672,0.001098,2,0.000000,true,
80.000000,30.000000,0.000000,21.608015,0.000001,0.000102,-21.607974,-1.843283,-1.843283,-2.227006,0.000596,0.001244,2,0.000000,true,
80.000000,40.000000,0.000000,21.608015,0.000002,0.000103,-21.607973,-1.843283,-1.843283,-2.227006,0.000529,0.001409,2,0.000000,true,
80.000000,50.000000,0.000000,21.608015,0.000002,0.000105,-21.607972,-1.843283,-1.843283,-2.227006,0.000472,0.001596,2,0.000000,true,
80.000000,60.000000,0.000000,21.608015,0.000004,0.000107,-21.607971,-1.843282,-1.843282,-2.227006,0.000423,0.001808,2,0.000000,true,
80.000000,70.000000,0.000000,21.608015,0.000005,0.000111,-21.607969,-1.843281,-1.843281,-2.227006,0.000381,0.002048,2,0.000000,true,
80.000000,80.000000,0.000000,21.608015,0.000008,0.000116,-21.607967,-1.843280,-1.843280,-2.227006,0.000346,0.002320,2,0.000000,true,
80.000000,90.000000,0.000000,21.608016,0.000011,0.000124,-21.607963,-1.843278,-1.843278,-2.227006,0.000319,0.002629,2,0.000000,true,
80.000000,100.000000,0.000000,21.608016,0.000016,0.000135,-21.607957,-1.843276,-1.843276,-2.227005,0.000298,0.002979,2,0.000000,true,
80.000000,110.000000,0.000000,21.608016,0.000024,0.000150,-21.607949,-1.843273,-1.843273,-2.227005,0.000284,0.003375,2,0.000000,true,
80.000000,120.000000,0.000000,21.608017,0.000035,0.000171,-21.607938,-1.843268,-1.843268,-2.227004,0.000278,0.003825,2,0.000000,true,
80.000000,130.000000,0.000000,21.608018,0.000051,0.000201,-21.607920,-1.843260,-1.843260,-2.227003,0.000281,0.004334,2,0.000000,true,
80.000000,140.000000,0.000000,21.608020,0.000074,0.000244,-21.607896,-1.843249,-1.843249,-2.227001,0.000293,0.004911,2,0.000000,true,
80.000000,150.000000,0.000000,21.608022,0.000107,0.000304,-21.607860,-1.843234,-1.843234,-2.226999,0.000317,0.005565,2,0.000000,true,
80.000000,160.000000,0.000000,21.608025,0.000156,0.000388,-21.607807,-1.843211,-1.843211,-2.226995,0.000354,0.006306,2,0.000000,true,
80.000000,170.000000,0.000000,21.608030,0.000227,0.000507,-21.607730,-1.843178,-1.843178,-2.226990,0.000408,0.007146,2,0.000000,true,
80.000000,180.000000,0.000000,21.608036,0.000330,0.000673,-21.607619,-1.843130,-1.843130,-2.226982,0.000484,0.008098,2,0.000000,true,
80.000000,190.000000,0.000000,21.608046,0.000480,0.000905,-21.607457,-1.843059,-1.843059,-2.226971,0.000585,0.009176,2,0.000000,true,
80.000000,200.000000,0.000000,21.608060,0.000699,0.001231,-21.607221,-1.842957,-1.842957,-2.226955,0.000719,0.010399,2,0.000000,true,
80.000000,210.000000,0.000000,21.608081,0.001017,0.001686,-21.606877,-1.842808,-1.842808,-2.226931,0.000896,0.011786,2,0.000000,true,
80.000000,220.000000,0.000000,21.608111,0.001481,0.002322,-21.606377,-1.842592,-1.842592,-2.226897,0.001126,0.013358,2,0.000000,true,
80.000000,230.000000,0.000000,21.608155,0.002158,0.003207,-21.605647,-1.842275,-1.842275,-2.226847,0.001425,0.015142,2,0.000000,true,
80.000000,240.000000,0.000000,21.608218,0.003144,0.004440,-21.604583,-1.841814,-1.841814,-2.226774,0.001811,0.017167,3,0.000000,true,
80.000000,250.000000,0.000000,21.608311,0.004586,0.006153,-21.603028,-1.841140,-1.841140,-2.226667,0.002312,0.019466,3,0.000000,true,
80.000000,260.000000,0.000000,21.608447,0.006696,0.008532,-21.600753,-1.840153,-1.840153,-2.226511,0.002960,0.022081,3,0.000000,true,
80.000000,270.000000,0.000000,21.608645,0.009793,0.011836,-21.597415,-1.838704,-1.838704,-2.226282,0.003798,0.025059,3,0.000000,true,
80.000000,280.000000,0.000000,21.608935,0.014356,0.016426,-21.592498,-1.836567,-1.836567,-2.225944,0.004886,0.028460,3,0.000000,true,
80.000000,290.000000,0.000000,21.609361,0.021123,0.022813,-21.585211,-1.833394,-1.833394,-2.225443,0.006303,0.032358,3,0.000000,true,
80.000000,300.000000,0.000000,21.609990,0.031253,0.031739,-21.574315,-1.828638,-1.828638,-2.224692,0.008162,0.036850,3,0.000000,true,
80.000000,310.000000,0.000000,21.610924,0.046644,0.044312,-21.557786,-1.821393,-1.821393,-2.223552,0.010626,0.042075,3,0.000000,true,
80.000000,320.000000,0.000000,21.612328,0.070606,0.062296,-21.532112,-1.810071,-1.810071,-2.221775,0.013949,0.048243,3,0.000000,true,
80.000000,330.000000,0.000000,21.614478,0.109548,0.088785,-21.490546,-1.791559,-1.791559,-2.218883,0.018575,0.055723,3,0.000000,true,
80.000000,340.000000,0.000000,21.617894,0.178584,0.130378,-21.417338,-1.758386,-1.758386,-2.213746,0.025446,0.065310,3,0.000000,true,
80.000000,350.000000,0.000000,21.623822,0.336822,0.210211,-21.251836,-1.680543,-1.680543,-2.201923,0.037877,0.079895,4,0.000000,true,
80.000000,360.000000,0.000000,21.718313,2.927921,0.864884,-18.803681,-0.189080,-0.189080,-2.048846,0.121476,0.154438,7,0.000000,true,"seed[continuation] failed (iterations=7, residual=0.013764, converged=false) | seed[seed-cache] failed (iterations=12, residual=0.013467, converged=false)"
80.000000,370.000000,0.000000,21.792791,3.195714,0.947454,-18.532441,-0.148534,-0.148534,-2.041466,0.129687,0.162794,3,0.000000,true,
80.000000,380.000000,0.000000,21.873830,3.468931,1.038965,-18.246094,-0.120811,-0.120811,-2.032555,0.138354,0.171646,3,0.000000,true,
80.000000,390.000000,0.000000,21.961668,3.755948,1.142808,-17.935163,-0.100344,-0.100344,-2.021193,0.147746,0.181137,3,0.000000,true,
80.000000,400.000000,0.000000,22.056727,4.063748,1.260872,-17.591502,-0.084397,-0.084397,-2.006300,0.157978,0.191282,3,0.000000,true,
90.000000,0.000000,0.000000,21.608027,-0.000000,0.000447,-21.607823,-1.843244,-1.843244,-2.226996,0.001911,0.001911,3,0.000000,true,
90.000000,10.000000,0.000000,21.608027,0.000002,0.000448,-21.607823,-1.843244,-1.843244,-2.226996,0.001717,0.002130,2,0.000000,true,
90.000000,20.000000,0.000000,21.608027,0.000004,0.000450,-21.607821,-1.843243,-1.843243,-2.226995,0.001545,0.002376,2,0.000000,true,
90.000000,30.000000,0.000000,21.608027,0.000006,0.000454,-21.607820,-1.843243,-1.843243,-2.226995,0.001393,0.002651,2,0.000000,true,
90.000000,40.000000,0.000000,21.608027,0.000009,0.000460,-21.607817,-1.843241,-1.843241,-2.226995,0.001259,0.002959,2,0.000000,true,
90.000000,50.000000,0.000000,21.608028,0.000013,0.000468,-21.607813,-1.843240,-1.843240,-2.226995,0.001143,0.003305,2,0.000000,true,
90.000000,60.000000,0.000000,21.608028,0.000019,0.000479,-21.607807,-1.843237,-1.843237,-2.226994,0.001043,0.003691,2,0.000000,true,
90.000000,70.000000,0.000000,21.608029,0.000026,0.000495,-21.607798,-1.843234,-1.843234,-2.226994,0.000958,0.004123,2,0.000000,true,
90.000000,80.000000,0.000000,21.608029,0.000037,0.000517,-21.607786,-1.843229,-1.843229,-2.226993,0.000889,0.004607,2,0.000000,true,
90.000000,90.000000,0.000000,21.608030,0.000052,0.000547,-21.607770,-1.843223,-1.843223,-2.226992,0.000835,0.005147,2,0.000000,true,
90.000000,100.000000,0.000000,21.608032,0.000072,0.000587,-21.607746,-1.843214,-1.843214,-2.226990,0.000796,0.005751,2,0.000000,true,
90.000000,110.000000,0.000000,21.608034,0.000101,0.000642,-21.607714,-1.843201,-1.843201,-2.226988,0.000774,0.006427,2,0.000000,true,
90.000000,120.000000,0.000000,21.608037,0.000140,0.000717,-21.607669,-1.843183,-1.843183,-2.226985,0.000769,0.007181,2,0.000000,true,
90.000000,130.000000,0.000000,21.608041,0.000196,0.000819,-21.607605,-1.843158,-1.843158,-2.226981,0.000784,0.008025,2,0.000000,true,
90.000000,140.000000,0.000000,21.608047,0.000273,0.000957,-21.607517,-1.843123,-1.843123,-2.226975,0.000821,0.008968,2,0.000000,true,
90.000000,150.000000,0.000000,21.608054,0.000382,0.001143,-21.607394,-1.843075,-1.843075,-2.226966,0.000884,0.010022,2,0.000000,true,
90.000000,160.000000,0.000000,21.608065,0.000533,0.001396,-21.607221,-1.843007,-1.843007,-2.226955,0.000978,0.011201,2,0.000000,true,
90.000000,170.000000,0.000000,21.608081,0.000744,0.001737,-21.606981,-1.842912,-1.842912,-2.226938,0.001108,0.012518,2,0.000000,true,
90.000000,180.000000,0.000000,21.608102,0.001038,0.002198,-21.606645,-1.842780,-1.842780,-2.226915,0.001282,0.013991,2,0.000000,true,
90.000000,190.000000,0.000000,21.608132,0.001450,0.002820,-21.606176,-1.842595,-1.842595,-2.226884,0.001511,0.015638,2,0.000000,true,
90.000000,200.000000,0.000000,21.608174,0.002025,0.003658,-21.605520,-1.842336,-1.842336,-2.226839,0.001807,0.017480,3,0.000000,true,
90.000000,210.000000,0.000000,21.608233,0.002830,0.004787,-21.604604,-1.841975,-1.841975,-2.226777,0.002185,0.019541,3,0.000000,true,
90.000000,220.000000,0.000000,21.608314,0.003956,0.006306,-21.603321,-1.841469,-1.841469,-2.226689,0.002666,0.021848,3,0.000000,true,
90.000000,230.000000,0.000000,21.608429,0.005533,0.008350,-21.601525,-1.840760,-1.840760,-2.226567,0.003275,0.024433,3,0.000000,true,
90.000000,240.000000,0.000000,21.608589,0.007747,0.011099,-21.599004,-1.839765,-1.839765,-2.226395,0.004045,0.027331,3,0.000000,true,
90.000000,250.000000,0.000000,21.608813,0.010859,0.014795,-21.595461,-1.838365,-1.838365,-2.226154,0.005018,0.030584,3,0.000000,true,
90.000000,260.000000,0.000000,21.609127,0.015249,0.019770,-21.590466,-1.836389,-1.836389,-2.225813,0.006246,0.034245,3,0.000000,true,
90.000000,270.000000,0.000000,21.609570,0.021470,0.026476,-21.583393,-1.833586,-1.833586,-2.225331,0.007802,0.038374,3,0.000000,true,
90.000000,280.000000,0.000000,21.610193,0.030343,0.035546,-21.573314,-1.829583,-1.829583,-2.224643,0.009779,0.043051,3,0.000000,true,
90.000000,290.000000,0.000000,21.611077,0.043119,0.047879,-21.558822,-1.823806,-1.823806,-2.223652,0.012307,0.048381,3,0.000000,true,
90.000000,300.000000,0.000000,21.612339,0.061788,0.064806,-21.537691,-1.815339,-1.815339,-2.222203,0.015574,0.054511,3,0.000000,true,
90.000000,310.000000,0.000000,21.614157,0.089702,0.088415,-21.506189,-1.802621,-1.802621,-2.220037,0.019864,0.061665,3,0.000000,true,
90.000000,320.000000,0.000000,21.616826,0.133103,0.122294,-21.457441,-1.782708,-1.782708,-2.216668,0.025661,0.070228,3,0.000000,true,
90.000000,330.000000,0.000000,21.620865,0.205814,0.173779,-21.376392,-1.748953,-1.748953,-2.211021,0.033938,0.080991,3,0.000000,true,
90.000000,340.000000,0.000000,21.627407,0.353450,0.265013,-21.214213,-1.678817,-1.678817,-2.199542,0.047623,0.096409,4,0.000000,true,
90.000000,350.000000,0.000000,21.697759,2.850561,1.103633,-18.767490,-0.224749,-0.224749,-2.037523,0.147013,0.183439,7,0.000000,true,"seed[continuation] failed (iterations=11, residual=0.008928, converged=false) | seed[seed-cache] failed (iterations=15, residual=0.009186, converged=false)"
90.000000,360.000000,0.000000,21.770536,3.132474,1.218766,-18.471543,-0.170899,-0.170899,-2.027186,0.157543,0.193571,3,0.000000,true,
90.000000,370.000000,0.000000,21.850184,3.417668,1.341785,-18.162202,-0.135959,-0.135959,-2.015278,0.168275,0.203910,3,0.000000,true,
90.000000,380.000000,0.000000,21.936909,3.715503,1.476381,-17.829098,-0.111148,-0.111148,-2.000675,0.179481,0.214666,3,0.000000,true,
90.000000,390.000000,0.000000,22.031095,4.031952,1.625067,-17.464881,-0.092477,-0.092477,-1.982228,0.191298,0.225927,3,0.000000,true,
90.000000,400.000000,0.000000,22.133257,4.372165,1.789777,-17.062813,-0.077841,-0.077841,-1.958458,0.203791,0.237725,3,0.000000,true,
100.000000,0.000000,0.000000,21.608073,-0.000000,0.001588,-21.607268,-1.843113,-1.843113,-2.226956,0.003792,0.003792,3,0.000000,true,
100.000000,10.000000,0.000000,21.608073,0.000008,0.001591,-21.607267,-1.843112,-1.843112,-2.226956,0.003452,0.004171,2,0.000000,true,
100.000000,20.000000,0.000000,21.608074,0.000016,0.001599,-21.607263,-1.843111,-1.843111,-2.226955,0.003149,0.004595,2,0.000000,true,
100.000000,30.000000,0.000000,21.608074,0.000026,0.001613,-21.607255,-1.843108,-1.843108,-2.226955,0.002881,0.005065,2,0.000000,true,
100.000000,40.000000,0.000000,21.608075,0.000039,0.001634,-21.607243,-1.843104,-1.843104,-2.226954,0.002645,0.005587,2,0.000000,true,
100.000000,50.000000,0.000000,21.608076,0.000055,0.001664,-21.607226,-1.843098,-1.843098,-2.226953,0.002440,0.006166,2,0.000000,true,
100.000000,60.000000,0.000000,21.608078,0.000076,0.001706,-21.607202,-1.843090,-1.843090,-2.226951,0.002265,0.006808,2,0.000000,true,
100.000000,70.000000,0.000000,21.608080,0.000104,0.001761,-21.607170,-1.843078,-1.843078,-2.226949,0.002119,0.007518,2,0.000000,true,
100.000000,80.000000,0.000000,21.608083,0.000141,0.001835,-21.607125,-1.843063,-1.843063,-2.226946,0.002002,0.008305,2,0.000000,true,
100.000000,90.000000,0.000000,21.608087,0.000191,0.001934,-21.607065,-1.843041,-1.843041,-2.226942,0.001916,0.009174,2,0.000000,true,
100.000000,100.000000,0.000000,21.608092,0.000258,0.002064,-21.606984,-1.843013,-1.843013,-2.226936,0.001860,0.010136,2,0.000000,true,
100.000000,110.000000,0.000000,21.608100,0.000349,0.002235,-21.606873,-1.842974,-1.842974,-2.226929,0.001838,0.011200,2,0.000000,true,
100.000000,120.000000,0.000000,21.608109,0.000471,0.002461,-21.606725,-1.842922,-1.842922,-2.226919,0.001853,0.012377,2,0.000000,true,
100.000000,130.000000,0.000000,21.608123,0.000637,0.002759,-21.606523,-1.842851,-1.842851,-2.226905,0.001908,0.013678,2,0.000000,true,
100.000000,140.000000,0.000000,21.608141,0.000860,0.003150,-21.606252,-1.842756,-1.842756,-2.226887,0.002009,0.015116,2,0.000000,true,
100.000000,150.000000,0.000000,21.608165,0.001161,0.003665,-21.605885,-1.842627,-1.842627,-2.226862,0.002164,0.016707,2,0.000000,true,
100.000000,160.000000,0.000000,21.608198,0.001568,0.004340,-21.605389,-1.842452,-1.842452,-2.226828,0.002380,0.018466,3,0.000000,true,
100.000000,170.000000,0.000000,21.608243,0.002118,0.005226,-21.604718,-1.842217,-1.842217,-2.226783,0.002670,0.020412,3,0.000000,true,
100.000000,180.000000,0.000000,21.608303,0.002862,0.006388,-21.603812,-1.841898,-1.841898,-2.226722,0.003046,0.022564,3,0.000000,true,
100.000000,190.000000,0.000000,21.608384,0.003868,0.007912,-21.602587,-1.841467,-1.841467,-2.226639,0.003528,0.024947,3,0.000000,true,
100.000000,200.000000,0.000000,21.608494,0.005230,0.009909,-21.600928,-1.840883,-1.840883,-2.226526,0.004136,0.027585,3,0.000000,true,
100.000000,210.000000,0.000000,21.608642,0.007075,0.012525,-21.598681,-1.840092,-1.840092,-2.226374,0.004898,0.030509,3,0.000000,true,
100.000000,220.000000,0.000000,21.608843,0.009579,0.015954,-21.595632,-1.839018,-1.839018,-2.226167,0.005847,0.033751,3,0.000000,true,
100.000000,230.000000,0.000000,21.609116,0.012984,0.020448,-21.591489,-1.837557,-1.837557,-2.225886,0.007026,0.037351,3,0.000000,true,
100.000000,240.000000,0.000000,21.609485,0.017624,0.026345,-21.585845,-1.835565,-1.835565,-2.225503,0.008489,0.041355,3,0.000000,true,
100.000000,250.000000,0.000000,21.609987,0.023972,0.034096,-21.578130,-1.832836,-1.832836,-2.224979,0.010305,0.045820,3,0.000000,true,
100.000000,260.000000,0.000000,21.610671,0.032700,0.044313,-21.567532,-1.829078,-1.829078,-2.224258,0.012562,0.050815,3,0.000000,true,
100.000000,270.000000,0.000000,21.611605,0.044786,0.057840,-21.552879,-1.823865,-1.823865,-2.223261,0.015379,0.056430,3,0.000000,true,
100.000000,280.000000,0.000000,21.612888,0.061695,0.075874,-21.532417,-1.816550,-1.816550,-2.221866,0.018917,0.062785,3,0.000000,true,
100.000000,290.000000,0.000000,21.614664,0.085715,0.100179,-21.503430,-1.806119,-1.806119,-2.219885,0.023407,0.070051,3,0.000000,true,
100.000000,300.000000,0.000000,21.617146,0.120655,0.133521,-21.461433,-1.790858,-1.790858,-2.217004,0.029201,0.078493,3,0.000000,true,
100.000000,310.000000,0.000000,21.620677,0.173514,0.180669,-21.398276,-1.767570,-1.767570,-2.212650,0.036892,0.088564,3,0.000000,true,
100.000000,320.000000,0.000000,21.625851,0.259619,0.251382,-21.296369,-1.729096,-1.729096,-2.205563,0.047674,0.101206,3,0.000000,true,
100.000000,330.000000,0.000000,21.633936,0.428546,0.374900,-21.099941,-1.651550,-1.651550,-2.191686,0.065083,0.119298,4,0.000000,true,
100.000000,340.000000,0.000000,21.692348,2.831297,1.421325,-18.630425,-0.259643,-0.259643,-2.021610,0.178706,0.216516,7,0.000000,true,"seed[continuation] failed (iterations=7, residual=0.008480, converged=false) | seed[seed-cache] failed (iterations=12, residual=0.008731, converged=false)"
100.000000,350.000000,0.000000,21.764886,3.130507,1.576865,-18.300526,-0.191511,-0.191511,-2.007464,0.191635,0.228537,3,0.000000,true,
100.000000,360.000000,0.000000,21.844644,3.428427,1.739270,-17.960943,-0.149591,-0.149591,-1.991810,0.204449,0.240473,3,0.000000,true,
100.000000,370.000000,0.000000,21.931777,3.738174,1.913638,-17.597532,-0.120757,-0.120757,-1.973182,0.217519,0.252633,3,0.000000,true,
100.000000,380.000000,0.000000,22.026656,4.066196,2.102913,-17.202352,-0.099576,-0.099576,-1.950323,0.230991,0.265137,3,0.000000,true,
100.000000,390.000000,0.000000,22.129787,4.417475,2.309507,-16.768625,-0.083305,-0.083305,-1.921726,0.244942,0.278043,3,0.000000,true,
100.000000,400.000000,0.000000,22.241797,4.797144,2.535890,-16.289034,-0.070390,-0.070390,-1.885344,0.259424,0.291391,3,0.000000,true,
110.000000,0.000000,0.000000,21.608222,-0.000000,0.004779,-21.605558,-1.842748,-1.842748,-2.226835,0.006923,0.006923,3,0.000000,true,
110.000000,10.000000,0.000000,21.608222,0.000029,0.004787,-21.605553,-1.842746,-1.842746,-2.226834,0.006380,0.007529,2,0.000000,true,
110.000000,20.000000,0.000000,21.608223,0.000061,0.004814,-21.605537,-1.842741,-1.842741,-2.226833,0.005895,0.008201,2,0.000000,true,
110.000000,30.000000,0.000000,21.608225,0.000097,0.004861,-21.605508,-1.842733,-1.842733,-2.226831,0.005467,0.008945,2,0.000000,true,
110.000000,40.000000,0.000000,21.608228,0.000141,0.004931,-21.605466,-1.842719,-1.842719,-2.226829,0.005092,0.009765,2,0.000000,true,
110.000000,50.000000,0.000000,21.608232,0.000195,0.005027,-21.605406,-1.842701,-1.842701,-2.226824,0.004770,0.010669,2,0.000000,true,
110.000000,60.000000,0.000000,21.608238,0.000263,0.005158,-21.605324,-1.842676,-1.842676,-2.226819,0.004500,0.011663,2,0.000000,true,
110.000000,70.000000,0.000000,21.608245,0.000351,0.005330,-21.605214,-1.842642,-1.842642,-2.226812,0.004283,0.012756,2,0.000000,true,
110.000000,80.000000,0.000000,21.608255,0.000466,0.005554,-21.605068,-1.842597,-1.842597,-2.226802,0.004119,0.013955,2,0.000000,true,
110.000000,90.000000,0.000000,21.608268,0.000615,0.005845,-21.604875,-1.842538,-1.842538,-2.226789,0.004011,0.015272,2,0.000000,true,
110.000000,100.000000,0.000000,21.608285,0.000811,0.006222,-21.604620,-1.842459,-1.842459,-2.226772,0.003962,0.016716,2,0.000000,true,
110.000000,110.000000,0.000000,21.608308,0.001068,0.006707,-21.604283,-1.842356,-1.842356,-2.226749,0.003977,0.018300,2,0.000000,true,
110.000000,120.000000,0.000000,21.608338,0.001404,0.007331,-21.603841,-1.842220,-1.842220,-2.226719,0.004062,0.020037,3,0.000000,true,
110.000000,130.000000,0.000000,21.608377,0.001847,0.008133,-21.603259,-1.842041,-1.842041,-2.226680,0.004227,0.021942,3,0.000000,true,
110.000000,140.000000,0.000000,21.608429,0.002428,0.009163,-21.602494,-1.841805,-1.841805,-2.226628,0.004480,0.024030,3,0.000000,true,
110.000000,150.000000,0.000000,21.608497,0.003192,0.010485,-21.601487,-1.841495,-1.841495,-2.226561,0.004836,0.026320,3,0.000000,true,
110.000000,160.000000,0.000000,21.608586,0.004198,0.012181,-21.600162,-1.841087,-1.841087,-2.226471,0.005311,0.028833,3,0.000000,true,
110.000000,170.000000,0.000000,21.608703,0.005522,0.014356,-21.598417,-1.840549,-1.840549,-2.226354,0.005924,0.031589,3,0.000000,true,
110.000000,180.000000,0.000000,21.608858,0.007266,0.017145,-21.596119,-1.839841,-1.839841,-2.226199,0.006700,0.034616,3,0.000000,true,
110.000000,190.000000,0.000000,21.609061,0.009567,0.020723,-21.593088,-1.838906,-1.838906,-2.225995,0.007670,0.037941,3,0.000000,true,
110.000000,200.000000,0.000000,21.609329,0.012606,0.025313,-21.589086,-1.837671,-1.837671,-2.225725,0.008871,0.041597,3,0.000000,true,
110.000000,210.000000,0.000000,21.609683,0.016626,0.031206,-21.583794,-1.836036,-1.836036,-2.225368,0.010350,0.045623,3,0.000000,true,
110.000000,220.000000,0.000000,21.610149,0.021957,0.038781,-21.576780,-1.833866,-1.833866,-2.224895,0.012163,0.050063,3,0.000000,true,
110.000000,230.000000,0.000000,21.610765,0.029050,0.048536,-21.567456,-1.830975,-1.830975,-2.224266,0.014382,0.054972,3,0.000000,true,
110.000000,240.000000,0.000000,21.611581,0.038528,0.061132,-21.555011,-1.827107,-1.827107,-2.223425,0.017101,0.060416,3,0.000000,true,
110.000000,250.000000,0.000000,21.612666,0.051266,0.077464,-21.538308,-1.821897,-1.821897,-2.222295,0.020437,0.066478,3,0.000000,true,
110.000000,260.000000,0.000000,21.614112,0.068528,0.098764,-21.515715,-1.814816,-1.814816,-2.220765,0.024548,0.073271,3,0.000000,true,
110.000000,270.000000,0.000000,21.616051,0.092198,0.126791,-21.484818,-1.805071,-1.805071,-2.218669,0.029651,0.080948,3,0.000000,true,
110.000000,280.000000,0.000000,21.618673,0.125221,0.164162,-21.441872,-1.791402,-1.791402,-2.215746,0.036059,0.089732,3,0.000000,true,
110.000000,290.000000,0.000000,21.622258,0.172536,0.215057,-21.380663,-1.771666,-1.771666,-2.211564,0.044256,0.099979,3,0.000000,true,
110.000000,300.000000,0.000000,21.627255,0.243419,0.286911,-21.289681,-1.741756,-1.741756,-2.205311,0.055083,0.112325,3,0.000000,true,
110.000000,310.000000,0.000000,21.634455,0.359153,0.395802,-21.142985,-1.691994,-1.691994,-2.195130,0.070321,0.128158,3,0.000000,true,
110.000000,320.000000,0.000000,21.645652,0.599438,0.597773,-20.845819,-1.584663,-1.584663,-2.174110,0.096081,0.152390,4,0.000000,true,
110.000000,330.000000,0.000000,21.705541,2.886232,1.862014,-18.350701,-0.284569,-0.284569,-1.998803,0.218553,0.255298,7,0.000000,true,"seed[continuation] failed (iterations=15, residual=0.013834, converged=false) | seed[seed-cache] failed (iterations=9, residual=0.013419, converged=false)"
110.000000,340.000000,0.000000,21.779663,3.204300,2.066714,-17.977446,-0.205610,-0.205610,-1.980116,0.233661,0.269081,3,0.000000,true,
110.000000,350.000000,0.000000,21.861393,3.516472,2.275994,-17.598790,-0.158782,-0.158782,-1.960013,0.248221,0.282419,3,0.000000,true,
110.000000,360.000000,0.000000,21.950833,3.839788,2.497415,-17.196131,-0.127222,-0.127222,-1.936645,0.262763,0.295756,3,0.000000,true,
110.000000,370.000000,0.000000,22.048350,4.181504,2.734472,-16.760543,-0.104370,-0.104370,-1.908649,0.277455,0.309233,3,0.000000,true,
110.000000,380.000000,0.000000,22.154454,4.546718,2.989766,-16.285031,-0.087014,-0.087014,-1.874508,0.292373,0.322914,3,0.000000,true,
110.000000,390.000000,0.000000,22.269780,4.940482,3.265864,-15.762291,-0.073368,-0.073368,-1.832263,0.307562,0.336835,3,0.000000,true,
110.000000,400.000000,0.000000,22.395090,5.368893,3.565730,-15.183418,-0.062350,-0.062350,-1.779221,0.323069,0.351033,3,0.000000,true,
120.000000,0.000000,0.000000,21.608637,-0.000000,0.012747,-21.600885,-1.841846,-1.841846,-2.226512,0.011924,0.011924,3,0.000000,true,
120.000000,10.000000,0.000000,21.608638,0.000097,0.012774,-21.600868,-1.841841,-1.841841,-2.226511,0.011118,0.012825,2,0.000000,true,
120.000000,20.000000,0.000000,21.608642,0.000201,0.012855,-21.600814,-1.841827,-1.841827,-2.226508,0.010404,0.013825,2,0.000000,true,
120.000000,30.000000,0.000000,21.608648,0.000317,0.012996,-21.600721,-1.841802,-1.841802,-2.226501,0.009778,0.014929,2,0.000000,true,
120.000000,40.000000,0.000000,21.608657,0.000453,0.013204,-21.600583,-1.841766,-1.841766,-2.226492,0.009239,0.016145,2,0.000000,true,
120.000000,50.000000,0.000000,21.608670,0.000618,0.013490,-21.600391,-1.841715,-1.841715,-2.226480,0.008788,0.017479,2,0.000000,true,
120.000000,60.000000,0.000000,21.608687,0.000821,0.013870,-21.600133,-1.841646,-1.841646,-2.226462,0.008426,0.018941,2,0.000000,true,
120.000000,70.000000,0.000000,21.608710,0.001076,0.014363,-21.599793,-1.841556,-1.841556,-2.226440,0.008153,0.020538,3,0.000000,true,
120.000000,80.000000,0.000000,21.608740,0.001399,0.014996,-21.599349,-1.841438,-1.841438,-2.226410,0.007976,0.022284,3,0.000000,true,
120.000000,90.000000,0.000000,21.608779,0.001810,0.015803,-21.598773,-1.841285,-1.841285,-2.226372,0.007899,0.024188,3,0.000000,true,
120.000000,100.000000,0.000000,21.608829,0.002336,0.016827,-21.598028,-1.841087,-1.841087,-2.226323,0.007931,0.026265,3,0.000000,true,
120.000000,110.000000,0.000000,21.608894,0.003009,0.018123,-21.597068,-1.840832,-1.840832,-2.226259,0.008080,0.028529,3,0.000000,true,
120.000000,120.000000,0.000000,21.608977,0.003872,0.019759,-21.595831,-1.840504,-1.840504,-2.226177,0.008361,0.030996,3,0.000000,true,
120.000000,130.000000,0.000000,21.609084,0.004982,0.021822,-21.594238,-1.840081,-1.840081,-2.226071,0.008788,0.033685,3,0.000000,true,
120.000000,140.000000,0.000000,21.609222,0.006408,0.024423,-21.592188,-1.839536,-1.839536,-2.225935,0.009381,0.036616,3,0.000000,true,
120.000000,150.000000,0.000000,21.609399,0.008244,0.027700,-21.589546,-1.838833,-1.838833,-2.225759,0.010164,0.039812,3,0.000000,true,
120.000000,160.000000,0.000000,21.609628,0.010610,0.031829,-21.586142,-1.837927,-1.837927,-2.225533,0.011167,0.043298,3,0.000000,true,
120.000000,170.000000,0.000000,21.609921,0.013661,0.037034,-21.581751,-1.836758,-1.836758,-2.225242,0.012424,0.047104,3,0.000000,true,
120.000000,180.000000,0.000000,21.610299,0.017602,0.043596,-21.576080,-1.835246,-1.835246,-2.224865,0.013980,0.051263,3,0.000000,true,
120.000000,190.000000,0.000000,21.610787,0.022702,0.051881,-21.568745,-1.833289,-1.833289,-2.224377,0.015887,0.055816,3,0.000000,true,
120.000000,200.000000,0.000000,21.611416,0.029317,0.062353,-21.559235,-1.830746,-1.830746,-2.223745,0.018211,0.060807,3,0.000000,true,
120.000000,210.000000,0.000000,21.612229,0.037924,0.075617,-21.546872,-1.827434,-1.827434,-2.222922,0.021033,0.066295,3,0.000000,true,
120.000000,220.000000,0.000000,21.613282,0.049169,0.092469,-21.530737,-1.823099,-1.823099,-2.221847,0.024457,0.072347,3,0.000000,true,
120.000000,230.000000,0.000000,21.614650,0.063940,0.113964,-21.509572,-1.817392,-1.817392,-2.220436,0.028612,0.079053,3,0.000000,true,
120.000000,240.000000,0.000000,21.616432,0.083489,0.141541,-21.481616,-1.809816,-1.809816,-2.218570,0.033669,0.086529,3,0.000000,true,
120.000000,250.000000,0.000000,21.618765,0.109627,0.177209,-21.444332,-1.799645,-1.799645,-2.216077,0.039860,0.094931,3,0.000000,true,
120.000000,260.000000,0.000000,21.621840,0.145092,0.223893,-21.393921,-1.785769,-1.785769,-2.212698,0.047505,0.104488,3,0.000000,true,
120.000000,270.000000,0.000000,21.625934,0.194265,0.286087,-21.324367,-1.766382,-1.766382,-2.208019,0.057086,0.115546,3,0.000000,true,
120.000000,280.000000,0.000000,21.631463,0.264809,0.371325,-21.225288,-1.738259,-1.738259,-2.201322,0.069380,0.128686,3,0.000000,true,
120.000000,290.000000,0.000000,21.639110,0.372203,0.494102,-21.076071,-1.694711,-1.694711,-2.191159,0.085844,0.145028,3,0.000000,true,
120.000000,300.000000,0.000000,21.650180,0.557926,0.691103,-20.822753,-1.617148,-1.617148,-2.173681,0.110065,0.167418,4,0.000000,true,
120.000000,310.000000,0.000000,21.668775,1.294555,1.337430,-19.879250,-1.274195,-1.274195,-2.105685,0.177589,0.224929,14,0.000051,true,"force-marked converged (residual 0.000051)"
120.000000,320.000000,0.000000,21.742972,3.036012,2.485709,-17.868101,-0.287938,-0.287938,-1.965989,0.268000,0.301239,4,0.000000,true,"seed[continuation] failed (iterations=16, residual=0.025284, converged=false)"
120.000000,330.000000,0.000000,21.820897,3.367249,2.743312,-17.449626,-0.208323,-0.208323,-1.942657,0.284286,0.316053,3,0.000000,true,
120.000000,340.000000,0.000000,21.906754,3.692880,3.003310,-17.026148,-0.160921,-0.160921,-1.917723,0.299679,0.330128,3,0.000000,true,
120.000000,350.000000,0.000000,22.000652,4.030037,3.274939,-16.577983,-0.128968,-0.128968,-1.889214,0.314769,0.343961,3,0.000000,true,
120.000000,360.000000,0.000000,22.102969,4.386023,3.562120,-16.095889,-0.105850,-0.105850,-1.855740,0.329741,0.357709,3,0.000000,true,
120.000000,370.000000,0.000000,22.214226,4.765878,3.867526,-15.572849,-0.088312,-0.088312,-1.815830,0.344676,0.371438,3,0.000000,true,
120.000000,380.000000,0.000000,22.335063,5.174464,4.193625,-15.001767,-0.074542,-0.074542,-1.767682,0.359624,0.385187,3,0.000000,true,
120.000000,390.000000,0.000000,22.466243,5.617393,4.543044,-14.374389,-0.063440,-0.063440,-1.708978,0.374620,0.398984,3,0.000000,true,
120.000000,400.000000,0.000000,22.608684,6.101611,4.918610,-13.680648,-0.054302,-0.054302,-1.636776,0.389691,0.412848,3,0.000000,true,
130.000000,0.000000,0.000000,21.609688,-0.000000,0.031229,-21.589114,-1.839792,-1.839792,-2.225729,0.019772,0.019772,3,0.000000,true,
130.000000,10.000000,0.000000,21.609692,0.000297,0.031306,-21.589060,-1.839780,-1.839780,-2.225725,0.018658,0.021030,2,0.000000,true,
130.000000,20.000000,0.000000,21.609702,0.000609,0.031540,-21.588894,-1.839742,-1.839742,-2.225715,0.017685,0.022435,2,0.000000,true,
130.000000,30.000000,0.000000,21.609721,0.000954,0.031942,-21.588608,-1.839678,-1.839678,-2.225696,0.016852,0.023992,3,0.000000,true,
130.000000,40.000000,0.000000,21.609749,0.001351,0.032530,-21.588187,-1.839582,-1.839582,-2.225669,0.016161,0.025709,3,0.000000,true,
130.000000,50.000000,0.000000,21.609788,0.001820,0.033333,-21.587607,-1.839450,-1.839450,-2.225632,0.015614,0.027594,3,0.000000,true,
130.000000,60.000000,0.000000,21.609839,0.002387,0.034385,-21.586837,-1.839275,-1.839275,-2.225582,0.015215,0.029656,3,0.000000,true,
130.000000,70.000000,0.000000,21.609905,0.003082,0.035738,-21.585836,-1.839048,-1.839048,-2.225517,0.014973,0.031906,3,0.000000,true,
130.000000,80.000000,0.000000,21.609990,0.003944,0.037452,-21.584549,-1.838756,-1.838756,-2.225434,0.014896,0.034358,3,0.000000,true,
130.000000,90.000000,0.000000,21.610098,0.005018,0.039606,-21.582907,-1.838383,-1.838383,-2.225328,0.014998,0.037025,3,0.000000,true,
130.000000,100.000000,0.000000,21.610236,0.006364,0.042302,-21.580820,-1.837909,-1.837909,-2.225193,0.015294,0.039924,3,0.000000,true,
130.000000,110.000000,0.000000,21.610411,0.008056,0.045663,-21.578173,-1.837307,-1.837307,-2.225021,0.015805,0.043075,3,0.000000,true,
130.000000,120.000000,0.000000,21.610632,0.010187,0.049846,-21.574820,-1.836545,-1.836545,-2.224805,0.016554,0.046497,3,0.000000,true,
130.000000,130.000000,0.000000,21.610911,0.012875,0.055047,-21.570574,-1.835580,-1.835580,-2.224530,0.017571,0.050215,3,0.000000,true,
130.000000,140.000000,0.000000,21.611264,0.016273,0.061512,-21.565197,-1.834356,-1.834356,-2.224182,0.018894,0.054257,3,0.000000,true,
130.000000,150.000000,0.000000,21.611710,0.020575,0.069550,-21.558383,-1.832803,-1.832803,-2.223741,0.020565,0.058654,3,0.000000,true,
130.000000,160.000000,0.000000,21.612274,0.026031,0.079550,-21.549735,-1.830831,-1.830831,-2.223182,0.022639,0.063444,3,0.000000,true,
130.000000,170.000000,0.000000,21.612988,0.032966,0.092005,-21.538743,-1.828320,-1.828320,-2.222470,0.025181,0.068670,3,0.000000,true,
130.000000,180.000000,0.000000,21.613893,0.041803,0.107545,-21.524739,-1.825115,-1.825115,-2.221563,0.028272,0.074387,3,0.000000,true,
130.000000,190.000000,0.000000,21.615042,0.053103,0.126984,-21.506842,-1.821010,-1.821010,-2.220403,0.032009,0.080659,3,0.000000,true,
130.000000,200.000000,0.000000,21.616503,0.067615,0.151382,-21.483877,-1.815726,-1.815726,-2.218914,0.036519,0.087569,3,0.000000,true,
130.000000,210.000000,0.000000,21.618366,0.086360,0.182146,-21.454253,-1.808882,-1.808882,-2.216992,0.041960,0.095222,3,0.000000,true,
130.000000,220.000000,0.000000,21.620750,0.110754,0.221182,-21.415764,-1.799945,-1.799945,-2.214491,0.048539,0.103760,3,0.000000,true,
130.000000,230.000000,0.000000,21.623816,0.142831,0.271146,-21.365273,-1.788138,-1.788138,-2.211206,0.056532,0.113373,3,0.000000,true,
130.000000,240.000000,0.000000,21.627785,0.185615,0.335881,-21.298143,-1.772291,-1.772291,-2.206828,0.066324,0.124340,3,0.000000,true,
130.000000,250.000000,0.000000,21.632971,0.243871,0.421246,-21.207147,-1.750530,-1.750530,-2.200877,0.078479,0.137076,3,0.000000,true,
130.000000,260.000000,0.000000,21.639839,0.325720,0.536885,-21.080133,-1.719580,-1.719580,-2.192534,0.093889,0.152265,3,0.000000,true,
130.000000,270.000000,0.000000,21.649131,0.446871,0.700673,-20.894029,-1.672923,-1.672923,-2.180227,0.114134,0.171156,3,0.000000,true,
130.000000,280.000000,0.000000,21.662188,0.645487,0.953768,-20.594198,-1.594051,-1.594051,-2.160167,0.142695,0.196579,4,0.000000,true,
130.000000,290.000000,0.000000,21.682316,1.093710,1.467379,-19.944066,-1.403199,-1.403199,-2.115484,0.193352,0.239987,5,0.000000,true,
130.000000,300.000000,0.000000,21.737540,2.906847,3.021408,-17.625741,-0.403814,-0.403814,-1.950524,0.307444,0.337168,10,0.000000,true,
130.000000,310.000000,0.000000,21.813100,3.288218,3.354718,-17.123422,-0.267276,-0.267276,-1.920744,0.326083,0.354110,4,0.000000,true,
130.000000,320.000000,0.000000,21.897183,3.623284,3.658737,-16.666413,-0.198384,-0.198384,-1.893345,0.341821,0.368576,3,0.000000,true,
130.000000,330.000000,0.000000,21.989385,3.959046,3.965594,-16.198794,-0.155347,-0.155347,-1.863734,0.356646,0.382266,3,0.000000,true,
130.000000,340.000000,0.000000,22.089903,4.308306,4.283649,-15.704613,-0.125629,-0.125629,-1.830205,0.371021,0.395572,3,0.000000,true,
130.000000,350.000000,0.000000,22.199146,4.677316,4.616750,-15.175441,-0.103803,-0.103803,-1.791472,0.385114,0.408639,3,0.000000,true,
130.000000,360.000000,0.000000,22.317653,5.070679,4.967507,-14.604622,-0.087076,-0.087076,-1.746192,0.399009,0.421535,3,0.000000,true,
130.000000,370.000000,0.000000,22.446069,5.492838,5.338195,-13.985527,-0.073844,-0.073844,-1.692806,0.412756,0.434303,3,0.000000,true,
130.000000,380.000000,0.000000,22.585153,5.948685,5.730981,-13.310864,-0.063118,-0.063118,-1.629470,0.426388,0.446968,3,0.000000,true,
130.000000,390.000000,0.000000,22.735792,6.443751,6.147799,-12.572539,-0.054257,-0.054257,-1.554125,0.439919,0.459538,3,0.000000,true,
130.000000,400.000000,0.000000,22.899008,6.983844,6.589782,-11.762318,-0.046827,-0.046827,-1.464838,0.453328,0.471990,3,0.000000,true,
140.000000,0.000000,0.000000,21.612180,-0.000000,0.072609,-21.560665,-1.835315,-1.835315,-2.223924,0.032218,0.032218,5,0.000000,true,
140.000000,10.000000,0.000000,21.612191,0.000858,0.072824,-21.560503,-1.835284,-1.835284,-2.223914,0.030792,0.033865,3,0.000000,true,
140.000000,20.000000,0.000000,21.612222,0.001755,0.073476,-21.560007,-1.835188,-1.835188,-2.223883,0.029589,0.035736,3,0.000000,true,
140.000000,30.000000,0.000000,21.612277,0.002734,0.074592,-21.559156,-1.835024,-1.835024,-2.223830,0.028612,0.037834,3,0.000000,true,
140.000000,40.000000,0.000000,21.612356,0.003841,0.076217,-21.557908,-1.834783,-1.834783,-2.223753,0.027868,0.040166,3,0.000000,true,
140.000000,50.000000,0.000000,21.612465,0.005127,0.078417,-21.556206,-1.834454,-1.834454,-2.223647,0.027366,0.042740,3,0.000000,true,
140.000000,60.000000,0.000000,21.612608,0.006652,0.081283,-21.553968,-1.834022,-1.834022,-2.223508,0.027119,0.045567,3,0.000000,true,
140.000000,70.000000,0.000000,21.612791,0.008489,0.084930,-21.551089,-1.833465,-1.833465,-2.223330,0.027143,0.048661,3,0.000000,true,
140.000000,80.000000,0.000000,21.613024,0.010725,0.089510,-21.547431,-1.832758,-1.832758,-2.223103,0.027461,0.052038,3,0.000000,true,
140.000000,90.000000,0.000000,21.613317,0.013467,0.095211,-21.542818,-1.831866,-1.831866,-2.222817,0.028098,0.055718,3,0.000000,true,
140.000000,100.000000,0.000000,21.613684,0.016849,0.102271,-21.537026,-1.830746,-1.830746,-2.222457,0.029089,0.059723,3,0.000000,true,
140.000000,110.000000,0.000000,21.614143,0.021036,0.110988,-21.529770,-1.829341,-1.829341,-2.222007,0.030472,0.064080,3,0.000000,true,
140.000000,120.000000,0.000000,21.614716,0.026238,0.121734,-21.520689,-1.827582,-1.827582,-2.221444,0.032296,0.068823,3,0.000000,true,
140.000000,130.000000,0.000000,21.615430,0.032718,0.134978,-21.509319,-1.825378,-1.825378,-2.220738,0.034620,0.073989,3,0.000000,true,
140.000000,140.000000,0.000000,21.616321,0.040815,0.151308,-21.495071,-1.822612,-1.822612,-2.219854,0.037517,0.079626,3,0.000000,true,
140.000000,150.000000,0.000000,21.617432,0.050964,0.171473,-21.477180,-1.819133,-1.819133,-2.218744,0.041075,0.085791,3,0.000000,true,
140.000000,160.000000,0.000000,21.618821,0.063728,0.196430,-21.454655,-1.814745,-1.814745,-2.217346,0.045402,0.092555,3,0.000000,true,
140.000000,170.000000,0.000000,21.620560,0.079851,0.227422,-21.426187,-1.809186,-1.809186,-2.215579,0.050634,0.100008,3,0.000000,true,
140.000000,180.000000,0.000000,21.622741,0.100328,0.266080,-21.390034,-1.802104,-1.802104,-2.213334,0.056943,0.108268,3,0.000000,true,
140.000000,190.000000,0.000000,21.625487,0.126513,0.314587,-21.343822,-1.793014,-1.793014,-2.210463,0.064549,0.117487,3,0.000000,true,
140.000000,200.000000,0.000000,21.628958,0.160298,0.375941,-21.284249,-1.781230,-1.781230,-2.206760,0.073743,0.127875,3,0.000000,true,
140.000000,210.000000,0.000000,21.633369,0.204409,0.454371,-21.206583,-1.765754,-1.765754,-2.201929,0.084915,0.139722,3,0.000000,true,
140.000000,220.000000,0.000000,21.639018,0.262938,0.556087,-21.103773,-1.745054,-1.745054,-2.195524,0.098610,0.153447,3,0.000000,true,
140.000000,230.000000,0.000000,21.646329,0.342373,0.690662,-20.964767,-1.716653,-1.716653,-2.186845,0.115619,0.169679,3,0.000000,true,
140.000000,240.000000,0.000000,21.655932,0.453817,0.873887,-20.770985,-1.676174,-1.676174,-2.174698,0.137157,0.189419,3,0.000000,true,
140.000000,250.000000,0.000000,21.668834,0.618606,1.134562,-20.487691,-1.614855,-1.614855,-2.156810,0.165253,0.214392,3,0.000000,true,
140.000000,260.000000,0.000000,21.686844,0.887077,1.535477,-20.036416,-1.510737,-1.510737,-2.127886,0.203886,0.248073,4,0.000000,true,
140.000000,270.000000,0.000000,21.714223,1.459684,2.297371,-19.125591,-1.266816,-1.266816,-2.067284,0.265707,0.301627,5,0.000000,true,
140.000000,280.000000,0.000000,21.768222,2.831171,3.718090,-17.201984,-0.522646,-0.522646,-1.932200,0.352145,0.377381,11,0.000000,true,
140.000000,290.000000,0.000000,21.843013,3.279627,4.154824,-16.581699,-0.322793,-0.322793,-1.893337,0.372994,0.396472,4,0.000000,true,
140.000000,300.000000,0.000000,21.927056,3.625329,4.502446,-16.087056,-0.233023,-0.233023,-1.863167,0.388165,0.410591,3,0.000000,true,
140.000000,310.000000,0.000000,22.019308,3.959914,4.840069,-15.599279,-0.179694,-0.179694,-1.832363,0.401879,0.423424,3,0.000000,true,
140.000000,320.000000,0.000000,22.119778,4.302973,5.183614,-15.092648,-0.143966,-0.143966,-1.798604,0.414929,0.435666,3,0.000000,true,
140.000000,330.000000,0.000000,22.228781,4.662344,5.539009,-14.556356,-0.118266,-0.118266,-1.760608,0.427577,0.447547,3,0.000000,true,
140.000000,340.000000,0.000000,22.346773,5.042760,5.909466,-13.983479,-0.098870,-0.098870,-1.717284,0.439943,0.459170,3,0.000000,true,
140.000000,350.000000,0.000000,22.474314,5.448093,6.297273,-13.368121,-0.083708,-0.083708,-1.667501,0.452089,0.470590,3,0.000000,true,
140.000000,360.000000,0.000000,22.612057,5.882129,6.704322,-12.704457,-0.071537,-0.071537,-1.610024,0.464056,0.481841,3,0.000000,true,
140.000000,370.000000,0.000000,22.760746,6.348833,7.132184,-11.986455,-0.061560,-0.061560,-1.543545,0.475862,0.492938,3,0.000000,true,
140.000000,380.000000,0.000000,22.921227,6.852254,7.581891,-11.208101,-0.053245,-0.053245,-1.466847,0.487508,0.503880,3,0.000000,true,
140.000000,390.000000,0.000000,23.094437,7.395998,8.053446,-10.364232,-0.046226,-0.046226,-1.379166,0.498967,0.514638,3,0.000000,true,
140.000000,400.000000,0.000000,23.281388,7.982164,8.545153,-9.452075,-0.040242,-0.040242,-1.280791,0.510174,0.525155,3,0.000000,true,
150.000000,0.000000,0.000000,21.617913,-0.000000,0.166845,-21.491084,-1.825501,-1.825501,-2.219780,0.053054,0.053054,5,0.000000,true,
150.000000,10.000000,0.000000,21.617942,0.002429,0.167453,-21.490592,-1.825420,-1.825420,-2.219752,0.051416,0.055055,3,0.000000,true,
150.000000,20.000000,0.000000,21.618032,0.004958,0.169299,-21.489097,-1.825175,-1.825175,-2.219664,0.050152,0.057418,3,0.000000,true,
150.000000,30.000000,0.000000,21.618185,0.007692,0.172451,-21.486533,-1.824756,-1.824756,-2.219514,0.049272,0.060143,3,0.000000,true,
150.000000,40.000000,0.000000,21.618409,0.010745,0.177029,-21.482793,-1.824144,-1.824144,-2.219296,0.048798,0.063237,3,0.000000,true,
150.000000,50.000000,0.000000,21.618711,0.014244,0.183204,-21.477715,-1.823313,-1.823313,-2.218999,0.048752,0.066709,3,0.000000,true,
150.000000,60.000000,0.000000,21.619106,0.018337,0.191211,-21.471079,-1.822226,-1.822226,-2.218612,0.049166,0.070575,3,0.000000,true,
150.000000,70.000000,0.000000,21.619610,0.023203,0.201359,-21.462594,-1.820837,-1.820837,-2.218116,0.050081,0.074858,3,0.000000,true,
150.000000,80.000000,0.000000,21.620243,0.029054,0.214045,-21.451881,-1.819083,-1.819083,-2.217491,0.051546,0.079585,3,0.000000,true,
150.000000,90.000000,0.000000,21.621033,0.036152,0.229776,-21.438453,-1.816883,-1.816883,-2.216707,0.053621,0.084793,3,0.000000,true,
150.000000,100.000000,0.000000,21.622015,0.044824,0.249197,-21.421682,-1.814134,-1.814134,-2.215729,0.056380,0.090528,3,0.000000,true,
150.000000,110.000000,0.000000,21.623230,0.055483,0.273131,-21.400761,-1.810702,-1.810702,-2.214509,0.059917,0.096849,3,0.000000,true,
150.000000,120.000000,0.000000,21.624734,0.068654,0.302633,-21.374644,-1.806415,-1.806415,-2.212988,0.064344,0.103832,3,0.000000,true,
150.000000,130.000000,0.000000,21.626596,0.085018,0.339066,-21.341966,-1.801045,-1.801045,-2.211086,0.069804,0.111571,3,0.000000,true,
150.000000,140.000000,0.000000,21.628903,0.105466,0.384214,-21.300922,-1.794291,-1.794291,-2.208698,0.076474,0.120194,3,0.000000,true,
150.000000,150.000000,0.000000,21.631770,0.131190,0.440443,-21.249095,-1.785746,-1.785746,-2.205687,0.084583,0.129865,3,0.000000,true,
150.000000,160.000000,0.000000,21.635342,0.163807,0.510945,-21.183188,-1.774849,-1.774849,-2.201863,0.094421,0.140804,3,0.000000,true,
150.000000,170.000000,0.000000,21.639813,0.205564,0.600112,-21.098626,-1.760814,-1.760814,-2.196963,0.106368,0.153305,3,0.000000,true,
150.000000,180.000000,0.000000,21.645442,0.259655,0.714097,-20.988924,-1.742500,-1.742500,-2.190613,0.120919,0.167769,3,0.000000,true,
150.000000,190.000000,0.000000,21.652582,0.330733,0.861666,-20.844721,-1.718212,-1.718212,-2.182274,0.138714,0.184735,3,0.000000,true,
150.000000,200.000000,0.000000,21.661725,0.425734,1.055405,-20.652328,-1.685346,-1.685346,-2.171146,0.160556,0.204909,3,0.000000,true,
150.000000,210.000000,0.000000,21.673572,0.555201,1.313200,-20.391718,-1.639775,-1.639775,-2.156026,0.187362,0.229144,3,0.000000,true,
150.000000,220.000000,0.000000,21.689145,0.735518,1.659736,-20.033867,-1.574661,-1.574661,-2.135084,0.219987,0.258316,3,0.000000,true,
150.000000,230.000000,0.000000,21.709983,0.994045,2.129163,-19.535334,-1.477501,-1.477501,-2.105341,0.259002,0.293135,4,0.000000,true,
150.000000,240.000000,0.000000,21.738578,1.387744,2.780032,-18.815142,-1.319140,-1.319140,-2.060740,0.305137,0.334481,4,0.000000,true,
150.000000,250.000000,0.000000,21.779860,2.080777,3.755616,-17.659614,-0.999806,-0.999806,-1.984437,0.361131,0.384983,5,0.000000,true,
150.000000,260.000000,0.000000,21.841489,2.907614,4.716077,-16.417589,-0.549052,-0.549052,-1.899372,0.404875,0.424848,5,0.000000,true,
150.000000,270.000000,0.000000,21.917907,3.344548,5.191671,-15.774784,-0.351886,-0.351886,-1.858560,0.423271,0.442038,4,0.000000,true,
150.000000,280.000000,0.000000,22.003517,3.688703,5.566856,-15.259432,-0.255039,-0.255039,-1.826823,0.436567,0.454635,3,0.000000,true,
150.000000,290.000000,0.000000,22.097259,4.018679,5.924584,-14.758741,-0.196818,-0.196818,-1.795298,0.448400,0.465900,3,0.000000,true,
150.000000,300.000000,0.000000,22.199079,4.354775,6.284777,-14.243735,-0.157764,-0.157764,-1.761490,0.459583,0.476564,3,0.000000,true,
150.000000,310.000000,0.000000,22.309236,4.705087,6.654762,-13.702551,-0.129702,-0.129702,-1.724168,0.470392,0.486876,3,0.000000,true,
150.000000,320.000000,0.000000,22.428135,5.074186,7.038198,-13.128218,-0.108560,-0.108560,-1.682411,0.480946,0.496943,3,0.000000,true,
150.000000,330.000000,0.000000,22.556276,5.465484,7.437409,-12.515359,-0.092065,-0.092065,-1.635363,0.491305,0.506819,3,0.000000,true,
150.000000,340.000000,0.000000,22.694237,5.882050,7.854117,-11.859085,-0.078848,-0.078848,-1.582157,0.501505,0.516537,3,0.000000,true,
150.000000,350.000000,0.000000,22.842669,6.326894,8.289649,-11.154631,-0.068032,-0.068032,-1.521930,0.511562,0.526111,3,0.000000,true,
150.000000,360.000000,0.000000,23.002295,6.802980,8.744891,-10.397387,-0.059031,-0.059031,-1.453901,0.521482,0.535545,3,0.000000,true,
150.000000,370.000000,0.000000,23.173910,7.313009,9.220075,-9.583264,-0.051439,-0.051439,-1.377553,0.531252,0.544827,3,0.000000,true,
150.000000,380.000000,0.000000,23.358366,7.858948,9.714452,-8.709383,-0.044965,-0.044965,-1.292910,0.540842,0.553929,3,0.000000,true,
150.000000,390.000000,0.000000,23.556547,8.441393,10.226018,-7.774968,-0.039397,-0.039397,-1.200849,0.550206,0.562809,3,0.000000,true,
150.000000,400.000000,0.000000,23.769328,9.059026,10.751524,-6.781984,-0.034571,-0.034571,-1.103291,0.559284,0.571411,3,0.000000,true,
160.000000,0.000000,0.000000,21.631475,0.000000,0.411335,-21.297949,-1.801531,-1.801531,-2.209314,0.093825,0.093825,5,0.000000,true,
160.000000,10.000000,0.000000,21.631562,0.007173,0.413312,-21.296258,-1.801301,-1.801301,-2.209225,0.092341,0.096022,3,0.000000,true,
160.000000,20.000000,0.000000,21.631826,0.014625,0.419322,-21.291113,-1.800600,-1.800600,-2.208951,0.091595,0.098920,3,0.000000,true,
160.000000,30.000000,0.000000,21.632278,0.022650,0.429604,-21.282286,-1.799399,-1.799399,-2.208482,0.091626,0.102523,3,0.000000,true,
160.000000,40.000000,0.000000,21.632935,0.031568,0.444572,-21.269388,-1.797643,-1.797643,-2.207797,0.092490,0.106847,3,0.000000,true,
160.000000,50.000000,0.000000,21.633824,0.041749,0.464844,-21.251833,-1.795256,-1.795256,-2.206865,0.094263,0.111928,3,0.000000,true,
160.000000,60.000000,0.000000,21.634980,0.053629,0.491286,-21.228800,-1.792126,-1.792126,-2.205645,0.097040,0.117819,3,0.000000,true,
160.000000,70.000000,0.000000,21.636451,0.067740,0.525068,-21.199172,-1.788103,-1.788103,-2.204079,0.100947,0.124598,3,0.000000,true,
160.000000,80.000000,0.000000,21.638299,0.084750,0.567761,-21.161445,-1.782986,-1.782986,-2.202090,0.106142,0.132370,3,0.000000,true,
160.000000,90.000000,0.000000,21.640604,0.105510,0.621466,-21.113598,-1.776504,-1.776504,-2.199575,0.112825,0.141282,3,0.000000,true,
160.000000,100.000000,0.000000,21.643471,0.131130,0.688990,-21.052915,-1.768292,-1.768292,-2.196396,0.121251,0.151523,3,0.000000,true,
160.000000,110.000000,0.000000,21.647035,0.163075,0.774087,-20.975742,-1.757857,-1.757857,-2.192371,0.131736,0.163346,3,0.000000,true,
160.000000,120.000000,0.000000,21.651472,0.203290,0.881747,-20.877179,-1.744533,-1.744533,-2.187254,0.144664,0.177066,3,0.000000,true,
160.000000,130.000000,0.000000,21.657013,0.254340,1.018429,-20.750804,-1.727424,-1.727424,-2.180725,0.160463,0.193054,3,0.000000,true,
160.000000,140.000000,0.000000,21.663960,0.319505,1.191991,-20.588642,-1.705371,-1.705371,-2.172381,0.179534,0.211679,3,0.000000,true,
160.000000,150.000000,0.000000,21.672703,0.402683,1.410767,-20.381872,-1.676959,-1.676959,-2.161761,0.202077,0.233169,3,0.000000,true,
160.000000,160.000000,0.000000,21.683730,0.508026,1.681459,-20.122617,-1.640612,-1.640612,-2.148405,0.227848,0.257394,3,0.000000,true,
160.000000,170.000000,0.000000,21.697631,0.639588,2.007039,-19.805763,-1.594642,-1.594642,-2.131909,0.256055,0.283750,3,0.000000,true,
160.000000,180.000000,0.000000,21.715095,0.801867,2.387568,-19.428068,-1.536913,-1.536913,-2.111839,0.285631,0.311366,3,0.000000,true,
160.000000,190.000000,0.000000,21.736946,1.001798,2.824792,-18.983492,-1.463855,-1.463855,-2.087481,0.315754,0.339543,4,0.000000,true,
160.000000,200.000000,0.000000,21.764238,1.252082,3.327752,-18.456833,-1.368639,-1.368639,-2.057445,0.346158,0.368046,4,0.000000,true,
160.000000,210.000000,0.000000,21.798457,1.576689,3.917907,-17.816257,-1.237427,-1.237427,-2.019091,0.377144,0.397137,4,0.000000,true,
160.000000,220.000000,0.000000,21.841891,2.018511,4.630125,-17.007404,-1.041394,-1.041394,-1.967888,0.409231,0.427260,4,0.000000,true,
160.000000,230.000000,0.000000,21.897822,2.592763,5.434373,-16.040839,-0.752277,-0.752277,-1.903675,0.440044,0.456185,4,0.000000,true,
160.000000,240.000000,0.000000,21.967370,3.096271,6.059745,-15.246294,-0.491796,-0.491796,-1.851351,0.460806,0.475827,4,0.000000,true,
160.000000,250.000000,0.000000,22.047366,3.467956,6.496171,-14.671072,-0.343715,-0.343715,-1.815408,0.473902,0.488396,4,0.000000,true,
160.000000,260.000000,0.000000,22.135747,3.795657,6.872828,-14.162431,-0.257817,-0.257817,-1.784119,0.484425,0.498578,3,0.000000,true,
160.000000,270.000000,0.000000,22.231978,4.116868,7.236642,-13.660375,-0.202639,-0.202639,-1.752672,0.493994,0.507863,3,0.000000,true,
160.000000,280.000000,0.000000,22.336094,4.445384,7.603474,-13.143153,-0.164347,-0.164347,-1.719185,0.503119,0.516719,3,0.000000,true,
160.000000,290.000000,0.000000,22.448359,4.787582,7.979952,-12.600626,-0.136267,-0.136267,-1.682644,0.511991,0.525323,3,0.000000,true,
160.000000,300.000000,0.000000,22.569153,5.147262,8.369497,-12.026626,-0.114824,-0.114824,-1.642311,0.520697,0.533757,3,0.000000,true,
160.000000,310.000000,0.000000,22.698939,5.527264,8.774232,-11.416478,-0.097936,-0.097936,-1.597537,0.529281,0.542060,3,0.000000,true,
160.000000,320.000000,0.000000,22.838241,5.930065,9.195650,-10.766086,-0.084310,-0.084310,-1.547703,0.537765,0.550255,3,0.000000,true,
160.000000,330.000000,0.000000,22.987642,6.358009,9.634843,-10.071601,-0.073100,-0.073100,-1.492226,0.546159,0.558350,3,0.000000,true,
160.000000,340.000000,0.000000,23.147781,6.813343,10.092532,-9.329385,-0.063732,-0.063732,-1.430603,0.554464,0.566347,3,0.000000,true,
160.000000,350.000000,0.000000,23.319351,7.298121,10.568969,-8.536177,-0.055802,-0.055802,-1.362507,0.562672,0.574238,3,0.000000,true,
160.000000,360.000000,0.000000,23.503089,7.813976,11.063791,-7.689431,-0.049018,-0.049018,-1.287927,0.570765,0.582008,3,0.000000,true,
160.000000,370.000000,0.000000,23.699762,8.361810,11.575859,-6.787760,-0.043161,-0.043161,-1.207327,0.578716,0.589630,3,0.000000,true,
160.000000,380.000000,0.000000,23.910151,8.941484,12.103221,-5.831318,-0.038067,-0.038067,-1.121763,0.586489,0.597074,3,0.000000,true,
160.000000,390.000000,0.000000,24.135015,9.551688,12.643286,-4.821887,-0.033605,-0.033605,-1.032879,0.594049,0.604306,3,0.000000,true,
160.000000,400.000000,0.000000,24.375072,10.190132,13.193234,-3.762470,-0.029672,-0.029672,-0.942703,0.601363,0.611299,3,0.000000,true,
170.000000,0.000000,0.000000,21.672205,0.000000,1.569199,-20.320318,-1.703268,-1.703268,-2.166173,0.231413,0.231413,5,0.000000,true,
170.000000,10.000000,0.000000,21.672555,0.028918,1.580614,-20.310130,-1.702207,-1.702207,-2.165737,0.231499,0.233590,3,0.000000,true,
170.000000,20.000000,0.000000,21.673621,0.059011,1.615057,-20.279356,-1.698995,-1.698995,-2.164421,0.233877,0.237987,3,0.000000,true,
170.000000,30.000000,0.000000,21.675445,0.091468,1.673034,-20.227428,-1.693560,-1.693560,-2.162197,0.238542,0.244536,3,0.000000,true,
170.000000,40.000000,0.000000,21.678100,0.127481,1.755135,-20.153623,-1.685790,-1.685790,-2.159031,0.245439,0.253129,3,0.000000,true,
170.000000,50.000000,0.000000,21.681686,0.168225,1.861713,-20.057334,-1.675561,-1.675561,-2.154885,0.254430,0.263589,3,0.000000,true,
170.000000,60.000000,0.000000,21.686332,0.214815,1.992608,-19.938319,-1.662748,-1.662748,-2.149726,0.265278,0.275666,3,0.000000,true,
170.000000,70.000000,0.000000,21.692192,0.268279,2.147079,-19.796772,-1.647218,-1.647218,-2.143528,0.277665,0.289044,3,0.000000,true,
170.000000,80.000000,0.000000,21.699447,0.329578,2.324016,-19.633138,-1.628814,-1.628814,-2.136261,0.291233,0.303387,3,0.000000,true,
170.000000,90.000000,0.000000,21.708298,0.399674,2.522361,-19.447749,-1.607305,-1.607305,-2.127874,0.305647,0.318386,3,0.000000,true,
170.000000,100.000000,0.000000,21.718971,0.479649,2.741526,-19.240433,-1.582341,-1.582341,-2.118282,0.320629,0.333795,3,0.000000,true,
170.000000,110.000000,0.000000,21.731723,0.570830,2.981700,-19.010206,-1.553400,-1.553400,-2.107351,0.335985,0.349444,3,0.000000,true,
170.000000,120.000000,0.000000,21.746847,0.674945,3.244017,-18.755063,-1.519731,-1.519731,-2.094885,0.351598,0.365237,3,0.000000,true,
170.000000,130.000000,0.000000,21.764683,0.794293,3.530676,-18.471780,-1.480263,-1.480263,-2.080608,0.367418,0.381138,3,0.000000,true,
170.000000,140.000000,0.000000,21.785638,0.931998,3.845090,-18.155645,-1.433477,-1.433477,-2.064142,0.383450,0.397162,3,0.000000,true,
170.000000,150.000000,0.000000,21.810208,1.092371,4.192146,-17.800035,-1.377165,-1.377165,-2.044968,0.399745,0.413363,3,0.000000,true,
170.000000,160.000000,0.000000,21.839014,1.281486,4.578598,-17.395731,-1.308029,-1.308029,-2.022362,0.416394,0.429831,3,0.000000,true,
170.000000,170.000000,0.000000,21.872855,1.508042,5.013548,-16.929997,-1.220957,-1.220957,-1.995313,0.433519,0.446682,3,0.000000,true,
170.000000,180.000000,0.000000,21.912783,1.784279,5.508203,-16.386138,-1.107882,-1.107882,-1.962454,0.451233,0.464021,4,0.000000,true,
170.000000,190.000000,0.000000,21.960182,2.124432,6.070566,-15.748440,-0.957204,-0.957204,-1.922386,0.469457,0.481765,4,0.000000,true,
170.000000,200.000000,0.000000,22.016664,2.527368,6.678060,-15.033851,-0.762897,-0.762897,-1.876101,0.487213,0.498989,4,0.000000,true,
170.000000,210.000000,0.000000,22.083190,2.936162,7.236852,-14.348668,-0.560661,-0.560661,-1.831673,0.502026,0.513374,4,0.000000,true,
170.000000,220.000000,0.000000,22.159060,3.292983,7.686317,-13.774941,-0.408283,-0.408283,-1.795683,0.513004,0.524117,3,0.000000,true,
170.000000,230.000000,0.000000,22.243094,3.612718,8.069713,-13.269688,-0.308719,-0.308719,-1.764847,0.521782,0.532771,3,0.000000,true,
170.000000,240.000000,0.000000,22.334734,3.921547,8.430328,-12.782479,-0.242629,-0.242629,-1.735128,0.529606,0.540508,3,0.000000,true,
170.000000,250.000000,0.000000,22.433905,4.233454,8.788446,-12.288054,-0.196466,-0.196466,-1.704422,0.537004,0.547825,3,0.000000,true,
170.000000,260.000000,0.000000,22.540775,4.555422,9.153155,-11.774114,-0.162662,-0.162662,-1.671625,0.544194,0.554926,3,0.000000,true,
170.000000,270.000000,0.000000,22.655642,4.891444,9.528984,-11.233695,-0.136945,-0.136945,-1.636034,0.551272,0.561903,3,0.000000,true,
170.000000,280.000000,0.000000,22.778881,5.244250,9.918515,-10.662066,-0.116780,-0.116780,-1.597108,0.558282,0.568799,3,0.000000,true,
170.000000,290.000000,0.000000,22.910929,5.616025,10.323413,-10.055462,-0.100581,-0.100581,-1.554373,0.565247,0.575634,3,0.000000,true,
170.000000,300.000000,0.000000,23.052272,6.008712,10.744850,-9.410554,-0.087308,-0.087308,-1.507391,0.572176,0.582418,3,0.000000,true,
170.000000,310.000000,0.000000,23.203439,6.424147,11.183665,-8.724244,-0.076256,-0.076256,-1.455769,0.579072,0.589155,3,0.000000,true,
170.000000,320.000000,0.000000,23.365006,6.864068,11.640394,-7.993629,-0.066928,-0.066928,-1.399189,0.585930,0.595841,3,0.000000,true,
170.000000,330.000000,0.000000,23.537589,7.330067,12.115233,-7.216091,-0.058966,-0.058966,-1.337456,0.592743,0.602468,3,0.000000,true,
170.000000,340.000000,0.000000,23.721838,7.823472,12.607959,-6.389473,-0.052105,-0.052105,-1.270582,0.599496,0.609025,3,0.000000,true,
170.000000,350.000000,0.000000,23.918432,8.345178,13.117851,-5.512311,-0.046144,-0.046144,-1.198863,0.606170,0.615494,3,0.000000,true,
170.000000,360.000000,0.000000,24.128065,8.895489,13.643660,-4.584045,-0.040928,-0.040928,-1.122945,0.612744,0.621854,3,0.000000,true,
170.000000,370.000000,0.000000,24.351428,9.474003,14.183671,-3.605119,-0.036334,-0.036334,-1.043844,0.619192,0.628084,3,0.000000,true,
170.000000,380.000000,0.000000,24.589197,10.079650,14.735886,-2.576859,-0.032264,-0.032264,-0.962871,0.625489,0.634162,3,0.000000,true,
170.000000,390.000000,0.000000,24.842013,10.710870,15.298301,-1.501132,-0.028636,-0.028636,-0.881484,0.631618,0.640071,3,0.000000,true,
170.000000,400.000000,0.000000,25.110476,11.365921,15.869185,-0.379860,-0.025381,-0.025381,-0.801096,0.637565,0.645801,3,0.000000,true,
180.000000,0.000000,0.000000,21.831896,-0.000000,4.705792,-17.539313,-1.459502,-1.459502,-2.062077,0.436002,0.436002,4,0.000000,true,
180.000000,10.000000,0.000000,21.832823,0.076269,4.716485,-17.528630,-1.458087,-1.458087,-2.061543,0.436022,0.436833,3,0.000000,true,
180.000000,20.000000,0.000000,21.835615,0.153584,4.748609,-17.496503,-1.453814,-1.453814,-2.059934,0.436891,0.438503,3,0.000000,true,
180.000000,30.000000,0.000000,21.840312,0.233011,4.802302,-17.442689,-1.446598,-1.446598,-2.057226,0.438602,0.440996,3,0.000000,true,
180.000000,40.000000,0.000000,21.846977,0.315653,4.877816,-17.366762,-1.436291,-1.436291,-2.053378,0.441136,0.444285,3,0.000000,true,
180.000000,50.000000,0.000000,21.855704,0.402679,4.975550,-17.268074,-1.422673,-1.422673,-2.048330,0.444471,0.448339,3,0.000000,true,
180.000000,60.000000,0.000000,21.866613,0.495353,5.096087,-17.145709,-1.405437,-1.405437,-2.042000,0.448578,0.453124,3,0.000000,true,
180.000000,70.000000,0.000000,21.879860,0.595081,5.240255,-16.998416,-1.384166,-1.384166,-2.034280,0.453429,0.458605,3,0.000000,true,
180.000000,80.000000,0.000000,21.895634,0.703464,5.409186,-16.824526,-1.358302,-1.358302,-2.025026,0.458996,0.464748,3,0.000000,true,
180.000000,90.000000,0.000000,21.914169,0.822373,5.604398,-16.621846,-1.327099,-1.327099,-2.014056,0.465251,0.471525,3,0.000000,true,
180.000000,100.000000,0.000000,21.935746,0.954054,5.827884,-16.387526,-1.289556,-1.289556,-2.001137,0.472177,0.478911,3,0.000000,true,
180.000000,110.000000,0.000000,21.960709,1.101256,6.082202,-16.117907,-1.244316,-1.244316,-1.985968,0.479757,0.486889,3,0.000000,true,
180.000000,120.000000,0.000000,21.989476,1.267393,6.370546,-15.808365,-1.189521,-1.189521,-1.968171,0.487984,0.495448,3,0.000000,true,
180.000000,130.000000,0.000000,22.022556,1.456709,6.696680,-15.453252,-1.122621,-1.122621,-1.947280,0.496849,0.504576,3,0.000000,true,
180.000000,140.000000,0.000000,22.060574,1.674289,7.064402,-15.046306,-1.040185,-1.040185,-1.922762,0.506329,0.514246,3,0.000000,true,
180.000000,150.000000,0.000000,22.104283,1.925366,7.475585,-14.582597,-0.938053,-0.938053,-1.894163,0.516338,0.524372,4,0.000000,true,
180.000000,160.000000,0.000000,22.154537,2.212304,7.924509,-14.064835,-0.813172,-0.813172,-1.861594,0.526619,0.534703,4,0.000000,true,
180.000000,170.000000,0.000000,22.212143,2.527160,8.387443,-13.516141,-0.670067,-0.670067,-1.826758,0.536577,0.544668,4,0.000000,true,
180.000000,180.000000,0.000000,22.277528,2.847582,8.824084,-12.981455,-0.528599,-0.528599,-1.793140,0.545415,0.553516,3,0.000000,true,
180.000000,190.000000,0.000000,22.350568,3.155164,9.213136,-12.488180,-0.411720,-0.411720,-1.762895,0.552868,0.561008,3,0.000000,true,
180.000000,200.000000,0.000000,22.430930,3.450901,9.567428,-12.024733,-0.325042,-0.325042,-1.735071,0.559337,0.567536,3,0.000000,true,
180.000000,210.000000,0.000000,22.518432,3.743732,9.907248,-11.568725,-0.262230,-0.262230,-1.707827,0.565281,0.573544,3,0.000000,true,
180.000000,220.000000,0.000000,22.613099,4.040966,10.246120,-11.104144,-0.215938,-0.215938,-1.679814,0.570979,0.579296,3,0.000000,true,
180.000000,230.000000,0.000000,22.715100,4.347298,10.591560,-10.621355,-0.180881,-0.180881,-1.650179,0.576569,0.584928,3,0.000000,true,
180.000000,240.000000,0.000000,22.824695,4.665811,10.947761,-10.114329,-0.153616,-0.153616,-1.618351,0.582120,0.590504,3,0.000000,true,
180.000000,250.000000,0.000000,22.942210,4.998743,11.317219,-9.578866,-0.131909,-0.131909,-1.583892,0.587665,0.596057,3,0.000000,true,
180.000000,260.000000,0.000000,23.068017,5.347905,11.701549,-9.011667,-0.114281,-0.114281,-1.546436,0.593221,0.601603,3,0.000000,true,
180.000000,270.000000,0.000000,23.202531,5.714903,12.101872,-8.409886,-0.099721,-0.099721,-1.505654,0.598791,0.607146,3,0.000000,true,
180.000000,280.000000,0.000000,23.346205,6.101236,12.519002,-7.770909,-0.087524,-0.087524,-1.461248,0.604377,0.612689,3,0.000000,true,
180.000000,290.000000,0.000000,23.499526,6.508340,12.953517,-7.092273,-0.077181,-0.077181,-1.412963,0.609976,0.618228,3,0.000000,true,
180.000000,300.000000,0.000000,23.663017,6.937585,13.405770,-6.371664,-0.068320,-0.068320,-1.360602,0.615579,0.623757,3,0.000000,true,
180.000000,310.000000,0.000000,23.837231,7.390230,13.875867,-5.606972,-0.060659,-0.060659,-1.304068,0.621179,0.629268,3,0.000000,true,
180.000000,320.000000,0.000000,24.022751,7.867359,14.363626,-4.796396,-0.053984,-0.053984,-1.243398,0.626763,0.634750,3,0.000000,true,
180.000000,330.000000,0.000000,24.220185,8.369786,14.868532,-3.938571,-0.048128,-0.048128,-1.178816,0.632317,0.640190,3,0.000000,true,
180.000000,340.000000,0.000000,24.430152,8.897968,15.389720,-3.032685,-0.042960,-0.042960,-1.110760,0.637823,0.645572,3,0.000000,true,
180.000000,350.000000,0.000000,24.653282,9.451933,15.926005,-2.078542,-0.038373,-0.038373,-1.039899,0.643264,0.650880,3,0.000000,true,
180.000000,360.000000,0.000000,24.890197,10.031274,16.475970,-1.076534,-0.034280,-0.034280,-0.967108,0.648622,0.656099,3,0.000000,true,
180.000000,370.000000,0.000000,25.141505,10.635216,17.038109,-0.027486,-0.030609,-0.030609,-0.893393,0.653880,0.661215,3,0.000000,true,
180.000000,380.000000,0.000000,25.407793,11.262757,17.610998,1.067582,-0.027299,-0.027299,-0.819795,0.659028,0.666216,3,0.000000,true,
180.000000,390.000000,0.000000,25.689623,11.912834,18.193436,2.207730,-0.024300,-0.024300,-0.747286,0.664056,0.671097,3,0.000000,true,
180.000000,400.000000,0.000000,25.987530,12.584490,18.784536,3.392324,-0.021567,-0.021567,-0.676683,0.668960,0.675854,3,0.000000,true,
190.000000,0.000000,0.000000,22.149418,0.000000,7.882752,-14.559362,-1.164020,-1.164020,-1.944093,0.536806,0.536806,5,0.000000,true,
190.000000,10.000000,0.000000,22.150922,0.123849,7.895206,-14.545863,-1.161712,-1.161712,-1.943319,0.536823,0.537330,3,0.000000,true,
190.000000,20.000000,0.000000,22.155454,0.249098,7.932675,-14.505211,-1.154731,-1.154731,-1.940986,0.537382,0.538392,3,0.000000,true,
190.000000,30.000000,0.000000,22.163064,0.377182,7.995484,-14.436937,-1.142901,-1.142901,-1.937055,0.538484,0.539988,3,0.000000,true,
190.000000,40.000000,0.000000,22.173839,0.509611,8.084181,-14.340249,-1.125917,-1.125917,-1.931462,0.540129,0.542114,3,0.000000,true,
190.000000,50.000000,0.000000,22.187905,0.648007,8.199532,-14.214018,-1.103327,-1.103327,-1.924116,0.542314,0.544764,3,0.000000,true,
190.000000,60.000000,0.000000,22.205428,0.794148,8.342516,-14.056773,-1.074510,-1.074510,-1.914898,0.545036,0.547930,3,0.000000,true,
190.000000,70.000000,0.000000,22.226619,0.950001,8.514285,-13.866719,-1.038645,-1.038645,-1.903658,0.548290,0.551603,3,0.000000,true,
190.000000,80.000000,0.000000,22.251742,1.117743,8.716044,-13.641822,-0.994687,-0.994687,-1.890229,0.552064,0.555769,3,0.000000,true,
190.000000,90.000000,0.000000,22.281113,1.299721,8.948790,-13.380061,-0.941375,-0.941375,-1.874436,0.556339,0.560403,3,0.000000,true,
190.000000,100.000000,0.000000,22.315108,1.498276,9.212719,-13.080012,-0.877350,-0.877350,-1.856149,0.561075,0.565463,3,0.000000,true,
190.000000,110.000000,0.000000,22.354154,1.715251,9.506079,-12.742088,-0.801565,-0.801565,-1.835373,0.566196,0.570872,3,0.000000,true,
190.000000,120.000000,0.000000,22.398708,1.950986,9.823336,-12.370630,-0.714298,-0.714298,-1.812417,0.571563,0.576492,3,0.000000,true,
190.000000,130.000000,0.000000,22.449203,2.202949,10.153623,-11.975966,-0.618871,-0.618871,-1.788064,0.576965,0.582117,3,0.000000,true,
190.000000,140.000000,0.000000,22.505968,2.465510,10.482755,-11.572818,-0.522682,-0.522682,-1.763448,0.582163,0.587516,3,0.000000,true,
190.000000,150.000000,0.000000,22.569187,2.732748,10.800588,-11.172523,-0.434659,-0.434659,-1.739430,0.587012,0.592552,3,0.000000,true,
190.000000,160.000000,0.000000,22.638933,3.002052,11.106469,-10.776457,-0.360366,-0.360366,-1.716074,0.591526,0.597245,3,0.000000,true,
190.000000,170.000000,0.000000,22.715261,3.274316,11.406288,-10.378485,-0.300479,-0.300479,-1.692841,0.595814,0.601701,3,0.000000,true,
190.000000,180.000000,0.000000,22.798272,3.551903,11.706955,-9.970804,-0.252937,-0.252937,-1.669055,0.599988,0.606029,3,0.000000,true,
190.000000,190.000000,0.000000,22.888125,3.837223,12.013870,-9.546869,-0.215101,-0.215101,-1.644140,0.604127,0.610308,3,0.000000,true,
190.000000,200.000000,0.000000,22.985033,4.132321,12.330727,-9.101779,-0.184676,-0.184676,-1.617648,0.608278,0.614582,3,0.000000,true,
190.000000,210.000000,0.000000,23.089256,4.438898,12.659985,-8.631843,-0.159892,-0.159892,-1.589227,0.612468,0.618877,3,0.000000,true,
190.000000,220.000000,0.000000,23.201091,4.758416,13.003314,-8.134129,-0.139440,-0.139440,-1.558580,0.616710,0.623208,3,0.000000,true,
190.000000,230.000000,0.000000,23.320870,5.092196,13.361895,-7.606150,-0.122356,-0.122356,-1.525448,0.621009,0.627578,3,0.000000,true,
190.000000,240.000000,0.000000,23.448954,5.441477,13.736597,-7.045666,-0.107925,-0.107925,-1.489594,0.625365,0.631989,3,0.000000,true,
190.000000,250.000000,0.000000,23.585734,5.807459,14.128076,-6.450575,-0.095614,-0.095614,-1.450801,0.629776,0.636438,3,0.000000,true,
190.000000,260.000000,0.000000,23.731633,6.191313,14.536825,-5.818865,-0.085020,-0.085020,-1.408878,0.634237,0.640922,3,0.000000,true,
190.000000,270.000000,0.000000,23.887097,6.594184,14.963189,-5.148596,-0.075830,-0.075830,-1.363668,0.638742,0.645433,3,0.000000,true,
190.000000,280.000000,0.000000,24.052604,7.017172,15.407357,-4.437925,-0.067803,-0.067803,-1.315063,0.643283,0.649966,3,0.000000,true,
190.000000,290.000000,0.000000,24.228656,7.461299,15.869345,-3.685149,-0.060747,-0.060747,-1.263029,0.647849,0.654511,3,0.000000,true,
190.000000,300.000000,0.000000,24.415777,7.927470,16.348966,-2.888773,-0.054510,-0.054510,-1.207628,0.652432,0.659058,3,0.000000,true,
190.000000,310.000000,0.000000,24.614513,8.416411,16.845808,-2.047579,-0.048968,-0.048968,-1.149046,0.657017,0.663597,3,0.000000,true,
190.000000,320.000000,0.000000,24.825426,8.928624,17.359229,-1.160696,-0.044022,-0.044022,-1.087605,0.661593,0.668115,3,0.000000,true,
190.000000,330.000000,0.000000,25.049083,9.464343,17.888366,-0.227637,-0.039586,-0.039586,-1.023777,0.666146,0.672600,3,0.000000,true,
190.000000,340.000000,0.000000,25.286058,10.023525,18.432189,0.751713,-0.035593,-0.035593,-0.958167,0.670662,0.677040,3,0.000000,true,
190.000000,350.000000,0.000000,25.536918,10.605870,18.989575,1.777162,-0.031983,-0.031983,-0.891481,0.675127,0.681422,3,0.000000,true,
190.000000,360.000000,0.000000,25.802220,11.210887,19.559407,2.848338,-0.028704,-0.028704,-0.824471,0.679532,0.685739,3,0.000000,true,
190.000000,370.000000,0.000000,26.082509,11.837983,20.140667,3.964836,-0.025715,-0.025715,-0.757880,0.683868,0.689981,3,0.000000,true,
190.000000,380.000000,0.000000,26.378314,12.486558,20.732510,5.126371,-0.022978,-0.022978,-0.692381,0.688128,0.694144,3,0.000000,true,
190.000000,390.000000,0.000000,26.690152,13.156089,21.334310,6.332895,-0.020460,-0.020460,-0.628541,0.692309,0.698226,3,0.000000,true,
190.000000,400.000000,0.000000,27.018528,13.846188,21.945658,7.584660,-0.018135,-0.018135,-0.566797,0.696409,0.702226,3,0.000000,true,
200.000000,0.000000,0.000000,22.638348,0.000000,11.473922,-11.009000,-0.731917,-0.731917,-1.795392,0.605322,0.605322,7,0.000000,true,
200.000000,10.000000,0.000000,22.640532,0.179706,11.487556,-10.992993,-0.728433,-0.728433,-1.794430,0.605334,0.605687,3,0.000000,true,
200.000000,20.000000,0.000000,22.647103,0.361024,11.528370,-10.945006,-0.717962,-0.717962,-1.791544,0.605722,0.606425,3,0.000000,true,
200.000000,30.000000,0.000000,22.658121,0.545540,11.596057,-10.865173,-0.700458,-0.700458,-1.786745,0.606478,0.607526,3,0.000000,true,
200.000000,40.000000,0.000000,22.673682,0.734779,11.689996,-10.753839,-0.675903,-0.675903,-1.780057,0.607588,0.608974,3,0.000000,true,
200.000000,50.000000,0.000000,22.693918,0.930137,11.809083,-10.611740,-0.644403,-0.644403,-1.771532,0.609030,0.610743,3,0.000000,true,
200.000000,60.000000,0.000000,22.718993,1.132768,11.951542,-10.440226,-0.606343,-0.606343,-1.761273,0.610771,0.612799,3,0.000000,true,
200.000000,70.000000,0.000000,22.749093,1.343457,12.114780,-10.241448,-0.562572,-0.562572,-1.749439,0.612764,0.615095,3,0.000000,true,
200.000000,80.000000,0.000000,22.784420,1.562496,12.295468,-10.018334,-0.514566,-0.514566,-1.736253,0.614958,0.617577,3,0.000000,true,
200.000000,90.000000,0.000000,22.825175,1.789686,12.489997,-9.774180,-0.464409,-0.464409,-1.721960,0.617296,0.620189,3,0.000000,true,
200.000000,100.000000,0.000000,22.871551,2.024510,12.695254,-9.511862,-0.414484,-0.414484,-1.706767,0.619732,0.622884,3,0.000000,true,
200.000000,110.000000,0.000000,22.923726,2.266454,12.909341,-9.233065,-0.366970,-0.366970,-1.690785,0.622235,0.625635,3,0.000000,true,
200.000000,120.000000,0.000000,22.981870,2.515278,13.131793,-8.937980,-0.323393,-0.323393,-1.673999,0.624796,0.628429,3,0.000000,true,
200.000000,130.000000,0.000000,23.046151,2.771121,13.363264,-8.625567,-0.284499,-0.284499,-1.656296,0.627417,0.631270,3,0.000000,true,
200.000000,140.000000,0.000000,23.116746,3.034452,13.604986,-8.294079,-0.250389,-0.250389,-1.637504,0.630107,0.634166,3,0.000000,true,
200.000000,150.000000,0.000000,23.193844,3.305960,13.858339,-7.941512,-0.220767,-0.220767,-1.617431,0.632876,0.637128,3,0.000000,true,
200.000000,160.000000,0.000000,23.277654,3.586456,14.124604,-7.565864,-0.195150,-0.195150,-1.595882,0.635731,0.640161,3,0.000000,true,
200.000000,170.000000,0.000000,23.368406,3.876812,14.404878,-7.165234,-0.173010,-0.173010,-1.572671,0.638678,0.643272,3,0.000000,true,
200.000000,180.000000,0.000000,23.466349,4.177929,14.700068,-6.737839,-0.153842,-0.153842,-1.547620,0.641718,0.646461,3,0.000000,true,
200.000000,190.000000,0.000000,23.571758,4.490726,15.010918,-6.281991,-0.137194,-0.137194,-1.520558,0.644850,0.649727,3,0.000000,true,
200.000000,200.000000,0.000000,23.684926,4.816132,15.338039,-5.796060,-0.122681,-0.122681,-1.491323,0.648073,0.653069,3,0.000000,true,
200.000000,210.000000,0.000000,23.806173,5.155087,15.681936,-5.278450,-0.109977,-0.109977,-1.459757,0.651382,0.656483,3,0.000000,true,
200.000000,220.000000,0.000000,23.935840,5.508542,16.043028,-4.727584,-0.098809,-0.098809,-1.425712,0.654772,0.659964,3,0.000000,true,
200.000000,230.000000,0.000000,24.074291,5.877456,16.421648,-4.141890,-0.088950,-0.088950,-1.389054,0.658239,0.663506,3,0.000000,true,
200.000000,240.000000,0.000000,24.221913,6.262786,16.818050,-3.519814,-0.080211,-0.080211,-1.349669,0.661774,0.667104,3,0.000000,true,
200.000000,250.000000,0.000000,24.379117,6.665477,17.232398,-2.859828,-0.072435,-0.072435,-1.307469,0.665372,0.670751,3,0.000000,true,
200.000000,260.000000,0.000000,24.546338,7.086444,17.664750,-2.160460,-0.065490,-0.065490,-1.262410,0.669025,0.674438,3,0.000000,true,
200.000000,270.000000,0.000000,24.724029,7.526545,18.115043,-1.420331,-0.059265,-0.059265,-1.214502,0.672723,0.678159,3,0.000000,true,
200.000000,280.000000,0.000000,24.912667,7.986556,18.583076,-0.638198,-0.053667,-0.053667,-1.163822,0.676457,0.681904,3,0.000000,true,
200.000000,290.000000,0.000000,25.112744,8.467134,19.068494,0.187007,-0.048617,-0.048617,-1.110533,0.680217,0.685665,3,0.000000,true,
200.000000,300.000000,0.000000,25.324766,8.968790,19.570788,1.056132,-0.044047,-0.044047,-1.054886,0.683994,0.689430,3,0.000000,true,
200.000000,310.000000,0.000000,25.549251,9.491864,20.089303,1.969790,-0.039899,-0.039899,-0.997231,0.687775,0.693191,3,0.000000,true,
200.000000,320.000000,0.000000,25.786722,10.036514,20.623263,2.928361,-0.036123,-0.036123,-0.938005,0.691551,0.696937,3,0.000000,true,
200.000000,330.000000,0.000000,26.037704,10.602728,21.171822,3.932024,-0.032674,-0.032674,-0.877713,0.695311,0.700660,3,0.000000,true,
200.000000,340.000000,0.000000,26.302721,11.190351,21.734115,4.980824,-0.029515,-0.029515,-0.816903,0.699046,0.704351,3,0.000000,true,
200.000000,350.000000,0.000000,26.582289,11.799131,22.309315,6.074758,-0.026612,-0.026612,-0.756129,0.702748,0.708002,3,0.000000,true,
200.000000,360.000000,0.000000,26.876920,12.428775,22.896693,7.213858,-0.023935,-0.023935,-0.695919,0.706410,0.711609,3,0.000000,true,
200.000000,370.000000,0.000000,27.187118,13.078998,23.495647,8.398277,-0.021458,-0.021458,-0.636747,0.710028,0.715167,3,0.000000,true,
200.000000,380.000000,0.000000,27.513381,13.749571,24.105721,9.628347,-0.019159,-0.019159,-0.579008,0.713598,0.718674,3,0.000000,true,
200.000000,390.000000,0.000000,27.856202,14.440349,24.726608,10.904611,-0.017019,-0.017019,-0.523013,0.717119,0.722128,3,0.000000,true,
200.000000,400.000000,0.000000,28.216070,15.151289,25.358134,12.227833,-0.015019,-0.015019,-0.468991,0.720589,0.725529,3,0.000000,true,
