surface,xi,mu_CEP_proxy_MeV,T_low_MeV,T_high_MeV,T_midpoint_MeV,layer,status,boundary_mode,source_xi_left,source_xi_right,xi_gap,reference_write,source_status,acceptance_status,extrapolation,coverage_status,acceptance_scope
cep_boundary,-0.5,202.33883159063282,147.0625,147.125,147.09375,strict_reference_v1,bracket_preserved_native,estimated_midpoint,-0.5,-0.5,0.0,False,strict_certified,author_accepted_for_downstream,False,native_support,downstream_phase_map_default
cep_boundary,-0.49375,203.9070322602657,146.875,146.9375,146.90625,interpolated_noncertified,bracket_preserved_xi_interpolation,estimated_midpoint,-0.5,-0.4875,0.012500000000000011,False,interpolated_noncertified,author_accepted_for_downstream,False,interpolated_common_support,downstream_phase_map_default
cep_boundary,-0.4875,205.4752329298986,146.6875,146.75,146.71875,strict_reference_v1,bracket_preserved_native,estimated_midpoint,-0.4875,-0.4875,0.0,False,strict_certified,author_accepted_for_downstream,False,native_support,downstream_phase_map_default
cep_boundary,-0.48125,207.08912882064786,146.46875,146.53125,146.5,interpolated_noncertified,bracket_preserved_xi_interpolation,estimated_midpoint,-0.4875,-0.475,0.012500000000000011,False,interpolated_noncertified,author_accepted_for_downstream,False,interpolated_common_support,downstream_phase_map_default
cep_boundary,-0.475,208.70302471139712,146.25,146.3125,146.28125,strict_reference_v1,bracket_preserved_native,estimated_midpoint,-0.475,-0.475,0.0,False,strict_certified,author_accepted_for_downstream,False,native_support,downstream_phase_map_default
cep_boundary,-0.46875,210.1999886145935,146.0625,146.125,146.09375,strict_reference_v1,bracket_preserved_native,estimated_midpoint,-0.46875,-0.46875,0.0,False,strict_certified,author_accepted_for_downstream,False,native_support,downstream_phase_map_default
cep_boundary,-0.4625,211.6782842710092,145.875,145.9375,145.90625,strict_reference_v1,bracket_preserved_native,estimated_midpoint,-0.4625,-0.4625,0.0,False,strict_certified,author_accepted_for_downstream,False,native_support,downstream_phase_map_default
cep_boundary,-0.45625,213.13842596736504,145.6875,145.75,145.71875,strict_reference_v1,bracket_preserved_native,estimated_midpoint,-0.45625,-0.45625,0.0,False,strict_certified,author_accepted_for_downstream,False,native_support,downstream_phase_map_default
cep_boundary,-0.45,214.58090311276464,145.5,145.5625,145.53125,strict_reference_v1,bracket_preserved_native,estimated_midpoint,-0.45,-0.45,0.0,False,strict_certified,author_accepted_for_downstream,False,native_support,downstream_phase_map_default
cep_boundary,-0.44375,216.08057101017764,145.28125,145.34375,145.3125,interpolated_noncertified,bracket_preserved_xi_interpolation,estimated_midpoint,-0.45,-0.4375,0.012500000000000011,False,interpolated_noncertified,author_accepted_for_downstream,False,interpolated_common_support,downstream_phase_map_default
cep_boundary,-0.4375,217.58023890759063,145.0625,145.125,145.09375,strict_reference_v1,bracket_preserved_native,estimated_midpoint,-0.4375,-0.4375,0.0,False,strict_certified,author_accepted_for_downstream,False,native_support,downstream_phase_map_default
cep_boundary,-0.43125,218.96338057008046,144.875,144.9375,144.90625,interpolated_noncertified,bracket_preserved_xi_interpolation,estimated_midpoint,-0.4375,-0.425,0.012500000000000011,False,interpolated_noncertified,author_accepted_for_downstream,False,interpolated_common_support,downstream_phase_map_default
cep_boundary,-0.425,220.3465222325703,144.6875,144.75,144.71875,strict_reference_v1,bracket_preserved_native,estimated_midpoint,-0.425,-0.425,0.0,False,strict_certified,author_accepted_for_downstream,False,native_support,downstream_phase_map_default
cep_boundary,-0.41875,221.6986804571135,144.5,144.5625,144.53125,interpolated_noncertified,bracket_preserved_xi_interpolation,estimated_midpoint,-0.425,-0.4125,0.012500000000000011,False,interpolated_noncertified,author_accepted_for_downstream,False,interpolated_common_support,downstream_phase_map_default
cep_boundary,-0.4125,223.05083868165676,144.3125,144.375,144.34375,strict_reference_v1,bracket_preserved_native,estimated_midpoint,-0.4125,-0.4125,0.0,False,strict_certified,author_accepted_for_downstream,False,native_support,downstream_phase_map_default
cep_boundary,-0.40625,224.3734949828725,144.125,144.1875,144.15625,interpolated_noncertified,bracket_preserved_xi_interpolation,estimated_midpoint,-0.4125,-0.4,0.012499999999999956,False,interpolated_noncertified,author_accepted_for_downstream,False,interpolated_common_support,downstream_phase_map_default
cep_boundary,-0.4,225.69615128408822,143.9375,144.0,143.96875,strict_reference_v1,bracket_preserved_native,estimated_midpoint,-0.4,-0.4,0.0,False,strict_certified,author_accepted_for_downstream,False,native_support,downstream_phase_map_default
cep_boundary,-0.39375,227.06910713046378,143.71875,143.78125,143.75,interpolated_noncertified,bracket_preserved_xi_interpolation,estimated_midpoint,-0.4,-0.3875,0.012500000000000011,False,interpolated_noncertified,author_accepted_for_downstream,False,interpolated_common_support,downstream_phase_map_default
cep_boundary,-0.3875,228.44206297683934,143.5,143.5625,143.53125,strict_reference_v1,bracket_preserved_native,estimated_midpoint,-0.3875,-0.3875,0.0,False,strict_certified,author_accepted_for_downstream,False,native_support,downstream_phase_map_default
cep_boundary,-0.38125,229.7087365125248,143.3125,143.375,143.34375,interpolated_noncertified,bracket_preserved_xi_interpolation,estimated_midpoint,-0.3875,-0.375,0.012500000000000011,False,interpolated_noncertified,author_accepted_for_downstream,False,interpolated_common_support,downstream_phase_map_default
cep_boundary,-0.375,230.97541004821028,143.125,143.1875,143.15625,strict_reference_v1,bracket_preserved_native,estimated_midpoint,-0.375,-0.375,0.0,False,strict_certified,author_accepted_for_downstream,False,native_support,downstream_phase_map_default
cep_boundary,-0.36875,232.21641305125794,142.9375,143.0,142.96875,interpolated_noncertified,bracket_preserved_xi_interpolation,estimated_midpoint,-0.375,-0.3625,0.012500000000000011,False,interpolated_noncertified,author_accepted_for_downstream,False,interpolated_common_support,downstream_phase_map_default
cep_boundary,-0.3625,233.4574160543056,142.75,142.8125,142.78125,strict_reference_v1,bracket_preserved_native,estimated_midpoint,-0.3625,-0.3625,0.0,False,strict_certified,author_accepted_for_downstream,False,native_support,downstream_phase_map_default
cep_boundary,-0.35625,234.67383324061325,142.5625,142.625,142.59375,interpolated_noncertified,bracket_preserved_xi_interpolation,estimated_midpoint,-0.3625,-0.35,0.012500000000000011,False,interpolated_noncertified,author_accepted_for_downstream,False,interpolated_common_support,downstream_phase_map_default
cep_boundary,-0.35,235.8902504269209,142.375,142.4375,142.40625,strict_reference_v1,bracket_preserved_native,estimated_midpoint,-0.35,-0.35,0.0,False,strict_certified,author_accepted_for_downstream,False,native_support,downstream_phase_map_default
cep_boundary,-0.34375,237.08886296141702,142.1875,142.25,142.21875,strict_reference_v1,bracket_preserved_native,estimated_midpoint,-0.34375,-0.34375,0.0,False,strict_certified,author_accepted_for_downstream,False,native_support,downstream_phase_map_default
cep_boundary,-0.3375,238.27592770007067,142.0,142.0625,142.03125,strict_reference_v1,bracket_preserved_native,estimated_midpoint,-0.3375,-0.3375,0.0,False,strict_certified,author_accepted_for_downstream,False,native_support,downstream_phase_map_default
cep_boundary,-0.33125,239.45167450007006,141.8125,141.875,141.84375,strict_reference_v1,bracket_preserved_native,estimated_midpoint,-0.33125,-0.33125,0.0,False,strict_certified,author_accepted_for_downstream,False,native_support,downstream_phase_map_default
cep_boundary,-0.325,240.7638524009058,141.5625,141.625,141.59375,strict_reference_v1,bracket_preserved_native,estimated_midpoint,-0.325,-0.325,0.0,False,strict_certified,author_accepted_for_downstream,False,native_support,downstream_phase_map_default
cep_boundary,-0.31875,241.9114352454075,141.375,141.4375,141.40625,interpolated_noncertified,bracket_preserved_xi_interpolation,estimated_midpoint,-0.325,-0.3125,0.012500000000000011,False,interpolated_noncertified,author_accepted_for_downstream,False,interpolated_common_support,downstream_phase_map_default
cep_boundary,-0.3125,243.05901808990916,141.1875,141.25,141.21875,strict_reference_v1,bracket_preserved_native,estimated_midpoint,-0.3125,-0.3125,0.0,False,strict_certified,author_accepted_for_downstream,False,native_support,downstream_phase_map_default
cep_boundary,-0.30625,244.18567446997528,141.0,141.0625,141.03125,interpolated_noncertified,bracket_preserved_xi_interpolation,estimated_midpoint,-0.3125,-0.3,0.012500000000000011,False,interpolated_noncertified,author_accepted_for_downstream,False,interpolated_common_support,downstream_phase_map_default
cep_boundary,-0.3,245.3123308500414,140.8125,140.875,140.84375,strict_reference_v1,bracket_preserved_native,estimated_midpoint,-0.3,-0.3,0.0,False,strict_certified,author_accepted_for_downstream,False,native_support,downstream_phase_map_default
cep_boundary,-0.29375,246.41882555892587,140.625,140.6875,140.65625,interpolated_noncertified,bracket_preserved_xi_interpolation,estimated_midpoint,-0.3,-0.2875,0.012500000000000011,False,interpolated_noncertified,author_accepted_for_downstream,False,interpolated_common_support,downstream_phase_map_default
cep_boundary,-0.2875,247.52532026781037,140.4375,140.5,140.46875,strict_reference_v1,bracket_preserved_native,estimated_midpoint,-0.2875,-0.2875,0.0,False,strict_certified,author_accepted_for_downstream,False,native_support,downstream_phase_map_default
cep_boundary,-0.28125,248.61236834884747,140.25,140.3125,140.28125,interpolated_noncertified,bracket_preserved_xi_interpolation,estimated_midpoint,-0.2875,-0.275,0.012499999999999956,False,interpolated_noncertified,author_accepted_for_downstream,False,interpolated_common_support,downstream_phase_map_default
cep_boundary,-0.275,249.69941642988456,140.0625,140.125,140.09375,strict_reference_v1,bracket_preserved_native,estimated_midpoint,-0.275,-0.275,0.0,False,strict_certified,author_accepted_for_downstream,False,native_support,downstream_phase_map_default
cep_boundary,-0.26875,250.83732457597637,139.84375,139.90625,139.875,interpolated_noncertified,bracket_preserved_xi_interpolation,estimated_midpoint,-0.275,-0.2625,0.012500000000000011,False,interpolated_noncertified,author_accepted_for_downstream,False,interpolated_common_support,downstream_phase_map_default
cep_boundary,-0.2625,251.97523272206814,139.625,139.6875,139.65625,strict_reference_v1,bracket_preserved_native,estimated_midpoint,-0.2625,-0.2625,0.0,False,strict_certified,author_accepted_for_downstream,False,native_support,downstream_phase_map_default
cep_boundary,-0.25625,253.02459711326827,139.4375,139.5,139.46875,interpolated_noncertified,bracket_preserved_xi_interpolation,estimated_midpoint,-0.2625,-0.25,0.012500000000000011,False,interpolated_noncertified,author_accepted_for_downstream,False,interpolated_common_support,downstream_phase_map_default
cep_boundary,-0.25,254.0739615044684,139.25,139.3125,139.28125,strict_reference_v1,bracket_preserved_native,estimated_midpoint,-0.25,-0.25,0.0,False,strict_certified,author_accepted_for_downstream,False,native_support,downstream_phase_map_default
cep_boundary,-0.24375,255.10579179324188,139.0625,139.125,139.09375,interpolated_noncertified,bracket_preserved_xi_interpolation,estimated_midpoint,-0.25,-0.2375,0.012500000000000011,False,interpolated_noncertified,author_accepted_for_downstream,False,interpolated_common_support,downstream_phase_map_default
cep_boundary,-0.2375,256.13762208201535,138.875,138.9375,138.90625,strict_reference_v1,bracket_preserved_native,estimated_midpoint,-0.2375,-0.2375,0.0,False,strict_certified,author_accepted_for_downstream,False,native_support,downstream_phase_map_default
cep_boundary,-0.23125,257.1524767836227,138.6875,138.75,138.71875,interpolated_noncertified,bracket_preserved_xi_interpolation,estimated_midpoint,-0.2375,-0.225,0.012499999999999983,False,interpolated_noncertified,author_accepted_for_downstream,False,interpolated_common_support,downstream_phase_map_default
cep_boundary,-0.225,258.1673314852301,138.5,138.5625,138.53125,strict_reference_v1,bracket_preserved_native,estimated_midpoint,-0.225,-0.225,0.0,False,strict_certified,author_accepted_for_downstream,False,native_support,downstream_phase_map_default
cep_boundary,-0.21875,259.1697868888465,138.3125,138.375,138.34375,strict_reference_v1,bracket_preserved_native,estimated_midpoint,-0.21875,-0.21875,0.0,False,strict_certified,author_accepted_for_downstream,False,native_support,downstream_phase_map_default
cep_boundary,-0.2125,260.29732418839416,138.0625,138.125,138.09375,strict_reference_v1,bracket_preserved_native,estimated_midpoint,-0.2125,-0.2125,0.0,False,strict_certified,author_accepted_for_downstream,False,native_support,downstream_phase_map_default
cep_boundary,-0.20625,261.28298681412605,137.875,137.9375,137.90625,strict_reference_v1,bracket_preserved_native,estimated_midpoint,-0.20625,-0.20625,0.0,False,strict_certified,author_accepted_for_downstream,False,native_support,downstream_phase_map_default
cep_boundary,-0.2,262.2608016265691,137.6875,137.75,137.71875,strict_reference_v1,bracket_preserved_native,estimated_midpoint,-0.2,-0.2,0.0,False,strict_certified,author_accepted_for_downstream,False,native_support,downstream_phase_map_default
cep_boundary,-0.19375,263.2270726703093,137.5,137.5625,137.53125,interpolated_noncertified,bracket_preserved_xi_interpolation,estimated_midpoint,-0.2,-0.1875,0.012500000000000011,False,interpolated_noncertified,author_accepted_for_downstream,False,interpolated_common_support,downstream_phase_map_default
cep_boundary,-0.1875,264.1933437140495,137.3125,137.375,137.34375,strict_reference_v1,bracket_preserved_native,estimated_midpoint,-0.1875,-0.1875,0.0,False,strict_certified,author_accepted_for_downstream,False,native_support,downstream_phase_map_default
cep_boundary,-0.18125,265.16070031292475,137.1171875,137.1875,137.15234375,interpolated_noncertified,bracket_preserved_xi_interpolation,estimated_midpoint,-0.1875,-0.175,0.012500000000000011,False,interpolated_noncertified,author_accepted_for_downstream,False,interpolated_common_support,downstream_phase_map_default
cep_boundary,-0.175,266.12805691179994,136.921875,137.0,136.9609375,strict_reference_v1,bracket_preserved_native,estimated_midpoint,-0.175,-0.175,0.0,False,strict_certified,author_accepted_for_downstream,False,native_support,downstream_phase_map_default
cep_boundary,-0.16875,267.11231887833975,136.7109375,136.78125,136.74609375,interpolated_noncertified,bracket_preserved_xi_interpolation,estimated_midpoint,-0.175,-0.1625,0.012499999999999983,False,interpolated_noncertified,author_accepted_for_downstream,False,interpolated_common_support,downstream_phase_map_default
cep_boundary,-0.1625,268.0965808448796,136.5,136.5625,136.53125,strict_reference_v1,bracket_preserved_native,estimated_midpoint,-0.1625,-0.1625,0.0,False,strict_certified,author_accepted_for_downstream,False,native_support,downstream_phase_map_default
cep_boundary,-0.15625,269.08133483060635,136.28125,136.34375,136.3125,interpolated_noncertified,bracket_preserved_xi_interpolation,estimated_midpoint,-0.1625,-0.15,0.012500000000000011,False,interpolated_noncertified,author_accepted_for_downstream,False,interpolated_common_support,downstream_phase_map_default
cep_boundary,-0.15,270.06608881633304,136.0625,136.125,136.09375,strict_reference_v1,bracket_preserved_native,estimated_midpoint,-0.15,-0.15,0.0,False,strict_certified,author_accepted_for_downstream,False,native_support,downstream_phase_map_default
cep_boundary,-0.14375,270.9733768238739,135.875,135.9375,135.90625,interpolated_noncertified,bracket_preserved_xi_interpolation,estimated_midpoint,-0.15,-0.1375,0.012499999999999983,False,interpolated_noncertified,author_accepted_for_downstream,False,interpolated_common_support,downstream_phase_map_default
cep_boundary,-0.1375,271.88066483141466,135.6875,135.75,135.71875,strict_reference_v1,bracket_preserved_native,estimated_midpoint,-0.1375,-0.1375,0.0,False,strict_certified,author_accepted_for_downstream,False,native_support,downstream_phase_map_default
cep_boundary,-0.13125,272.83610328690486,135.46875,135.53125,135.5,interpolated_noncertified,bracket_preserved_xi_interpolation,estimated_midpoint,-0.1375,-0.125,0.012500000000000011,False,interpolated_noncertified,author_accepted_for_downstream,False,interpolated_common_support,downstream_phase_map_default
cep_boundary,-0.125,273.7915417423951,135.25,135.3125,135.28125,strict_reference_v1,bracket_preserved_native,estimated_midpoint,-0.125,-0.125,0.0,False,strict_certified,author_accepted_for_downstream,False,native_support,downstream_phase_map_default
cep_boundary,-0.11875,274.6716370495886,135.0625,135.125,135.09375,interpolated_noncertified,bracket_preserved_xi_interpolation,estimated_midpoint,-0.125,-0.1125,0.012499999999999997,False,interpolated_noncertified,author_accepted_for_downstream,False,interpolated_common_support,downstream_phase_map_default
cep_boundary,-0.1125,275.55173235678205,134.875,134.9375,134.90625,strict_reference_v1,bracket_preserved_native,estimated_midpoint,-0.1125,-0.1125,0.0,False,strict_certified,author_accepted_for_downstream,False,native_support,downstream_phase_map_default
cep_boundary,-0.10625,276.47929305246896,134.65625,134.71875,134.6875,interpolated_noncertified,bracket_preserved_xi_interpolation,estimated_midpoint,-0.1125,-0.1,0.012499999999999997,False,interpolated_noncertified,author_accepted_for_downstream,False,interpolated_common_support,downstream_phase_map_default
cep_boundary,-0.1,277.40685374815587,134.4375,134.5,134.46875,strict_reference_v1,bracket_preserved_native,estimated_midpoint,-0.1,-0.1,0.0,False,strict_certified,author_accepted_for_downstream,False,native_support,downstream_phase_map_default
cep_boundary,-0.09375,278.284471296027,134.234375,134.296875,134.265625,interpolated_noncertified,bracket_preserved_xi_interpolation,estimated_midpoint,-0.1,-0.075,0.02500000000000001,False,interpolated_noncertified,author_accepted_for_downstream,False,interpolated_common_support,downstream_phase_map_default
cep_boundary,-0.0875,279.1620888438981,134.03125,134.09375,134.0625,interpolated_noncertified,bracket_preserved_xi_interpolation,estimated_midpoint,-0.1,-0.075,0.02500000000000001,False,interpolated_noncertified,author_accepted_for_downstream,False,interpolated_common_support,downstream_phase_map_default
cep_boundary,-0.08125,280.03970639176924,133.828125,133.890625,133.859375,interpolated_noncertified,bracket_preserved_xi_interpolation,estimated_midpoint,-0.1,-0.075,0.02500000000000001,False,interpolated_noncertified,author_accepted_for_downstream,False,interpolated_common_support,downstream_phase_map_default
cep_boundary,-0.075,280.91732393964037,133.625,133.6875,133.65625,strict_reference_v1,bracket_preserved_native,estimated_midpoint,-0.075,-0.075,0.0,False,strict_certified,author_accepted_for_downstream,False,native_support,downstream_phase_map_default
cep_boundary,-0.06875,281.7986961237606,133.40625,133.46875,133.4375,interpolated_noncertified,bracket_preserved_xi_interpolation,estimated_midpoint,-0.075,-0.05,0.024999999999999994,False,interpolated_noncertified,author_accepted_for_downstream,False,interpolated_common_support,downstream_phase_map_default
cep_boundary,-0.0625,282.6800683078808,133.1875,133.25,133.21875,interpolated_noncertified,bracket_preserved_xi_interpolation,estimated_midpoint,-0.075,-0.05,0.024999999999999994,False,interpolated_noncertified,author_accepted_for_downstream,False,interpolated_common_support,downstream_phase_map_default
cep_boundary,-0.05625,283.56144049200094,132.96875,133.03125,133.0,interpolated_noncertified,bracket_preserved_xi_interpolation,estimated_midpoint,-0.075,-0.05,0.024999999999999994,False,interpolated_noncertified,author_accepted_for_downstream,False,interpolated_common_support,downstream_phase_map_default
cep_boundary,-0.05,284.44281267612115,132.75,132.8125,132.78125,strict_reference_v1,bracket_preserved_native,estimated_midpoint,-0.05,-0.05,0.0,False,strict_certified,author_accepted_for_downstream,False,native_support,downstream_phase_map_default
cep_boundary,-0.04375,285.3051376426985,132.53125,132.59375,132.5625,interpolated_noncertified,bracket_preserved_xi_interpolation,estimated_midpoint,-0.05,-0.0375,0.012500000000000004,False,interpolated_noncertified,author_accepted_for_downstream,False,interpolated_common_support,downstream_phase_map_default
cep_boundary,-0.0375,286.16746260927584,132.3125,132.375,132.34375,strict_reference_v1,bracket_preserved_native,estimated_midpoint,-0.0375,-0.0375,0.0,False,strict_certified,author_accepted_for_downstream,False,native_support,downstream_phase_map_default
cep_boundary,-0.03125,287.01745059216796,132.09375,132.15625,132.125,interpolated_noncertified,bracket_preserved_xi_interpolation,estimated_midpoint,-0.0375,-0.025,0.012499999999999997,False,interpolated_noncertified,author_accepted_for_downstream,False,interpolated_common_support,downstream_phase_map_default
cep_boundary,-0.025,287.86743857506013,131.875,131.9375,131.90625,strict_reference_v1,bracket_preserved_native,estimated_midpoint,-0.025,-0.025,0.0,False,strict_certified,author_accepted_for_downstream,False,native_support,downstream_phase_map_default
cep_boundary,-0.01875,288.7053469453319,131.65625,131.71875,131.6875,interpolated_noncertified,bracket_preserved_xi_interpolation,estimated_midpoint,-0.025,-0.0125,0.0125,False,interpolated_noncertified,author_accepted_for_downstream,False,interpolated_common_support,downstream_phase_map_default
cep_boundary,-0.0125,289.5432553156036,131.4375,131.5,131.46875,strict_reference_v1,bracket_preserved_native,estimated_midpoint,-0.0125,-0.0125,0.0,False,strict_certified,author_accepted_for_downstream,False,native_support,downstream_phase_map_default
cep_boundary,-0.00625,290.36933201008776,131.21875,131.28125,131.25,interpolated_noncertified,bracket_preserved_xi_interpolation,estimated_midpoint,-0.0125,0.0,0.0125,False,interpolated_noncertified,author_accepted_for_downstream,False,interpolated_common_support,downstream_phase_map_default
cep_boundary,0.0,291.19540870457195,131.0,131.0625,131.03125,strict_reference_v1,bracket_preserved_native,estimated_midpoint,0.0,0.0,0.0,False,strict_certified,author_accepted_for_downstream,False,native_support,downstream_phase_map_default
cep_boundary,0.00625,292.00989214040624,130.78125,130.84375,130.8125,interpolated_noncertified,bracket_preserved_xi_interpolation,estimated_midpoint,0.0,0.0125,0.0125,False,interpolated_noncertified,author_accepted_for_downstream,False,interpolated_common_support,downstream_phase_map_default
cep_boundary,0.0125,292.82437557624047,130.5625,130.625,130.59375,strict_reference_v1,bracket_preserved_native,estimated_midpoint,0.0125,0.0125,0.0,False,strict_certified,author_accepted_for_downstream,False,native_support,downstream_phase_map_default
cep_boundary,0.01875,293.627495669507,130.34375,130.40625,130.375,interpolated_noncertified,bracket_preserved_xi_interpolation,estimated_midpoint,0.0125,0.025,0.0125,False,interpolated_noncertified,author_accepted_for_downstream,False,interpolated_common_support,downstream_phase_map_default
cep_boundary,0.025,294.43061576277364,130.125,130.1875,130.15625,strict_reference_v1,bracket_preserved_native,estimated_midpoint,0.025,0.025,0.0,False,strict_certified,author_accepted_for_downstream,False,native_support,downstream_phase_map_default
cep_boundary,0.03125,295.2785121121419,129.875,129.9375,129.90625,strict_reference_v1,bracket_preserved_native,estimated_midpoint,0.03125,0.03125,0.0,False,strict_certified,author_accepted_for_downstream,False,native_support,downstream_phase_map_default
cep_boundary,0.0375,296.12021793150063,129.625,129.6875,129.65625,strict_reference_v1,bracket_preserved_native,estimated_midpoint,0.0375,0.0375,0.0,False,strict_certified,author_accepted_for_downstream,False,native_support,downstream_phase_map_default
cep_boundary,0.04375,296.95578979107665,129.375,129.4375,129.40625,strict_reference_v1,bracket_preserved_native,estimated_midpoint,0.04375,0.04375,0.0,False,strict_certified,author_accepted_for_downstream,False,native_support,downstream_phase_map_default
cep_boundary,0.05,297.6810400317263,129.1875,129.25,129.21875,strict_reference_v1,bracket_preserved_native,estimated_midpoint,0.05,0.05,0.0,False,strict_certified,author_accepted_for_downstream,False,native_support,downstream_phase_map_default
cep_boundary,0.05625,298.50222366534484,128.9375,129.0,128.96875,interpolated_noncertified,bracket_preserved_xi_interpolation,estimated_midpoint,0.05,0.0625,0.012499999999999997,False,interpolated_noncertified,author_accepted_for_downstream,False,interpolated_common_support,downstream_phase_map_default
cep_boundary,0.0625,299.3234072989634,128.6875,128.75,128.71875,strict_reference_v1,bracket_preserved_native,estimated_midpoint,0.0625,0.0625,0.0,False,strict_certified,author_accepted_for_downstream,False,native_support,downstream_phase_map_default
cep_boundary,0.06875,300.081959570486,128.46875,128.53125,128.5,interpolated_noncertified,bracket_preserved_xi_interpolation,estimated_midpoint,0.0625,0.075,0.012499999999999997,False,interpolated_noncertified,author_accepted_for_downstream,False,interpolated_common_support,downstream_phase_map_default
cep_boundary,0.075,300.8405118420086,128.25,128.3125,128.28125,strict_reference_v1,bracket_preserved_native,estimated_midpoint,0.075,0.075,0.0,False,strict_certified,author_accepted_for_downstream,False,native_support,downstream_phase_map_default
cep_boundary,0.08125,301.63892278887784,128.0,128.0625,128.03125,interpolated_noncertified,bracket_preserved_xi_interpolation,estimated_midpoint,0.075,0.0875,0.012499999999999997,False,interpolated_noncertified,author_accepted_for_downstream,False,interpolated_common_support,downstream_phase_map_default
cep_boundary,0.0875,302.4373337357471,127.75,127.8125,127.78125,strict_reference_v1,bracket_preserved_native,estimated_midpoint,0.0875,0.0875,0.0,False,strict_certified,author_accepted_for_downstream,False,native_support,downstream_phase_map_default
cep_boundary,0.09375,303.2243207553623,127.5,127.5625,127.53125,interpolated_noncertified,bracket_preserved_xi_interpolation,estimated_midpoint,0.0875,0.1,0.012500000000000011,False,interpolated_noncertified,author_accepted_for_downstream,False,interpolated_common_support,downstream_phase_map_default
cep_boundary,0.1,304.01130777497764,127.25,127.3125,127.28125,strict_reference_v1,bracket_preserved_native,estimated_midpoint,0.1,0.1,0.0,False,strict_certified,author_accepted_for_downstream,False,native_support,downstream_phase_map_default
cep_boundary,0.10625,304.7870696691455,127.0,127.0625,127.03125,interpolated_noncertified,bracket_preserved_xi_interpolation,estimated_midpoint,0.1,0.1125,0.012499999999999997,False,interpolated_noncertified,author_accepted_for_downstream,False,interpolated_common_support,downstream_phase_map_default
cep_boundary,0.1125,305.5628315633134,126.75,126.8125,126.78125,strict_reference_v1,bracket_preserved_native,estimated_midpoint,0.1125,0.1125,0.0,False,strict_certified,author_accepted_for_downstream,False,native_support,downstream_phase_map_default
cep_boundary,0.11875,306.3756581260046,126.46875,126.5625,126.515625,interpolated_noncertified,bracket_preserved_xi_interpolation,estimated_midpoint,0.1125,0.125,0.012499999999999997,False,interpolated_noncertified,author_accepted_for_downstream,False,interpolated_common_support,downstream_phase_map_default
cep_boundary,0.125,307.1884846886959,126.1875,126.3125,126.25,strict_reference_v1,bracket_preserved_native,estimated_midpoint,0.125,0.125,0.0,False,strict_certified,author_accepted_for_downstream,False,native_support,downstream_phase_map_default
cep_boundary,0.13125,307.8488691498111,126.0,126.0625,126.03125,strict_reference_v1,bracket_preserved_native,estimated_midpoint,0.13125,0.13125,0.0,False,strict_certified,author_accepted_for_downstream,False,native_support,downstream_phase_map_default
cep_boundary,0.1375,308.600070955756,125.75,125.8125,125.78125,strict_reference_v1,bracket_preserved_native,estimated_midpoint,0.1375,0.1375,0.0,False,strict_certified,author_accepted_for_downstream,False,native_support,downstream_phase_map_default
cep_boundary,0.14375,309.3459442306198,125.5,125.5625,125.53125,strict_reference_v1,bracket_preserved_native,estimated_midpoint,0.14375,0.14375,0.0,False,strict_certified,author_accepted_for_downstream,False,native_support,downstream_phase_map_default
cep_boundary,0.15,310.08653387191225,125.25,125.3125,125.28125,strict_reference_v1,bracket_preserved_native,estimated_midpoint,0.15,0.15,0.0,False,strict_certified,author_accepted_for_downstream,False,native_support,downstream_phase_map_default
cep_boundary,0.15625,310.86541786924164,124.96875,125.03125,125.0,interpolated_noncertified,bracket_preserved_xi_interpolation,estimated_midpoint,0.15,0.1625,0.012500000000000011,False,interpolated_noncertified,author_accepted_for_downstream,False,interpolated_common_support,downstream_phase_map_default
cep_boundary,0.1625,311.644301866571,124.6875,124.75,124.71875,strict_reference_v1,bracket_preserved_native,estimated_midpoint,0.1625,0.1625,0.0,False,strict_certified,author_accepted_for_downstream,False,native_support,downstream_phase_map_default
cep_boundary,0.16875,312.3661116626584,124.4375,124.5,124.46875,interpolated_noncertified,bracket_preserved_xi_interpolation,estimated_midpoint,0.1625,0.175,0.012499999999999983,False,interpolated_noncertified,author_accepted_for_downstream,False,interpolated_common_support,downstream_phase_map_default
cep_boundary,0.175,313.08792145874577,124.1875,124.25,124.21875,strict_reference_v1,bracket_preserved_native,estimated_midpoint,0.175,0.175,0.0,False,strict_certified,author_accepted_for_downstream,False,native_support,downstream_phase_map_default
cep_boundary,0.18125,313.84439939690026,123.90625,123.96875,123.9375,interpolated_noncertified,bracket_preserved_xi_interpolation,estimated_midpoint,0.175,0.1875,0.012500000000000011,False,interpolated_noncertified,author_accepted_for_downstream,False,interpolated_common_support,downstream_phase_map_default
cep_boundary,0.1875,314.60087733505475,123.625,123.6875,123.65625,strict_reference_v1,bracket_preserved_native,estimated_midpoint,0.1875,0.1875,0.0,False,strict_certified,author_accepted_for_downstream,False,native_support,downstream_phase_map_default
cep_boundary,0.19375,315.30197906852175,123.375,123.4375,123.40625,interpolated_noncertified,bracket_preserved_xi_interpolation,estimated_midpoint,0.1875,0.2,0.012500000000000011,False,interpolated_noncertified,author_accepted_for_downstream,False,interpolated_common_support,downstream_phase_map_default
cep_boundary,0.2,316.00308080198874,123.125,123.1875,123.15625,strict_reference_v1,bracket_preserved_native,estimated_midpoint,0.2,0.2,0.0,False,strict_certified,author_accepted_for_downstream,False,native_support,downstream_phase_map_default
cep_boundary,0.20625,316.73242087756483,122.84375,122.90625,122.875,interpolated_noncertified,bracket_preserved_xi_interpolation,estimated_midpoint,0.2,0.225,0.024999999999999994,False,interpolated_noncertified,author_accepted_for_downstream,False,interpolated_common_support,downstream_phase_map_default
cep_boundary,0.2125,317.461760953141,122.5625,122.625,122.59375,interpolated_noncertified,bracket_preserved_xi_interpolation,estimated_midpoint,0.2,0.225,0.024999999999999994,False,interpolated_noncertified,author_accepted_for_downstream,False,interpolated_common_support,downstream_phase_map_default
cep_boundary,0.21875,318.19110102871707,122.28125,122.34375,122.3125,interpolated_noncertified,bracket_preserved_xi_interpolation,estimated_midpoint,0.2,0.225,0.024999999999999994,False,interpolated_noncertified,author_accepted_for_downstream,False,interpolated_common_support,downstream_phase_map_default
cep_boundary,0.225,318.9204411042932,122.0,122.0625,122.03125,strict_reference_v1,bracket_preserved_native,estimated_midpoint,0.225,0.225,0.0,False,strict_certified,author_accepted_for_downstream,False,native_support,downstream_phase_map_default
cep_boundary,0.23125,319.64901875511504,121.703125,121.765625,121.734375,interpolated_noncertified,bracket_preserved_xi_interpolation,estimated_midpoint,0.225,0.25,0.024999999999999994,False,interpolated_noncertified,author_accepted_for_downstream,False,interpolated_common_support,downstream_phase_map_default
cep_boundary,0.2375,320.37759640593686,121.40625,121.46875,121.4375,interpolated_noncertified,bracket_preserved_xi_interpolation,estimated_midpoint,0.225,0.25,0.024999999999999994,False,interpolated_noncertified,author_accepted_for_downstream,False,interpolated_common_support,downstream_phase_map_default
cep_boundary,0.24375,321.1061740567587,121.109375,121.171875,121.140625,interpolated_noncertified,bracket_preserved_xi_interpolation,estimated_midpoint,0.225,0.25,0.024999999999999994,False,interpolated_noncertified,author_accepted_for_downstream,False,interpolated_common_support,downstream_phase_map_default
cep_boundary,0.25,321.8347517075805,120.8125,120.875,120.84375,strict_reference_v1,bracket_preserved_native,estimated_midpoint,0.25,0.25,0.0,False,strict_certified,author_accepted_for_downstream,False,native_support,downstream_phase_map_default
cep_boundary,0.25625,322.5262984898018,120.53125,120.59375,120.5625,interpolated_noncertified,bracket_preserved_xi_interpolation,estimated_midpoint,0.25,0.2625,0.012500000000000011,False,interpolated_noncertified,author_accepted_for_downstream,False,interpolated_common_support,downstream_phase_map_default
cep_boundary,0.2625,323.21784527202306,120.25,120.3125,120.28125,strict_reference_v1,bracket_preserved_native,estimated_midpoint,0.2625,0.2625,0.0,False,strict_certified,author_accepted_for_downstream,False,native_support,downstream_phase_map_default
cep_boundary,0.26875,323.93925134807813,119.9375,120.0,119.96875,interpolated_noncertified,bracket_preserved_xi_interpolation,estimated_midpoint,0.2625,0.275,0.012500000000000011,False,interpolated_noncertified,author_accepted_for_downstream,False,interpolated_common_support,downstream_phase_map_default
cep_boundary,0.275,324.66065742413326,119.625,119.6875,119.65625,strict_reference_v1,bracket_preserved_native,estimated_midpoint,0.275,0.275,0.0,False,strict_certified,author_accepted_for_downstream,False,native_support,downstream_phase_map_default
cep_boundary,0.28125,325.3313134786714,119.34375,119.40625,119.375,interpolated_noncertified,bracket_preserved_xi_interpolation,estimated_midpoint,0.275,0.2875,0.012499999999999956,False,interpolated_noncertified,author_accepted_for_downstream,False,interpolated_common_support,downstream_phase_map_default
cep_boundary,0.2875,326.0019695332096,119.0625,119.125,119.09375,strict_reference_v1,bracket_preserved_native,estimated_midpoint,0.2875,0.2875,0.0,False,strict_certified,author_accepted_for_downstream,False,native_support,downstream_phase_map_default
cep_boundary,0.29375,326.70150491566676,118.75,118.8125,118.78125,interpolated_noncertified,bracket_preserved_xi_interpolation,estimated_midpoint,0.2875,0.3,0.012500000000000011,False,interpolated_noncertified,author_accepted_for_downstream,False,interpolated_common_support,downstream_phase_map_default
cep_boundary,0.3,327.40104029812386,118.4375,118.5,118.46875,strict_reference_v1,bracket_preserved_native,estimated_midpoint,0.3,0.3,0.0,False,strict_certified,author_accepted_for_downstream,False,native_support,downstream_phase_map_default
cep_boundary,0.30625,328.09229904805244,118.125,118.1875,118.15625,strict_reference_v1,bracket_preserved_native,estimated_midpoint,0.30625,0.30625,0.0,False,strict_certified,author_accepted_for_downstream,False,native_support,downstream_phase_map_default
cep_boundary,0.3125,328.83514694681367,117.765625,117.8359375,117.80078125,strict_reference_v1,bracket_preserved_native,estimated_midpoint,0.3125,0.3125,0.0,False,strict_certified,author_accepted_for_downstream,False,native_support,downstream_phase_map_default
cep_boundary,0.31875,329.4584947629787,117.5,117.5625,117.53125,strict_reference_v1,bracket_preserved_native,estimated_midpoint,0.31875,0.31875,0.0,False,strict_certified,author_accepted_for_downstream,False,native_support,downstream_phase_map_default
cep_boundary,0.325,330.1335225521384,117.1875,117.25,117.21875,strict_reference_v1,bracket_preserved_native,estimated_midpoint,0.325,0.325,0.0,False,strict_certified,author_accepted_for_downstream,False,native_support,downstream_phase_map_default
cep_boundary,0.33125,330.83729708871664,116.84375,116.90625,116.875,interpolated_noncertified,bracket_preserved_xi_interpolation,estimated_midpoint,0.325,0.3375,0.012500000000000011,False,interpolated_noncertified,author_accepted_for_downstream,False,interpolated_common_support,downstream_phase_map_default
cep_boundary,0.3375,331.5410716252949,116.5,116.5625,116.53125,strict_reference_v1,bracket_preserved_native,estimated_midpoint,0.3375,0.3375,0.0,False,strict_certified,author_accepted_for_downstream,False,native_support,downstream_phase_map_default
cep_boundary,0.34375,332.19703619935024,116.1875,116.25,116.21875,interpolated_noncertified,bracket_preserved_xi_interpolation,estimated_midpoint,0.3375,0.35,0.012499999999999956,False,interpolated_noncertified,author_accepted_for_downstream,False,interpolated_common_support,downstream_phase_map_default
cep_boundary,0.35,332.8530007734056,115.875,115.9375,115.90625,strict_reference_v1,bracket_preserved_native,estimated_midpoint,0.35,0.35,0.0,False,strict_certified,author_accepted_for_downstream,False,native_support,downstream_phase_map_default
cep_boundary,0.35625,333.53405901988305,115.53125,115.59375,115.5625,interpolated_noncertified,bracket_preserved_xi_interpolation,estimated_midpoint,0.35,0.3625,0.012500000000000011,False,interpolated_noncertified,author_accepted_for_downstream,False,interpolated_common_support,downstream_phase_map_default
cep_boundary,0.3625,334.2151172663605,115.1875,115.25,115.21875,strict_reference_v1,bracket_preserved_native,estimated_midpoint,0.3625,0.3625,0.0,False,strict_certified,author_accepted_for_downstream,False,native_support,downstream_phase_map_default
cep_boundary,0.36875,334.88476864100966,114.84375,114.90625,114.875,interpolated_noncertified,bracket_preserved_xi_interpolation,estimated_midpoint,0.3625,0.375,0.012500000000000011,False,interpolated_noncertified,author_accepted_for_downstream,False,interpolated_common_support,downstream_phase_map_default
cep_boundary,0.375,335.5544200156588,114.5,114.5625,114.53125,strict_reference_v1,bracket_preserved_native,estimated_midpoint,0.375,0.375,0.0,False,strict_certified,author_accepted_for_downstream,False,native_support,downstream_phase_map_default
cep_boundary,0.38125,336.1813003115321,114.1875,114.25,114.21875,strict_reference_v1,bracket_preserved_native,estimated_midpoint,0.38125,0.38125,0.0,False,strict_certified,author_accepted_for_downstream,False,native_support,downstream_phase_map_default
cep_boundary,0.3875,336.87131117910803,113.8125,113.875,113.84375,strict_reference_v1,bracket_preserved_native,estimated_midpoint,0.3875,0.3875,0.0,False,strict_certified,author_accepted_for_downstream,False,native_support,downstream_phase_map_default
cep_boundary,0.39375,337.55513100941835,113.4375,113.5625,113.5,strict_reference_v1,bracket_preserved_native,estimated_midpoint,0.39375,0.39375,0.0,False,strict_certified,author_accepted_for_downstream,False,native_support,downstream_phase_map_default
cep_boundary,0.4,338.15785067781815,113.1328125,113.203125,113.16796875,strict_reference_v1,bracket_preserved_native,estimated_midpoint,0.4,0.4,0.0,False,strict_certified,author_accepted_for_downstream,False,native_support,downstream_phase_map_default
cep_boundary,0.40625,338.8313126106062,112.75390625,112.8203125,112.787109375,interpolated_noncertified,bracket_preserved_xi_interpolation,estimated_midpoint,0.4,0.4125,0.012499999999999956,False,interpolated_noncertified,author_accepted_for_downstream,False,interpolated_common_support,downstream_phase_map_default
cep_boundary,0.4125,339.5047745433942,112.375,112.4375,112.40625,strict_reference_v1,bracket_preserved_native,estimated_midpoint,0.4125,0.4125,0.0,False,strict_certified,author_accepted_for_downstream,False,native_support,downstream_phase_map_default
cep_boundary,0.41875,340.13014398687926,112.03125,112.09375,112.0625,interpolated_noncertified,bracket_preserved_xi_interpolation,estimated_midpoint,0.4125,0.425,0.012500000000000011,False,interpolated_noncertified,author_accepted_for_downstream,False,interpolated_common_support,downstream_phase_map_default
cep_boundary,0.425,340.75551343036426,111.6875,111.75,111.71875,strict_reference_v1,bracket_preserved_native,estimated_midpoint,0.425,0.425,0.0,False,strict_certified,author_accepted_for_downstream,False,native_support,downstream_phase_map_default
cep_boundary,0.43125,341.4047283348482,111.3125,111.375,111.34375,strict_reference_v1,bracket_preserved_native,estimated_midpoint,0.43125,0.43125,0.0,False,strict_certified,author_accepted_for_downstream,False,native_support,downstream_phase_map_default
cep_boundary,0.4375,342.0481347196643,110.9375,111.0,110.96875,strict_reference_v1,bracket_preserved_native,estimated_midpoint,0.4375,0.4375,0.0,False,strict_certified,author_accepted_for_downstream,False,native_support,downstream_phase_map_default
cep_boundary,0.44375,342.6857875306132,110.5625,110.625,110.59375,strict_reference_v1,bracket_preserved_native,estimated_midpoint,0.44375,0.44375,0.0,False,strict_certified,author_accepted_for_downstream,False,native_support,downstream_phase_map_default
cep_boundary,0.45,343.31774113756234,110.1875,110.25,110.21875,strict_reference_v1,bracket_preserved_native,estimated_midpoint,0.45,0.45,0.0,False,strict_certified,author_accepted_for_downstream,False,native_support,downstream_phase_map_default
cep_boundary,0.45625,343.9412544410507,109.8125,109.875,109.84375,interpolated_noncertified,bracket_preserved_xi_interpolation,estimated_midpoint,0.45,0.4625,0.012500000000000011,False,interpolated_noncertified,author_accepted_for_downstream,False,interpolated_common_support,downstream_phase_map_default
cep_boundary,0.4625,344.56476774453915,109.4375,109.5,109.46875,strict_reference_v1,bracket_preserved_native,estimated_midpoint,0.4625,0.4625,0.0,False,strict_certified,author_accepted_for_downstream,False,native_support,downstream_phase_map_default
cep_boundary,0.46875,345.20657332436815,109.03125,109.09375,109.0625,interpolated_noncertified,bracket_preserved_xi_interpolation,estimated_midpoint,0.4625,0.475,0.012499999999999956,False,interpolated_noncertified,author_accepted_for_downstream,False,interpolated_common_support,downstream_phase_map_default
cep_boundary,0.475,345.84837890419715,108.625,108.6875,108.65625,strict_reference_v1,bracket_preserved_native,estimated_midpoint,0.475,0.475,0.0,False,strict_certified,author_accepted_for_downstream,False,native_support,downstream_phase_map_default
cep_boundary,0.48125,346.47802573006715,108.21875,108.28125,108.25,interpolated_noncertified,bracket_preserved_xi_interpolation,estimated_midpoint,0.475,0.4875,0.012500000000000011,False,interpolated_noncertified,author_accepted_for_downstream,False,interpolated_common_support,downstream_phase_map_default
cep_boundary,0.4875,347.10767255593714,107.8125,107.875,107.84375,strict_reference_v1,bracket_preserved_native,estimated_midpoint,0.4875,0.4875,0.0,False,strict_certified,author_accepted_for_downstream,False,native_support,downstream_phase_map_default
cep_boundary,0.49375,347.7534052491582,107.375,107.46875,107.421875,interpolated_noncertified,bracket_preserved_xi_interpolation,estimated_midpoint,0.4875,0.5,0.012500000000000011,False,interpolated_noncertified,author_accepted_for_downstream,False,interpolated_common_support,downstream_phase_map_default
cep_boundary,0.5,348.39913794237924,106.9375,107.0625,107.0,strict_reference_v1,bracket_preserved_native,estimated_midpoint,0.5,0.5,0.0,False,strict_certified,author_accepted_for_downstream,False,native_support,downstream_phase_map_default
