muB_MeV,xi,mode,alpha_T,T_MeV_candidate,T_MeV_legacy,muq_MeV_candidate,muq_MeV_legacy,phase_reference_kind_candidate,phase_reference_kind_legacy,phase_structure_candidate,phase_structure_legacy,quality_reason_candidate,quality_reason_legacy,eta_over_s_candidate,eta_over_s_legacy,eta_over_s_abs_diff,eta_over_s_rel_diff,sigma_over_T_candidate,sigma_over_T_legacy,sigma_over_T_abs_diff,sigma_over_T_rel_diff,zeta_over_s_candidate,zeta_over_s_legacy,zeta_over_s_abs_diff,zeta_over_s_rel_diff,tau_u_candidate,tau_u_legacy,tau_u_abs_diff,tau_u_rel_diff,tau_d_candidate,tau_d_legacy,tau_d_abs_diff,tau_d_rel_diff,tau_s_candidate,tau_s_legacy,tau_s_abs_diff,tau_s_rel_diff,tau_ubar_candidate,tau_ubar_legacy,tau_ubar_abs_diff,tau_ubar_rel_diff,tau_dbar_candidate,tau_dbar_legacy,tau_dbar_abs_diff,tau_dbar_rel_diff,tau_sbar_candidate,tau_sbar_legacy,tau_sbar_abs_diff,tau_sbar_rel_diff
150.0,-0.5,mode_a_fixed_muB_phase_scaled,1.0,198.2066818967471,198.12550509377107,50.0,50.0,crossover,crossover,no_transition,no_transition,ok,ok,0.1179498498918219,0.11797313281054668,2.328291872477628e-05,0.0001973578065623329,0.012776127602695147,0.012766295747792427,9.831854902719872e-06,0.0007701415584407102,0.020931955523494472,0.0209651554623056,3.319993881112718e-05,0.001583577039093231,0.7519855554417726,0.7520132143123308,2.765887055822258e-05,3.6779766674066885e-05,0.7519855554417726,0.7520132143123308,2.765887055822258e-05,3.6779766674066885e-05,1.2937502050214664,1.295217295490022,0.001467090468555643,0.0011326983307465763,0.5127551742710749,0.5126740362230554,8.11380480194579e-05,0.0001582643985976231,0.5127551742710749,0.5126740362230554,8.11380480194579e-05,0.0001582643985976231,0.9753331037391054,0.9764860047457942,0.0011529010066887446,0.001180663113537276
150.0,-0.5,mode_a_fixed_muB_phase_scaled,1.2,237.84801827609652,237.75060611252528,50.0,50.0,crossover,crossover,no_transition,no_transition,ok,ok,0.10399898453311876,0.10402147357366881,2.2489040550049966e-05,0.00021619613506170007,0.016026484365988185,0.016019486927256715,6.997438731469463e-06,0.00043680791795918967,0.008703996784719233,0.00873231697828844,2.832019356920762e-05,0.0032431476822957083,0.7115686316071985,0.7116257673410945,5.7135733895985474e-05,8.028901779297058e-05,0.7115686316071985,0.7116257673410945,5.7135733895985474e-05,8.028901779297058e-05,0.8000818386483884,0.8007037482403917,0.0006219095920032558,0.000776703735145427,0.5225154760491867,0.5224781324358377,3.73436133489502e-05,7.147402164919531e-05,0.5225154760491867,0.5224781324358377,3.73436133489502e-05,7.147402164919531e-05,0.599615041459815,0.6000463469965516,0.00043130553673653704,0.0007187870385269019
150.0,0.0,mode_a_fixed_muB_phase_scaled,1.0,198.2066818967471,198.12550509377107,50.0,50.0,crossover,crossover,crossover_possible,crossover_possible,ok,ok,0.1821291551210158,0.1829933167385478,0.0008641616175319999,0.004722367094786709,0.015976588060229766,0.01601708201291804,4.0493952688274576e-05,0.0025281729003831994,0.06094994925737402,0.061435165137983506,0.0004852158806094853,0.007898015404039192,1.6690247623803025,1.6782510432467224,0.009226280866419856,0.005497557057119902,1.6690247623803025,1.6782510432467224,0.009226280866419856,0.005497557057119902,2.3725420249698046,2.3834577281032603,0.01091570313345569,0.004579776265695441,1.2584050859394216,1.265876582714505,0.007471496775083519,0.005902231605439672,1.2584050859394216,1.265876582714505,0.007471496775083519,0.005902231605439672,1.9604236125539118,1.9703846160461145,0.009961003492202636,0.0050553599592098675
150.0,0.0,mode_a_fixed_muB_phase_scaled,1.2,237.84801827609652,237.75060611252528,50.0,50.0,crossover,crossover,no_transition,no_transition,ok,ok,0.08396416749754924,0.08398203622136376,1.7868723814512544e-05,0.00021276840403599325,0.011282141841961434,0.011276871694637522,5.270147323911678e-06,0.0004673412508912188,0.009954313844440241,0.009969156931464527,1.4843087024285842e-05,0.0014889009297705284,0.6966068045799654,0.696712774863844,0.00010597028387859808,0.00015210038871370983,0.6966068045799654,0.696712774863844,0.00010597028387859808,0.00015210038871370983,0.9677484395765318,0.9686391727582829,0.0008907331817511466,0.0009195717113264247,0.5107447125872574,0.5107474504090362,2.7378217788420756e-06,5.360421822271396e-06,0.5107447125872574,0.5107474504090362,2.7378217788420756e-06,5.360421822271396e-06,0.7417907197093374,0.742457419726311,0.0006667000169735537,0.0008979639764652317
150.0,0.5,mode_a_fixed_muB_phase_scaled,1.0,198.2066818967471,198.12550509377107,50.0,50.0,crossover,crossover,crossover_possible,crossover_possible,ok,ok,0.2594601133689984,0.26044704473830116,0.0009869313693027792,0.00378937442079427,0.01779915469537353,0.017827051693559925,2.789699818639413e-05,0.0015648688670416545,0.08653659204632484,0.0869823244138205,0.00044573236749566314,0.005124401658606875,3.048363155715429,3.0621244484273804,0.013761292711951256,0.004494034433844994,3.048363155715429,3.0621244484273804,0.013761292711951256,0.004494034433844994,3.9478190126589165,3.96285370860301,0.015034695944093457,0.003793906373948259,2.398521138678876,2.4097892850123093,0.011268146333433204,0.004675988229973247,2.398521138678876,2.4097892850123093,0.011268146333433204,0.004675988229973247,3.382211807445847,3.395690040143052,0.013478232697205161,0.003969217607575678
150.0,0.5,mode_a_fixed_muB_phase_scaled,1.2,237.84801827609652,237.75060611252528,50.0,50.0,crossover,crossover,no_transition,no_transition,ok,ok,0.07456953810472267,0.07459192616602982,2.2388061307151985e-05,0.000300140544129665,0.009184467177801704,0.009180469834088382,3.9973437133220685e-06,0.0004354182068633749,0.009454084375154269,0.009465990538457977,1.1906163303708125e-05,0.0012577831401094615,0.7016641201197558,0.7018656708670281,0.0002015507472723499,0.0002871642760691948,0.7016641201197558,0.7018656708670281,0.0002015507472723499,0.0002871642760691948,1.090681848161622,1.091811307465648,0.0011294593040258594,0.0010344821456810165,0.5145109362655058,0.5145844180879439,7.348182243804846e-05,0.0001427983822578363,0.5145109362655058,0.5145844180879439,7.348182243804846e-05,0.0001427983822578363,0.8457552776290967,0.846613848373294,0.0008585707441972623,0.0010141231989613006
450.0,-0.5,mode_a_fixed_muB_phase_scaled,1.0,182.76306553605758,182.76306553605758,150.0,150.0,crossover,crossover,no_transition,no_transition,ok,ok,0.21901584017314724,0.21901584017314724,0.0,0.0,0.023090509828232884,0.023090509828232884,0.0,0.0,0.04668325246035852,0.04668325246035852,0.0,0.0,1.294872794718913,1.294872794718913,0.0,0.0,1.294872794718913,1.294872794718913,0.0,0.0,1.9075438816347525,1.9075438816347525,0.0,0.0,0.3900982914065806,0.3900982914065806,0.0,0.0,0.3900982914065806,0.3900982914065806,0.0,0.0,0.864431699480825,0.864431699480825,0.0,0.0
450.0,-0.5,mode_a_fixed_muB_phase_scaled,1.2,219.31567864326908,219.31567864326908,150.0,150.0,crossover,crossover,no_transition,no_transition,ok,ok,0.17160880836504308,0.17160880836504308,0.0,0.0,0.0244849013983221,0.0244849013983221,0.0,0.0,0.01943021519559345,0.01943021519559345,0.0,0.0,1.0885406279326606,1.0885406279326606,0.0,0.0,1.0885406279326606,1.0885406279326606,0.0,0.0,1.2496567326658234,1.2496567326658234,0.0,0.0,0.4090698476905211,0.4090698476905211,0.0,0.0,0.4090698476905211,0.4090698476905211,0.0,0.0,0.5231796007325612,0.5231796007325612,0.0,0.0
450.0,0.0,mode_a_fixed_muB_phase_scaled,1.0,182.76306553605758,182.76306553605758,150.0,150.0,crossover,crossover,crossover_possible,crossover_possible,ok,ok,0.30543444170447565,0.30543444170447565,0.0,0.0,0.024898638060212686,0.024898638060212686,0.0,0.0,0.12807649902876242,0.12807649902876242,0.0,0.0,2.6129110519832146,2.6129110519832146,0.0,0.0,2.6129110519832146,2.6129110519832146,0.0,0.0,3.187336547052622,3.187336547052622,0.0,0.0,1.1341815076014519,1.1341815076014519,0.0,0.0,1.1341815076014519,1.1341815076014519,0.0,0.0,1.9477237226081323,1.9477237226081323,0.0,0.0
450.0,0.0,mode_a_fixed_muB_phase_scaled,1.2,219.31567864326908,219.31567864326908,150.0,150.0,crossover,crossover,no_transition,no_transition,ok,ok,0.13614329662798716,0.13614329662798716,0.0,0.0,0.017005728268691397,0.017005728268691397,0.0,0.0,0.019553365011865016,0.019553365011865016,0.0,0.0,1.0732332760826906,1.0732332760826906,0.0,0.0,1.0732332760826906,1.0732332760826906,0.0,0.0,1.4649926986964608,1.4649926986964608,0.0,0.0,0.40099959750108377,0.40099959750108377,0.0,0.0,0.40099959750108377,0.40099959750108377,0.0,0.0,0.666178024003442,0.666178024003442,0.0,0.0
450.0,0.5,mode_a_fixed_muB_phase_scaled,1.0,182.76306553605758,182.76306553605758,150.0,150.0,crossover,crossover,crossover_possible,crossover_possible,ok,ok,0.4480131373844251,0.4480131373844251,0.0,0.0,0.026284947832208163,0.026284947832208163,0.0,0.0,0.20405233543032816,0.20405233543032816,0.0,0.0,4.913910640458572,4.913910640458572,0.0,0.0,4.913910640458572,4.913910640458572,0.0,0.0,5.490181222446088,5.490181222446088,0.0,0.0,2.52054074138696,2.52054074138696,0.0,0.0,2.52054074138696,2.52054074138696,0.0,0.0,3.7223863849654037,3.7223863849654037,0.0,0.0
450.0,0.5,mode_a_fixed_muB_phase_scaled,1.2,219.31567864326908,219.31567864326908,150.0,150.0,crossover,crossover,no_transition,no_transition,ok,ok,0.12033027722615139,0.12033027722615139,0.0,0.0,0.013699395962193056,0.013699395962193056,0.0,0.0,0.018176006036388324,0.018176006036388324,0.0,0.0,1.0828841885520901,1.0828841885520901,0.0,0.0,1.0828841885520901,1.0828841885520901,0.0,0.0,1.6386739995878,1.6386739995878,0.0,0.0,0.40431408585660256,0.40431408585660256,0.0,0.0,0.40431408585660256,0.40431408585660256,0.0,0.0,0.7790555610864919,0.7790555610864919,0.0,0.0
900.0,-0.003,mode_a_fixed_muB_phase_scaled,1.0,125.73725802686799,125.73725803129287,300.0,300.0,first_order,first_order,first_order_possible,first_order_possible,tau_u_ubar_ratio_high,tau_u_ubar_ratio_high,1.3812313602133783,1.3812302441144555,1.116098922837594e-06,8.080469766669173e-07,0.09772869915725088,0.09772861606718938,8.309006149787024e-08,8.502121982444222e-07,0.7571782309490557,0.7571776176164889,6.133325667345702e-07,8.100246923109969e-07,7.334425022335053,7.334418709452391,6.312882661951846e-06,8.607202441027783e-07,7.334425022335053,7.334418709452391,6.312882661951846e-06,8.607202441027783e-07,4.730827595906327,4.730827594361575,1.544751881965567e-09,3.2652888974577635e-10,0.9903060651584991,0.9903014713240642,4.593834434851729e-06,4.63882420442093e-06,0.9903060651584991,0.9903014713240642,4.593834434851729e-06,4.63882420442093e-06,2.547691267883803,2.547691266123941,1.7598620338787896e-09,6.90767385074976e-10
900.0,-0.5,mode_a_fixed_muB_phase_scaled,1.0,125.73725802686799,125.73725803129287,300.0,300.0,first_order,first_order,first_order_possible,first_order_possible,tau_u_ubar_ratio_high,tau_u_ubar_ratio_high,1.3746764288348277,1.3746764286673923,1.6743539887897896e-10,1.217998616891179e-10,0.1384662080881988,0.13846620807794052,1.0258266458507137e-11,7.408498146156292e-11,0.536674206501808,0.5366742064205797,8.122824635137249e-11,1.5135485435965914e-10,5.213697934264584,5.213697933742502,5.2208193324077e-10,1.0013659016605295e-10,5.213697934264584,5.213697933742502,5.2208193324077e-10,1.0013659016605295e-10,3.2840833259974604,3.2840833258601094,1.3735101944689632e-10,4.182324436330304e-11,0.3176792964251469,0.317679296430455,5.308087303035336e-12,1.6708949442657052e-11,0.3176792964251469,0.317679296430455,5.308087303035336e-12,1.6708949442657052e-11,1.1412111049800133,1.1412111048522797,1.2773360147377844e-10,1.1192810947130811e-10
900.0,-0.5,mode_a_fixed_muB_phase_scaled,1.2,150.8847096322416,150.88470963755142,300.0,300.0,first_order,first_order,no_transition,no_transition,tau_u_ubar_ratio_high,tau_u_ubar_ratio_high,0.8223049258950594,0.8223048593560784,6.653898099173716e-08,8.091765509429408e-08,0.10209087763508912,0.10209087129330453,6.341784583585586e-09,6.21190171388174e-08,0.26512645676973823,0.2651264313472653,2.5422472904601534e-08,9.588811185446432e-08,3.373461529123162,3.373461356221375,1.7290178710993587e-07,5.125352534158083e-08,3.373461529123162,3.373461356221375,1.7290178710993587e-07,5.125352534158083e-08,2.823774041939273,2.8237733880024294,6.539368437863402e-07,2.3158262152507317e-07,0.3306421686112413,0.3306421435338717,2.5077369569803665e-08,7.584444409227187e-08,0.3306421686112413,0.3306421435338717,2.5077369569803665e-08,7.584444409227187e-08,0.6434529837037244,0.6434528584973506,1.252063738244047e-07,1.9458515440711222e-07
900.0,0.0,mode_a_fixed_muB_phase_scaled,1.2,150.8847096322416,150.88470963755142,300.0,300.0,first_order,first_order,no_transition,no_transition,tau_u_ubar_ratio_high,tau_u_ubar_ratio_high,0.6613916930165484,0.6613916281856516,6.483089687314703e-08,9.802194964425692e-08,0.06943826749653795,0.06943825994928762,7.547250324702048e-09,1.0869008425922512e-07,0.20385817390386657,0.20385815542420654,1.847966002443968e-08,9.064959891344806e-08,3.5723790831105977,3.57237867754522,4.055653777257362e-07,1.1352810391434279e-07,3.5723790831105977,3.57237867754522,4.055653777257362e-07,1.1352810391434279e-07,3.081119755682129,3.0811197555468652,1.3526380016060102e-10,4.39008577700003e-11,0.3069877888525064,0.30698771794126506,7.091124132330151e-08,2.309904832637921e-07,0.3069877888525064,0.30698771794126506,7.091124132330151e-08,2.309904832637921e-07,0.9131425899545507,0.9131425898521066,1.0244405324044692e-10,1.121884515944425e-10
900.0,0.003,mode_a_fixed_muB_phase_scaled,1.0,125.73725802686799,125.73725803129287,300.0,300.0,first_order,first_order,first_order_possible,first_order_possible,ok,ok,1.8521400562310877,1.852140054533364,1.6977237393689393e-09,9.166281649238837e-10,0.07378994469246951,0.07378994470673877,1.4269266324085095e-11,1.9337683990406855e-10,1.352989004266549,1.3529890027401792,1.5263696973022434e-09,1.1281464181977236e-09,12.733534364239327,12.733534348331832,1.590749576507733e-08,1.2492600506599573e-09,12.733534364239327,12.733534348331832,1.590749576507733e-08,1.2492600506599573e-09,9.03389167658717,9.033891664574412,1.2012758787705025e-08,1.3297435074201708e-09,3.707144029389674,3.707144022066016,7.323657680302631e-09,1.9755525106955804e-09,3.707144029389674,3.707144022066016,7.323657680302631e-09,1.9755525106955804e-09,6.608514400111576,6.608514389527569,1.0584007448244392e-08,1.6015713705665434e-09
900.0,0.5,mode_a_fixed_muB_phase_scaled,1.0,125.73725802686799,125.73725803129287,300.0,300.0,first_order,first_order,crossover_possible,crossover_possible,ok,ok,3.9078642941129687,3.907864421901858,1.2778888924813714e-07,3.270044081671225e-08,0.06328612026275407,0.06328612242589997,2.163145898514962e-09,3.418041453002168e-08,2.9795045290138154,2.9795046238828187,9.486900331978632e-08,3.18405289789936e-08,36.91887869388881,36.91887978290666,1.0890178501199443e-06,2.9497586506515744e-08,36.91887869388881,36.91887978290666,1.0890178501199443e-06,2.9497586506515744e-08,27.082875955447502,27.082875946051196,9.396305955533535e-09,3.469463868700975e-10,13.687540809518461,13.6875636227859,2.281326743869272e-05,1.6667149879555714e-06,13.687540809518461,13.6875636227859,2.281326743869272e-05,1.6667149879555714e-06,21.772929857832523,21.772929849481308,8.351214830781828e-09,3.835595341791255e-10
900.0,0.5,mode_a_fixed_muB_phase_scaled,1.2,150.8847096322416,150.88470963755142,300.0,300.0,first_order,first_order,no_transition,no_transition,tau_u_ubar_ratio_high,tau_u_ubar_ratio_high,0.6235416040469021,0.6235423385072726,7.344603705217168e-07,1.177883722025959e-06,0.05335043192904708,0.053350501903081396,6.997403431685534e-08,1.3115909283097824e-06,0.25615138150880346,0.2561516816576219,3.001488184661838e-07,1.1717620455342919e-06,3.9097893910183665,3.9097946890818993,5.298063532777064e-06,1.3550746149335936e-06,3.9097893910183665,3.9097946890818993,5.298063532777064e-06,1.3550746149335936e-06,3.6559222952540633,3.655922294851591,4.024722777273837e-10,1.100877549542452e-10,0.3879849319210672,0.3879879656646395,3.0337435723004624e-06,7.819169254653384e-06,0.3879849319210672,0.3879879656646395,3.0337435723004624e-06,7.819169254653384e-06,1.4394323174056705,1.4394323168973118,5.083586884779834e-10,3.5316609368181176e-10
