window_id,channel,xi,ds,s_value,den_simple_re,den_simple_im,detM_re,detM_im,invabs_den_simple,invabs_detM,abs_D_simple_sq,abs_D_mixed_sq,abs_D_total_sq,sigma
mode_a_muB0p0_alpha1p0_xip0p37_supplement,uubar_to_uubar,0.36,0.0001,4.56975634237545,-0.4112227696128825,-0.001437887305187498,4.190511442518326e-5,-7.923673908770427e-6,5.913442560443776,5.498060434045335e8,1.370086401820058,3868.303780254015,3726.7034585832794,214.70812864049117
mode_a_muB0p0_alpha1p0_xip0p37_supplement,uubar_to_uubar,0.36,0.0005,4.57015634237545,-0.4112515402061132,-0.0032154678043524276,4.171240163386756e-5,-1.7718782193308458e-5,5.912326050014098,4.8688343512127763e8,1.3698277173496243,3425.4054212737865,3301.1032370663515,190.2118349758567
mode_a_muB0p0_alpha1p0_xip0p37_supplement,uubar_to_uubar,0.36,0.001,4.57065634237545,-0.4112875054830363,-0.0045478072594580575,4.1471510583903834e-5,-2.5059748209426035e-5,5.910930736457671,4.2591665892665356e8,1.3695044369405571,2996.273858555034,2888.7311580571168,166.4769381341978
mode_a_muB0p0_alpha1p0_xip0p37_supplement,uubar_to_uubar,0.36,0.005,4.57465634237545,-0.4115751358003954,-0.010177238436245494,3.954533471457137e-5,-5.6064009339075266e-5,5.89978616408719,2.1244924349998808e8,1.366922349281326,1493.7267837066915,1444.844470322395,83.37157501244161
mode_a_muB0p0_alpha1p0_xip0p37_supplement,uubar_to_uubar,0.36,0.01,4.57965634237545,-0.41193443613445435,-0.014406983706069371,3.714003874958656e-5,-7.933715387690375e-5,5.8859003784269674,1.3031410386833538e8,1.3637051495001151,915.6006628091928,889.2570984149324,51.39447340368733
mode_a_muB0p0_alpha1p0_xip0p37_supplement,uubar_to_uubar,0.36,0.02,4.5896563423754495,-0.41265221163754795,-0.02041468231762851,3.233770603075145e-5,-0.00011234262717050947,5.858278620061572,7.31711255237552e7,1.3573054601239245,513.3944957331087,502.6724813772368,29.14590225227468
mode_a_muB0p0_alpha1p0_xip0p37_supplement,uubar_to_uubar,0.36,0.05,4.61965634237545,-0.41479886800830434,-0.03246856071250724,1.79970874465286e-5,-0.00017830264289968453,5.77659676318754,3.1137391990096256e7,1.3383805783423515,217.560122027375,218.13141422265448,12.778019753032313
mode_a_muB0p0_alpha1p0_xip0p37_supplement,uubar_to_uubar,0.36,0.1,4.66965634237545,-0.4183543938455927,-0.04636444441274276,-5.683162419329864e-6,-0.00025372294062785627,5.644294509263821,1.5526111060457451e7,1.3077274491070132,107.72577175495273,112.17598924051963,6.719545656826134
mode_a_muB0p0_alpha1p0_xip0p37_supplement,uubar_to_uubar,0.36,0.2,4.76965634237545,-0.42538248676030377,-0.06682745520893807,-5.222171691514018e-5,-0.0003631272560054301,5.393272908219183,7.430054666902311e6,1.2495682163692317,50.828516119459664,56.76796784901671,4.653214582505551
mode_a_muB0p0_alpha1p0_xip0p37_supplement,uubar_to_uubar,0.36,0.5,5.06965634237545,-0.4458122130072033,-0.1115576781428843,-0.00018538463013584576,-0.0005931133827032078,4.734990964604922,2.589660884669762e6,1.0970507732232384,16.960044351455743,22.55260539874791,1.7367888296423761
mode_a_muB0p0_alpha1p0_xip0p37_supplement,uubar_to_uubar,0.36,1.0,5.56965634237545,-0.4777381251611972,-0.1713235692073732,-0.00038661064025039644,-0.000876543431741257,3.8822063797786064,1.0895665370656701e6,0.8994689836971353,6.6080600719052285,10.86570973331378,0.9732421738012229
mode_a_muB0p0_alpha1p0_xip0p37_supplement,uubar_to_uubar,0.36,2.0,6.56965634237545,-0.5340220159225366,-0.27898774867011644,-0.0007170561934741909,-0.0013099027916078439,2.754717142251503,448427.49543283484,0.6382408316106417,2.29038071167644,4.939924451793994,0.6097164412493308
mode_a_muB0p0_alpha1p0_xip0p37_supplement,uubar_to_uubar,0.37,0.0001,4.6228056786107,-0.41616869475578744,-0.0014528922958788448,6.37743870308445e-6,-7.984183695677839e-6,5.773722279118588,9.57680907208911e9,1.3381269495466226,67028.03002064716,66657.18335484476,3869.291323402652
mode_a_muB0p0_alpha1p0_xip0p37_supplement,uubar_to_uubar,0.37,0.0005,4.6232056786107,-0.41619735394371005,-0.0032490196059556517,6.1863426316447205e-6,-1.7854075384449702e-5,5.772645725740125,2.8008157085272617e9,1.3378774458436893,19601.80321442533,19499.495049037883,1132.051334860445
mode_a_muB0p0_alpha1p0_xip0p37_supplement,uubar_to_uubar,0.37,0.001,4.6237056786107,-0.41623318017630573,-0.00459525600486807,5.947471311240811e-6,-2.5251062573684555e-5,5.771300335641324,1.4859093237477705e9,1.3375656361199395,10398.570217738348,10348.369814604453,600.879771672612
mode_a_muB0p0_alpha1p0_xip0p37_supplement,uubar_to_uubar,0.37,0.005,4.6277056786107,-0.4165196987156181,-0.010283325118605547,4.037447322407335e-6,-5.6491459598879176e-5,5.760554282402983,3.1176093285961133e8,1.3350751139326331,2180.5275494552257,2176.828803242869,126.56813498784874
mode_a_muB0p0_alpha1p0_xip0p37_supplement,uubar_to_uubar,0.37,0.01,4.6327056786107,-0.4168776100881044,-0.014556991835261775,1.6523299402217812e-6,-7.994105597532153e-5,5.747164493445903,1.564136814264944e8,1.331971875400186,1093.2327913473612,1095.6513982156735,63.81266998350332
mode_a_muB0p0_alpha1p0_xip0p37_supplement,uubar_to_uubar,0.37,0.02,4.6427056786106995,-0.41759260917307106,-0.020626766215747216,-3.1096780040458104e-6,-0.00011319496633619967,5.720527603567456,7.798626668947418e7,1.3257984679387007,544.3164938715565,549.76552429132,32.12898571263794
mode_a_muB0p0_alpha1p0_xip0p37_supplement,uubar_to_uubar,0.37,0.05,4.6727056786107,-0.419730946043146,-0.032803612381470205,-1.7329569772608932e-5,-0.0001796422181286305,5.641744357111378,3.070155460249982e7,1.3075395389221598,213.3905923452884,220.4871898035115,13.025150820253753
mode_a_muB0p0_alpha1p0_xip0p37_supplement,uubar_to_uubar,0.37,0.1,4.7227056786107,-0.4232726365317896,-0.04683761545068128,-4.080942152659623e-5,-0.00025559834959290714,5.514093035784617,1.4926280919555027e7,1.2779548680711994,103.01953268671784,110.38603827391927,6.673999979682811
mode_a_muB0p0_alpha1p0_xip0p37_supplement,uubar_to_uubar,0.37,0.2,4.8227056786107,-0.43027317059418957,-0.06749475420894431,-8.69502046178277e-5,-0.00036572582457910824,5.271744090357063,7.076353729865839e6,1.221787695596753,48.15286995819103,55.19288796229376,4.638032112322396
mode_a_muB0p0_alpha1p0_xip0p37_supplement,uubar_to_uubar,0.37,0.5,5.1227056786107,-0.450621093783919,-0.11260405567228021,-0.00021894365325369436,-0.0005969697961682671,4.63522959821523,2.473354179246769e6,1.0742680965345701,16.11107017801169,21.85866534819187,1.7045349203377698
mode_a_muB0p0_alpha1p0_xip0p37_supplement,uubar_to_uubar,0.37,1.0,5.6227056786107,-0.4824134565905909,-0.17278344363448148,-0.00041829791264048606,-0.00088141256858327,3.808408685787183,1.0505732739195477e6,0.8826427824161356,6.33609970913715,10.568606970752334,0.9594034931699997
mode_a_muB0p0_alpha1p0_xip0p37_supplement,uubar_to_uubar,0.37,2.0,6.6227056786107,-0.5384398734700264,-0.28099896456212303,-0.0007452756344415599,-0.0013151819560950362,2.7109240162598023,437610.0741813141,0.6282880105698793,2.221728484201626,4.833952126616389,0.6041982403203822
mode_a_muB0p0_alpha1p0_xip0p37_supplement,uubar_to_uubar,0.38,0.0001,4.675114717994343,-0.4210402712168908,-0.0014676562239291186,-2.8487930783571474e-5,-8.04329837534038e-6,5.640887644626818,1.1412178986617897e9,1.3077373315017369,7946.233533982557,8143.940910736583,476.6657389580213
mode_a_muB0p0_alpha1p0_xip0p37_supplement,uubar_to_uubar,0.38,0.0005,4.675514717994343,-0.4210688212092786,-0.0032820323855292078,-2.867744229414728e-5,-1.7986249238666096e-5,5.6398486097034235,8.726758452406347e8,1.3074964501292188,6076.052496748616,6229.111376804384,364.6420469445938
mode_a_muB0p0_alpha1p0_xip0p37_supplement,uubar_to_uubar,0.38,0.001,4.676014717994343,-0.4211045111594187,-0.004641942476457648,-2.8914334075222565e-5,-2.5437965914319273e-5,5.638550096512387,6.742502628431773e8,1.3071954134338715,4694.176878127194,4814.243698263157,281.86775368165826
mode_a_muB0p0_alpha1p0_xip0p37_supplement,uubar_to_uubar,0.38,0.005,4.680014717994343,-0.42138994001110275,-0.010387707634676915,-3.080852760695423e-5,-5.69090533948496e-5,5.62817825297052,2.3878853607099706e8,1.3047908899172362,1661.5362969750925,1709.1793495892903,100.21193505893676
mode_a_muB0p0_alpha1p0_xip0p37_supplement,uubar_to_uubar,0.38,0.01,4.685014717994343,-0.42174649002184506,-0.014704590492062757,-3.317386794792057e-5,-8.05310310954542e-5,5.6152542298760295,1.3182607818002982e8,1.3017946899326553,916.6320848623317,946.4582983184397,55.59101972272114
mode_a_muB0p0_alpha1p0_xip0p37_supplement,uubar_to_uubar,0.38,0.02,4.695014717994343,-0.422458767846994,-0.020835444252020725,-3.7896353445472316e-5,-0.00011402764417278526,5.589542262110549,6.925957313617687e7,1.2958338372740648,480.9142617425022,500.2710663643126,29.489380770291604
mode_a_muB0p0_alpha1p0_xip0p37_supplement,uubar_to_uubar,0.38,0.05,4.725014717994343,-0.42458895036650146,-0.03313328670322733,-5.199791942679633e-5,-0.00018095086895524801,5.5134818246930575,2.8211131634912502e7,1.2782006065260718,195.0679358769585,207.403159170412,12.364138045948604
mode_a_muB0p0_alpha1p0_xip0p37_supplement,uubar_to_uubar,0.38,0.1,4.775014717994343,-0.42811707968243606,-0.047303200056830294,-7.528135506616295e-5,-0.00025743040761177675,5.390201347461082,1.3900917587694287e7,1.2496202673173709,95.44544033940295,105.0909662257298,6.4179064077743995
mode_a_muB0p0_alpha1p0_xip0p37_supplement,uubar_to_uubar,0.38,0.2,4.875014717994343,-0.4350905992588405,-0.06815137565680396,-0.0001210322574276072,-0.0003682641621406593,5.1560095158839205,6.654807779010041e6,1.1953271453513705,45.048283651185315,52.92828995540436,4.580584251970371
mode_a_muB0p0_alpha1p0_xip0p37_supplement,uubar_to_uubar,0.38,0.5,5.175014717994343,-0.45535832142530075,-0.11363378837567545,-0.0002518793383125284,-0.0006007360067155831,4.540009861203266,2.3566733106065607e6,1.0525188152855525,15.269499808992416,21.120345415018633,1.6684551221827801
mode_a_muB0p0_alpha1p0_xip0p37_supplement,uubar_to_uubar,0.38,1.0,5.675014717994343,-0.48701970658451565,-0.17422031520217932,-0.00044939849599452117,-0.0008861656589833603,3.737746086828868,1.0129161154053066e6,0.8665285326284871,6.075454807635991,10.274765416446908,0.9452883306466064
mode_a_muB0p0_alpha1p0_xip0p37_supplement,uubar_to_uubar,0.38,2.0,6.675014717994343,-0.5427934593917905,-0.2829790503976464,-0.000772975246587604,-0.001320327977307476,2.6687882998294157,427212.2772155059,0.6187100877441547,2.156114792210108,4.731263703086821,0.5987550913173036
mode_a_muB0p0_alpha1p0_xip0p37_supplement,uubar_to_ddbar,0.36,0.0001,4.569756342375455,-0.4112227696128825,-0.001437887305187498,4.190511442518326e-5,-7.923673908770427e-6,5.913442560443776,5.498060434045335e8,1.370086401820058,3868.303780254015,4012.64427472839,230.37140668576808
mode_a_muB0p0_alpha1p0_xip0p37_supplement,uubar_to_ddbar,0.36,0.0005,4.570156342375455,-0.4112515402061132,-0.0032154678043524276,4.171240163386756e-5,-1.7718782193308458e-5,5.912326050014098,4.8688343512127763e8,1.3698277173496243,3425.4054212737865,3552.447260915921,203.97661055160572
mode_a_muB0p0_alpha1p0_xip0p37_supplement,uubar_to_ddbar,0.36,0.001,4.570656342375456,-0.4112875054830363,-0.0045478072594580575,4.1471510583903834e-5,-2.5059748209426035e-5,5.910930736457671,4.2591665892665356e8,1.3695044369405571,2996.273858555034,3106.5555679268327,178.40228624058386
mode_a_muB0p0_alpha1p0_xip0p37_supplement,uubar_to_ddbar,0.36,0.005,4.574656342375455,-0.4115751358003954,-0.010177238436245494,3.954533471457137e-5,-5.6064009339075266e-5,5.89978616408719,2.1244924349998808e8,1.366922349281326,1493.7267837066915,1545.3429417895509,88.85789290590311
mode_a_muB0p0_alpha1p0_xip0p37_supplement,uubar_to_ddbar,0.36,0.01,4.579656342375455,-0.41193443613445435,-0.014406983706069371,3.714003874958656e-5,-7.933715387690375e-5,5.8859003784269674,1.3031410386833538e8,1.3637051495001151,915.6006628091928,944.6716375024533,54.405564661802856
mode_a_muB0p0_alpha1p0_xip0p37_supplement,uubar_to_ddbar,0.36,0.02,4.589656342375455,-0.41265221163754795,-0.02041468231762851,3.233770603075145e-5,-0.00011234262717050947,5.858278620061572,7.31711255237552e7,1.3573054601239245,513.3944957331087,526.8311210092284,30.439244197621463
mode_a_muB0p0_alpha1p0_xip0p37_supplement,uubar_to_ddbar,0.36,0.05,4.619656342375455,-0.41479886800830434,-0.03246856071250724,1.79970874465286e-5,-0.00017830264289968453,5.77659676318754,3.1137391990096256e7,1.3383805783423515,217.560122027375,219.6655909887802,12.822476605638512
mode_a_muB0p0_alpha1p0_xip0p37_supplement,uubar_to_ddbar,0.36,0.1,4.669656342375455,-0.4183543938455927,-0.04636444441274276,-5.683162419329864e-6,-0.00025372294062785627,5.644294509263821,1.5526111060457451e7,1.3077274491070132,107.72577175495273,105.89100916759988,6.323664729417836
mode_a_muB0p0_alpha1p0_xip0p37_supplement,uubar_to_ddbar,0.36,0.2,4.769656342375455,-0.42538248676030377,-0.06682745520893807,-5.222171691514018e-5,-0.0003631272560054301,5.393272908219183,7.430054666902311e6,1.2495682163692317,50.828516119459664,47.38820082264109,4.058513814449595
mode_a_muB0p0_alpha1p0_xip0p37_supplement,uubar_to_ddbar,0.36,0.5,5.069656342375455,-0.4458122130072033,-0.1115576781428843,-0.00018538463013584576,-0.0005931133827032078,4.734990964604922,2.589660884669762e6,1.0970507732232384,16.960044351455743,13.56158485061005,1.173803485225883
mode_a_muB0p0_alpha1p0_xip0p37_supplement,uubar_to_ddbar,0.36,1.0,5.569656342375455,-0.4777381251611972,-0.1713235692073732,-0.00038661064025039644,-0.000876543431741257,3.8822063797786064,1.0895665370656701e6,0.8994689836971353,6.6080600719052285,4.149348377890949,0.5280959405128836
mode_a_muB0p0_alpha1p0_xip0p37_supplement,uubar_to_ddbar,0.36,2.0,6.569656342375455,-0.5340220159225366,-0.27898774867011644,-0.0007170561934741909,-0.0013099027916078439,2.754717142251503,448427.49543283484,0.6382408316106417,2.29038071167644,0.9173186347801693,0.3234983883166487
mode_a_muB0p0_alpha1p0_xip0p37_supplement,uubar_to_ddbar,0.37,0.0001,4.6228056786107,-0.41616869475578744,-0.0014528922958788448,6.37743870308445e-6,-7.984183695677839e-6,5.773722279118588,9.57680907208911e9,1.3381269495466226,67028.03002064716,67401.55294034866,3910.709562581849
mode_a_muB0p0_alpha1p0_xip0p37_supplement,uubar_to_ddbar,0.37,0.0005,4.6232056786107,-0.41619735394371005,-0.0032490196059556517,6.1863426316447205e-6,-1.7854075384449702e-5,5.772645725740125,2.8008157085272617e9,1.3378774458436893,19601.80321442533,19706.787134704464,1143.5608594860203
mode_a_muB0p0_alpha1p0_xip0p37_supplement,uubar_to_ddbar,0.37,0.001,4.6237056786107,-0.41623318017630573,-0.00459525600486807,5.947471311240811e-6,-2.5251062573684555e-5,5.771300335641324,1.4859093237477705e9,1.3375656361199395,10398.570217738348,10451.445752144482,606.585621305753
mode_a_muB0p0_alpha1p0_xip0p37_supplement,uubar_to_ddbar,0.37,0.005,4.6277056786107,-0.4165196987156181,-0.010283325118605547,4.037447322407335e-6,-5.6491459598879176e-5,5.760554282402983,3.1176093285961133e8,1.3350751139326331,2180.5275494552257,2186.896445895448,127.09352186338863
mode_a_muB0p0_alpha1p0_xip0p37_supplement,uubar_to_ddbar,0.37,0.01,4.6327056786107,-0.4168776100881044,-0.014556991835261775,1.6523299402217812e-6,-7.994105597532153e-5,5.747164493445903,1.564136814264944e8,1.331971875400186,1093.2327913473612,1093.4781282298495,63.65509231446965
mode_a_muB0p0_alpha1p0_xip0p37_supplement,uubar_to_ddbar,0.37,0.02,4.6427056786106995,-0.41759260917307106,-0.020626766215747216,-3.1096780040458104e-6,-0.00011319496633619967,5.720527603567456,7.798626668947418e7,1.3257984679387007,544.3164938715565,541.5190603876705,31.630699095404843
mode_a_muB0p0_alpha1p0_xip0p37_supplement,uubar_to_ddbar,0.37,0.05,4.6727056786107,-0.419730946043146,-0.032803612381470205,-1.7329569772608932e-5,-0.0001796422181286305,5.641744357111378,3.070155460249982e7,1.3075395389221598,213.3905923452884,208.90907396490965,12.33439165638759
mode_a_muB0p0_alpha1p0_xip0p37_supplement,uubar_to_ddbar,0.37,0.1,4.7227056786107,-0.4232726365317896,-0.04683761545068128,-4.080942152659623e-5,-0.00025559834959290714,5.514093035784617,1.4926280919555027e7,1.2779548680711994,103.01953268671784,98.2089368356588,5.939374658406331
mode_a_muB0p0_alpha1p0_xip0p37_supplement,uubar_to_ddbar,0.37,0.2,4.8227056786107,-0.43027317059418957,-0.06749475420894431,-8.69502046178277e-5,-0.00036572582457910824,5.271744090357063,7.076353729865839e6,1.221787695596753,48.15286995819103,43.55642734528181,3.9058545476790743
mode_a_muB0p0_alpha1p0_xip0p37_supplement,uubar_to_ddbar,0.37,0.5,5.1227056786107,-0.450621093783919,-0.11260405567228021,-0.00021894365325369436,-0.0005969697961682671,4.63522959821523,2.473354179246769e6,1.0742680965345701,16.11107017801169,12.512011200900643,1.1127803291910032
mode_a_muB0p0_alpha1p0_xip0p37_supplement,uubar_to_ddbar,0.37,1.0,5.6227056786107,-0.4824134565905909,-0.17278344363448148,-0.00041829791264048606,-0.00088141256858327,3.808408685787183,1.0505732739195477e6,0.8826427824161356,6.33609970913715,3.868878012354235,0.5101349341051045
mode_a_muB0p0_alpha1p0_xip0p37_supplement,uubar_to_ddbar,0.37,2.0,6.6227056786107,-0.5384398734700264,-0.28099896456212303,-0.0007452756344415599,-0.0013151819560950362,2.7109240162598023,437610.0741813141,0.6282880105698793,2.221728484201626,0.8660808629266207,0.3191229959229782
mode_a_muB0p0_alpha1p0_xip0p37_supplement,uubar_to_ddbar,0.38,0.0001,4.675114717994345,-0.4210402712168908,-0.0014676562239291186,-2.8487930783571474e-5,-8.04329837534038e-6,5.640887644626818,1.1412178986617897e9,1.3077373315017369,7946.233533982557,7751.141631891533,454.45036263435657
mode_a_muB0p0_alpha1p0_xip0p37_supplement,uubar_to_ddbar,0.38,0.0005,4.675514717994345,-0.4210688212092786,-0.0032820323855292078,-2.867744229414728e-5,-1.7986249238666096e-5,5.6398486097034235,8.726758452406347e8,1.3074964501292188,6076.052496748616,5925.608609593107,347.4678476156408
mode_a_muB0p0_alpha1p0_xip0p37_supplement,uubar_to_ddbar,0.38,0.001,4.676014717994345,-0.4211045111594187,-0.004641942476457648,-2.8914334075222565e-5,-2.5437965914319273e-5,5.638550096512387,6.742502628431773e8,1.3071954134338715,4694.176878127194,4576.724448818099,268.41856234911387
mode_a_muB0p0_alpha1p0_xip0p37_supplement,uubar_to_ddbar,0.38,0.005,4.680014717994345,-0.42138994001110275,-0.010387707634676915,-3.080852760695423e-5,-5.69090533948496e-5,5.62817825297052,2.3878853607099706e8,1.3047908899172362,1661.5362969750925,1616.502826140729,94.9389129047902
mode_a_muB0p0_alpha1p0_xip0p37_supplement,uubar_to_ddbar,0.38,0.01,4.685014717994345,-0.42174649002184506,-0.014704590492062757,-3.317386794792057e-5,-8.05310310954542e-5,5.6152542298760295,1.3182607818002982e8,1.3017946899326553,916.6320848623317,889.4094607860891,52.328147529164525
mode_a_muB0p0_alpha1p0_xip0p37_supplement,uubar_to_ddbar,0.38,0.02,4.6950147179943444,-0.422458767846994,-0.020835444252020725,-3.7896353445472316e-5,-0.00011402764417278526,5.589542262110549,6.925957313617687e7,1.2958338372740648,480.9142617425022,464.1491247952399,27.405574184699557
mode_a_muB0p0_alpha1p0_xip0p37_supplement,uubar_to_ddbar,0.38,0.05,4.725014717994345,-0.42458895036650146,-0.03313328670322733,-5.199791942679633e-5,-0.00018095086895524801,5.5134818246930575,2.8211131634912502e7,1.2782006065260718,195.0679358769585,185.28911379655713,11.0646054827654
mode_a_muB0p0_alpha1p0_xip0p37_supplement,uubar_to_ddbar,0.38,0.1,4.7750147179943445,-0.42811707968243606,-0.047303200056830294,-7.528135506616295e-5,-0.00025743040761177675,5.390201347461082,1.3900917587694287e7,1.2496202673173709,95.44544033940295,88.29915498771082,5.408948176667675
mode_a_muB0p0_alpha1p0_xip0p37_supplement,uubar_to_ddbar,0.38,0.2,4.875014717994345,-0.4350905992588405,-0.06815137565680396,-0.0001210322574276072,-0.0003682641621406593,5.1560095158839205,6.654807779010041e6,1.1953271453513705,45.048283651185315,39.55893163766901,3.738269497964953
mode_a_muB0p0_alpha1p0_xip0p37_supplement,uubar_to_ddbar,0.38,0.5,5.175014717994345,-0.45535832142530075,-0.11363378837567545,-0.0002518793383125284,-0.0006007360067155831,4.540009861203266,2.3566733106065607e6,1.0525188152855525,15.269499808992416,11.523691833537304,1.0540591610861345
mode_a_muB0p0_alpha1p0_xip0p37_supplement,uubar_to_ddbar,0.38,1.0,5.675014717994345,-0.48701970658451565,-0.17422031520217932,-0.00044939849599452117,-0.0008861656589833603,3.737746086828868,1.0129161154053066e6,0.8665285326284871,6.075454807635991,3.609201264082048,0.49320021807105263
mode_a_muB0p0_alpha1p0_xip0p37_supplement,uubar_to_ddbar,0.38,2.0,6.675014717994345,-0.5427934593917905,-0.2829790503976464,-0.000772975246587604,-0.001320327977307476,2.6687882998294157,427212.2772155059,0.6187100877441547,2.156114792210108,0.8183860568217047,0.31497583162289755
mode_a_muB0p0_alpha1p0_xip0p37_supplement,udbar_to_udbar,0.36,0.0001,4.5697563423754515,-0.4112227696128825,-0.001437887305187498,,,5.913442560443776,,5.480345607280235,0.0,5.480345607280235,0.3059292877488033
mode_a_muB0p0_alpha1p0_xip0p37_supplement,udbar_to_udbar,0.36,0.0005,4.570156342375451,-0.4112515402061132,-0.0032154678043524276,,,5.912326050014098,,5.479310869398499,0.0,5.479310869398499,0.3058819390104194
mode_a_muB0p0_alpha1p0_xip0p37_supplement,udbar_to_udbar,0.36,0.001,4.570656342375452,-0.4112875054830363,-0.0045478072594580575,,,5.910930736457671,,5.47801774776223,0.0,5.47801774776223,0.30582293939684324
mode_a_muB0p0_alpha1p0_xip0p37_supplement,udbar_to_udbar,0.36,0.005,4.574656342375452,-0.4115751358003954,-0.010177238436245494,,,5.89978616408719,,5.467689397125304,0.0,5.467689397125304,0.30535618476774434
mode_a_muB0p0_alpha1p0_xip0p37_supplement,udbar_to_udbar,0.36,0.01,4.5796563423754515,-0.41193443613445435,-0.014406983706069371,,,5.8859003784269674,,5.454820598000462,0.0,5.454820598000462,0.30478521961881194
mode_a_muB0p0_alpha1p0_xip0p37_supplement,udbar_to_udbar,0.36,0.02,4.589656342375451,-0.41265221163754795,-0.02041468231762851,,,5.858278620061572,,5.429221840495701,0.0,5.429221840495701,0.30368253034697307
mode_a_muB0p0_alpha1p0_xip0p37_supplement,udbar_to_udbar,0.36,0.05,4.6196563423754515,-0.41479886800830434,-0.03246856071250724,,,5.77659676318754,,5.353522313369408,0.0,5.353522313369408,0.30065012885349085
mode_a_muB0p0_alpha1p0_xip0p37_supplement,udbar_to_udbar,0.36,0.1,4.669656342375451,-0.4183543938455927,-0.04636444441274276,,,5.644294509263821,,5.230909796428055,0.0,5.230909796428055,0.2963163890856464
mode_a_muB0p0_alpha1p0_xip0p37_supplement,udbar_to_udbar,0.36,0.2,4.769656342375452,-0.42538248676030377,-0.06682745520893807,,,5.393272908219183,,4.998272865476927,0.0,4.998272865476927,0.2894048492415707
mode_a_muB0p0_alpha1p0_xip0p37_supplement,udbar_to_udbar,0.36,0.5,5.069656342375452,-0.4458122130072033,-0.1115576781428843,,,4.734990964604922,,4.388203092892956,0.0,4.388203092892956,0.2751617152012789
mode_a_muB0p0_alpha1p0_xip0p37_supplement,udbar_to_udbar,0.36,1.0,5.569656342375452,-0.4777381251611972,-0.1713235692073732,,,3.8822063797786064,,3.5978759347885423,0.0,3.5978759347885423,0.26086559876466436
mode_a_muB0p0_alpha1p0_xip0p37_supplement,udbar_to_udbar,0.36,2.0,6.569656342375452,-0.5340220159225366,-0.27898774867011644,,,2.754717142251503,,2.552963326442568,0.0,2.552963326442568,0.25908554802978134
mode_a_muB0p0_alpha1p0_xip0p37_supplement,udbar_to_udbar,0.37,0.0001,4.622805678607455,-0.41616869475555585,-0.0014528922722945802,,,5.773722279127298,,5.352507798194563,0.0,5.352507798194563,0.3032476536015143
mode_a_muB0p0_alpha1p0_xip0p37_supplement,udbar_to_udbar,0.37,0.0005,4.623205678607455,-0.41619735394347757,-0.003249019595411726,,,5.772645725748857,,5.351509783382855,0.0,5.351509783382855,0.30320102095656476
mode_a_muB0p0_alpha1p0_xip0p37_supplement,udbar_to_udbar,0.37,0.001,4.623705678607456,-0.41623318017630573,-0.00459525600486807,,,5.771300335641324,,5.35026254447976,0.0,5.35026254447976,0.30314291459367476
mode_a_muB0p0_alpha1p0_xip0p37_supplement,udbar_to_udbar,0.37,0.005,4.627705678607455,-0.41651969871538586,-0.010283325115262828,,,5.760554282411684,,5.340300455738605,0.0,5.340300455738605,0.30268325695908843
mode_a_muB0p0_alpha1p0_xip0p37_supplement,udbar_to_udbar,0.37,0.01,4.632705678607455,-0.41687761008787283,-0.014556991832892727,,,5.74716449345456,,5.327887501608773,0.0,5.327887501608773,0.30212104652278315
mode_a_muB0p0_alpha1p0_xip0p37_supplement,udbar_to_udbar,0.37,0.02,4.642705678607455,-0.41759260917283947,-0.020626766214060503,,,5.720527603576063,,5.303193871762784,0.0,5.303193871762784,0.301035499308024
mode_a_muB0p0_alpha1p0_xip0p37_supplement,udbar_to_udbar,0.37,0.05,4.672705678607455,-0.419730946043146,-0.032803612381470205,,,5.641744357111378,,5.230158155688641,0.0,5.230158155688641,0.2980519133672408
mode_a_muB0p0_alpha1p0_xip0p37_supplement,udbar_to_udbar,0.37,0.1,4.722705678607455,-0.4232726365317896,-0.04683761545068128,,,5.514093035784617,,5.111819472284799,0.0,5.111819472284799,0.2937925053086784
mode_a_muB0p0_alpha1p0_xip0p37_supplement,udbar_to_udbar,0.37,0.2,4.822705678607456,-0.43027317059396375,-0.06749475420835602,,,5.271744090364672,,4.887150782394065,0.0,4.887150782394065,0.2870111110476038
mode_a_muB0p0_alpha1p0_xip0p37_supplement,udbar_to_udbar,0.37,0.5,5.122705678607455,-0.450621093783919,-0.11260405567228021,,,4.63522959821523,,4.2970723861382805,0.0,4.2970723861382805,0.273073306365203
mode_a_muB0p0_alpha1p0_xip0p37_supplement,udbar_to_udbar,0.37,1.0,5.622705678607455,-0.48241345659039303,-0.17278344363411458,,,3.808408685791791,,3.530571129668817,0.0,3.530571129668817,0.25912089820772094
mode_a_muB0p0_alpha1p0_xip0p37_supplement,udbar_to_udbar,0.37,2.0,6.622705678607455,-0.5384398734700264,-0.28099896456212303,,,2.7109240162598023,,2.5131520422795175,0.0,2.5131520422795175,0.2576158357893665
mode_a_muB0p0_alpha1p0_xip0p37_supplement,udbar_to_udbar,0.38,0.0001,4.675114717994343,-0.4210402712168908,-0.0014676562239291186,,,5.640887644626818,,5.230949326006949,0.0,5.230949326006949,0.3006672948567509
mode_a_muB0p0_alpha1p0_xip0p37_supplement,udbar_to_udbar,0.38,0.0005,4.675514717994343,-0.4210688212092786,-0.0032820323855292078,,,5.6398486097034235,,5.229985800516877,0.0,5.229985800516877,0.30062134527034495
mode_a_muB0p0_alpha1p0_xip0p37_supplement,udbar_to_udbar,0.38,0.001,4.676014717994343,-0.4211045111594187,-0.004641942476457648,,,5.638550096512387,,5.228781653735486,0.0,5.228781653735486,0.3005640909285644
mode_a_muB0p0_alpha1p0_xip0p37_supplement,udbar_to_udbar,0.38,0.005,4.680014717994343,-0.42138994001110275,-0.010387707634676915,,,5.62817825297052,,5.219163559668948,0.0,5.219163559668948,0.3001112022628697
mode_a_muB0p0_alpha1p0_xip0p37_supplement,udbar_to_udbar,0.38,0.01,4.685014717994343,-0.42174649002184506,-0.014704590492062757,,,5.6152542298760295,,5.207178759730623,0.0,5.207178759730623,0.2995573408852705
mode_a_muB0p0_alpha1p0_xip0p37_supplement,udbar_to_udbar,0.38,0.02,4.695014717994343,-0.422458767846994,-0.020835444252020725,,,5.589542262110549,,5.183335349096261,0.0,5.183335349096261,0.2984881383772023
mode_a_muB0p0_alpha1p0_xip0p37_supplement,udbar_to_udbar,0.38,0.05,4.725014717994343,-0.42458895036650146,-0.03313328670322733,,,5.5134818246930575,,5.112802426104287,0.0,5.112802426104287,0.2955510775428139
mode_a_muB0p0_alpha1p0_xip0p37_supplement,udbar_to_udbar,0.38,0.1,4.775014717994343,-0.42811707968243606,-0.047303200056830294,,,5.390201347461082,,4.998481069269485,0.0,4.998481069269485,0.2913624696997331
mode_a_muB0p0_alpha1p0_xip0p37_supplement,udbar_to_udbar,0.38,0.2,4.875014717994343,-0.4350905992588405,-0.06815137565680396,,,5.1560095158839205,,4.781308581405483,0.0,4.781308581405483,0.2847049697618927
mode_a_muB0p0_alpha1p0_xip0p37_supplement,udbar_to_udbar,0.38,0.5,5.175014717994343,-0.45535832142530075,-0.11363378837567545,,,4.540009861203266,,4.210075261142211,0.0,4.210075261142211,0.2710578751608107
mode_a_muB0p0_alpha1p0_xip0p37_supplement,udbar_to_udbar,0.38,1.0,5.675014717994343,-0.48701970658451565,-0.17422031520217932,,,3.737746086828868,,3.4661141305139496,0.0,3.4661141305139496,0.25743307560823797
mode_a_muB0p0_alpha1p0_xip0p37_supplement,udbar_to_udbar,0.38,2.0,6.675014717994343,-0.5427934593917905,-0.2829790503976464,,,2.6687882998294157,,2.4748403509766193,0.0,2.4748403509766193,0.25618872335068293
mode_a_muB0p0_alpha1p2_xim0p47_supplement,usbar_to_usbar,-0.48,0.0001,2.036651426530246,0.46982236469718874,-2.1662424071457858e-5,,,4.530359083417549,,2.8401681362370974,0.0,2.8401681362370974,0.0009585307156391214
mode_a_muB0p0_alpha1p2_xim0p47_supplement,usbar_to_usbar,-0.48,0.0005,2.0370514265302457,0.4697968362252014,-4.8532677373074754e-5,,,4.53085141194224,,2.8404767863380367,0.0,2.8404767863380367,0.0009611137100925997
mode_a_muB0p0_alpha1p2_xim0p47_supplement,usbar_to_usbar,-0.48,0.001,2.0375514265302455,0.4697649263290189,-6.880188429550982e-5,,,4.531466921650335,,2.8408626610619363,0.0,2.8408626610619363,0.0009643517056266187
mode_a_muB0p0_alpha1p2_xim0p47_supplement,usbar_to_usbar,-0.48,0.005,2.0415514265302455,0.4695096429548238,-0.00015682971384943707,,,4.536395581573089,,2.843952531557676,0.0,2.843952531557676,0.0009906255381106456
mode_a_muB0p0_alpha1p2_xim0p47_supplement,usbar_to_usbar,-0.48,0.01,2.0465514265302454,0.46919054080515077,-0.00022709696592200873,,,4.542567637299795,,2.8478219104937117,0.0,2.8478219104937117,0.001024391903402833
mode_a_muB0p0_alpha1p2_xim0p47_supplement,usbar_to_usbar,-0.48,0.02,2.0565514265302456,0.46855234631369924,-0.0003363161889017764,,,4.554949247207314,,2.8555841768587276,0.0,2.8555841768587276,0.0010950015782268626
mode_a_muB0p0_alpha1p2_xim0p47_supplement,usbar_to_usbar,-0.48,0.05,2.0865514265302454,0.46663792758460276,-0.0006053822611582617,,,4.5923946226980155,,2.8790593938028772,0.0,2.8790593938028772,0.0013313897700556751
mode_a_muB0p0_alpha1p2_xim0p47_supplement,usbar_to_usbar,-0.48,0.1,2.1365514265302457,0.463448330438895,-0.0010372264164949206,,,4.655809270479138,,2.918815240675567,0.0,2.918815240675567,0.0018069307829988337
mode_a_muB0p0_alpha1p2_xim0p47_supplement,usbar_to_usbar,-0.48,0.2,2.2365514265302457,0.4570769253363285,-0.002013483994504211,,,4.786443953073285,,3.000712603811616,0.0,3.000712603811616,0.003062545519806045
mode_a_muB0p0_alpha1p2_xim0p47_supplement,usbar_to_usbar,-0.48,0.5,2.5365514265302456,0.43808241539651827,-0.006092394501525432,,,5.209599918659104,,3.26599711393236,0.0,3.26599711393236,0.009278319645157553
mode_a_muB0p0_alpha1p2_xim0p47_supplement,usbar_to_usbar,-0.48,1.0,3.0365514265302456,0.4070777279247527,-0.016343020649871476,,,6.024845103338346,,3.7770898008723153,0.0,3.7770898008723153,0.028273101490752427
mode_a_muB0p0_alpha1p2_xim0p47_supplement,usbar_to_usbar,-0.48,2.0,4.036551426530245,0.34844883258668247,-0.046840232233766696,,,8.08992133393108,,5.071725303496891,0.0,5.071725303496891,0.10588057715060419
mode_a_muB0p0_alpha1p2_xim0p47_supplement,usbar_to_usbar,-0.47,0.0001,2.0700481883293382,0.4661697087287848,-2.2223196984324753e-5,,,4.601632152822268,,2.8853133760021508,0.0,2.8853133760021508,0.001006633199098038
mode_a_muB0p0_alpha1p2_xim0p47_supplement,usbar_to_usbar,-0.47,0.0005,2.070448188329338,0.46614419155515385,-4.978679619711133e-5,,,4.60213591995844,,2.8856292478511185,0.0,2.8856292478511185,0.0010092859387616194
mode_a_muB0p0_alpha1p2_xim0p47_supplement,usbar_to_usbar,-0.47,0.001,2.070948188329338,0.4661122957563867,-7.05758141614353e-5,,,4.60276573156709,,2.886024152049988,0.0,2.886024152049988,0.0010126111442247602
mode_a_muB0p0_alpha1p2_xim0p47_supplement,usbar_to_usbar,-0.47,0.005,2.074948188329338,0.4658571248176899,-0.00016080219099865248,,,4.60780895353065,,2.8891863508756104,0.0,2.8891863508756104,0.001039583793127159
mode_a_muB0p0_alpha1p2_xim0p47_supplement,usbar_to_usbar,-0.47,0.01,2.079948188329338,0.4655381626237277,-0.00023272455357870907,,,4.614124568529946,,2.8931463650249323,0.0,2.8931463650249323,0.001074226591394058
mode_a_muB0p0_alpha1p2_xim0p47_supplement,usbar_to_usbar,-0.47,0.02,2.089948188329338,0.46490024597966895,-0.000344299011839835,,,4.626794491608101,,2.9010906546413677,0.0,2.9010906546413677,0.0011465993457231319
mode_a_muB0p0_alpha1p2_xim0p47_supplement,usbar_to_usbar,-0.47,0.05,2.119948188329338,0.46298664276381374,-0.0006180831155684961,,,4.6651144467721135,,2.9251180161362904,0.0,2.9251180161362904,0.001388367870556533
mode_a_muB0p0_alpha1p2_xim0p47_supplement,usbar_to_usbar,-0.47,0.1,2.169948188329338,0.45979833663562486,-0.0010552302893105082,,,4.730019388488466,,2.9658146842495774,0.0,2.9658146842495774,0.0018732401845629192
mode_a_muB0p0_alpha1p2_xim0p47_supplement,usbar_to_usbar,-0.47,0.2,2.269948188329338,0.45342921362691646,-0.0020385013186368433,,,4.863761013739475,,3.0496732995081497,0.0,3.0496732995081497,0.003149310630462349
mode_a_muB0p0_alpha1p2_xim0p47_supplement,usbar_to_usbar,-0.47,0.5,2.569948188329338,0.43443868987838985,-0.006126220881757902,,,5.297325481112393,,3.321526701849989,0.0,3.321526701849989,0.009448524728818188
mode_a_muB0p0_alpha1p2_xim0p47_supplement,usbar_to_usbar,-0.47,1.0,3.069948188329338,0.4034307714610834,-0.016373695946468973,,,6.134047890282174,,3.846168020191272,0.0,3.846168020191272,0.028703278831219238
mode_a_muB0p0_alpha1p2_xim0p47_supplement,usbar_to_usbar,-0.47,2.0,4.069948188329338,0.3447676972564143,-0.04684885981405806,,,8.260395368206716,,5.179429484022382,0.0,5.179429484022382,0.1076626039251389
mode_a_muB0p0_alpha1p2_xim0p47_supplement,usbar_to_usbar,-0.46,0.0001,2.1029734957305704,0.4625950202566127,-2.2791338741518596e-5,,,4.673024868418246,,2.9305510695354875,0.0,2.9305510695354875,0.0010565382259769232
mode_a_muB0p0_alpha1p2_xim0p47_supplement,usbar_to_usbar,-0.46,0.0005,2.1033734957305703,0.4625695140555397,-5.105739951472103e-5,,,4.673540180599865,,2.9308742325203885,0.0,2.9308742325203885,0.0010592621148787728
mode_a_muB0p0_alpha1p2_xim0p47_supplement,usbar_to_usbar,-0.46,0.001,2.10387349573057,0.462537631942577,-7.23730695318719e-5,,,4.674184427317562,,2.93127825303403,0.0,2.93127825303403,0.0010626762874509086
mode_a_muB0p0_alpha1p2_xim0p47_supplement,usbar_to_usbar,-0.46,0.005,2.10787349573057,0.46228257016393015,-0.0001648270644067193,,,4.679343279270073,,2.934513476370668,0.0,2.934513476370668,0.0010903618937308642
mode_a_muB0p0_alpha1p2_xim0p47_supplement,usbar_to_usbar,-0.46,0.01,2.11287349573057,0.4619637438685965,-0.00023842669008982773,,,4.685803794017912,,2.938564999514058,0.0,2.938564999514058,0.001125899007061783
mode_a_muB0p0_alpha1p2_xim0p47_supplement,usbar_to_usbar,-0.46,0.02,2.12287349573057,0.4613260970854045,-0.0003523886543041073,,,4.698764729804689,,2.9466930718658277,0.0,2.9466930718658277,0.0012000712747911924
mode_a_muB0p0_alpha1p2_xim0p47_supplement,usbar_to_usbar,-0.46,0.05,2.15287349573057,0.45941328649928725,-0.0006309608023662418,,,4.737967513907483,,2.9712779529901803,0.0,2.9712779529901803,0.001447334494230553
mode_a_muB0p0_alpha1p2_xim0p47_supplement,usbar_to_usbar,-0.46,0.1,2.2028734957305702,0.4562262370918496,-0.0010735078352251354,,,4.804377014302091,,3.0129247316589653,0.0,3.0129247316589653,0.001941743775962877
mode_a_muB0p0_alpha1p2_xim0p47_supplement,usbar_to_usbar,-0.46,0.2,2.3028734957305703,0.4498593431640301,-0.002063988285523803,,,4.941256155875476,,3.09876448771204,0.0,3.09876448771204,0.0032387265539564215
mode_a_muB0p0_alpha1p2_xim0p47_supplement,usbar_to_usbar,-0.46,0.5,2.60287349573057,0.4308727760425345,-0.006161232888557568,,,5.385339632110468,,3.3772584702796977,0.0,3.3772584702796977,0.009622975473666957
mode_a_muB0p0_alpha1p2_xim0p47_supplement,usbar_to_usbar,-0.46,1.0,3.10287349573057,0.3998619400445085,-0.016406915172375008,,,6.243804664366621,,3.915619743603853,0.0,3.915619743603853,0.029140899388490887
mode_a_muB0p0_alpha1p2_xim0p47_supplement,usbar_to_usbar,-0.46,2.0,4.10287349573057,0.34116601024240056,-0.04686235014441243,,,8.432390990967884,,5.288127740199012,0.0,5.288127740199012,0.10946441204954706
mode_a_muB0p0_alpha1p2_xim0p47_supplement,ssbar_to_ssbar,-0.48,0.0001,7.548060012553636,,,8.320732248087248e-5,-0.0001429862073052755,,3.653833745667911e7,0.0,4577.777828366376,4577.777828366376,420.98745081405735
mode_a_muB0p0_alpha1p2_xim0p47_supplement,ssbar_to_ssbar,-0.48,0.0005,7.548460012553636,,,6.293990178340004e-5,-0.00015848462648880741,,3.438930500863714e7,0.0,4308.8214498895995,4308.8214498895995,396.2802909730296
mode_a_muB0p0_alpha1p2_xim0p47_supplement,ssbar_to_ssbar,-0.48,0.001,7.5489600125536365,,,4.767754911438871e-5,-0.0001700159687792785,,3.2073303324849386e7,0.0,4018.9745626408244,4018.9745626408244,369.6545632058861
mode_a_muB0p0_alpha1p2_xim0p47_supplement,ssbar_to_ssbar,-0.48,0.005,7.552960012553636,,,-1.7499247915054726e-5,-0.00021791122021566525,,2.0924212605665136e7,0.0,2623.690449867143,2623.690449867143,241.48359394207867
mode_a_muB0p0_alpha1p2_xim0p47_supplement,ssbar_to_ssbar,-0.48,0.01,7.557960012553636,,,-6.722255223216714e-5,-0.00025298798306473886,,1.4593897560056131e7,0.0,1831.4710874293082,1831.4710874293082,168.71066547188587
mode_a_muB0p0_alpha1p2_xim0p47_supplement,ssbar_to_ssbar,-0.48,0.02,7.567960012553636,,,-0.00013898518984770993,-0.0003014110042051151,,9.07725389293965e6,0.0,1141.0778276883557,1141.0778276883557,105.2912072743688
mode_a_muB0p0_alpha1p2_xim0p47_supplement,ssbar_to_ssbar,-0.48,0.05,7.597960012553636,,,-0.00028708813575069195,-0.0003933922764894201,,4.216258991999195e6,0.0,532.715363992016,532.715363992016,49.40517552738333
mode_a_muB0p0_alpha1p2_xim0p47_supplement,ssbar_to_ssbar,-0.48,0.1,7.647960012553636,,,-0.000464694622709494,-0.0004904947360222401,,2.190454890047477e6,0.0,279.1369147316033,279.1369147316033,26.106840582657217
mode_a_muB0p0_alpha1p2_xim0p47_supplement,ssbar_to_ssbar,-0.48,0.2,7.747960012553636,,,-0.0007392818172103591,-0.0006157223797559864,,1.0803200053424148e6,0.0,140.08673011244593,140.08673011244593,13.32383689841082
mode_a_muB0p0_alpha1p2_xim0p47_supplement,ssbar_to_ssbar,-0.48,0.5,8.047960012553636,,,-0.001388349469785756,-0.0008196960120483915,,384701.82379751944,0.0,52.67552956596609,52.67552956596609,5.267269217203971
mode_a_muB0p0_alpha1p2_xim0p47_supplement,ssbar_to_ssbar,-0.48,1.0,8.547960012553636,,,-0.002343972189923417,-0.0009701173012914802,,155392.10917019323,0.0,23.43621881570057,23.43621881570057,2.5470404211949353
mode_a_muB0p0_alpha1p2_xim0p47_supplement,ssbar_to_ssbar,-0.48,2.0,9.547960012553636,,,-0.004290606256859153,-0.0010174910008717655,,51428.18648292809,0.0,9.536208889128789,9.536208889128789,1.2347789872730877
mode_a_muB0p0_alpha1p2_xim0p47_supplement,ssbar_to_ssbar,-0.47,0.0001,7.667390405286657,,,-2.2469841199617563e-6,-3.4874332929704264e-5,,8.188210707239197e8,0.0,103712.82581786512,103712.82581786512,9699.612507515687
mode_a_muB0p0_alpha1p2_xim0p47_supplement,ssbar_to_ssbar,-0.47,0.0005,7.667790405286657,,,-2.3235465581355292e-5,-5.023659482717422e-5,,3.264131226406143e8,0.0,41346.76106407277,41346.76106407277,3867.1668275648426
mode_a_muB0p0_alpha1p2_xim0p47_supplement,ssbar_to_ssbar,-0.47,0.001,7.668290405286657,,,-3.903481853063961e-5,-6.166070662356592e-5,,1.8776663569782817e8,0.0,23786.489184783273,23786.489184783273,2224.941212168609
mode_a_muB0p0_alpha1p2_xim0p47_supplement,ssbar_to_ssbar,-0.47,0.005,7.672290405286657,,,-0.00010644776036561809,-0.00010905416064275076,,4.305902390904528e7,0.0,5458.590999447899,5458.590999447899,510.9312571928779
mode_a_muB0p0_alpha1p2_xim0p47_supplement,ssbar_to_ssbar,-0.47,0.01,7.677290405286657,,,-0.00015781625023056887,-0.0001437024664116028,,2.1950828187470954e7,0.0,2785.147750849689,2785.147750849689,260.91373997990064
mode_a_muB0p0_alpha1p2_xim0p47_supplement,ssbar_to_ssbar,-0.47,0.02,7.687290405286657,,,-0.0002318642576316991,-0.00019144237138306363,,1.106057466611257e7,0.0,1405.8475254219056,1405.8475254219056,131.9228402965332
mode_a_muB0p0_alpha1p2_xim0p47_supplement,ssbar_to_ssbar,-0.47,0.05,7.717290405286657,,,-0.0003843745892424367,-0.00028179845261573893,,4.4022960258195e6,0.0,562.5221104871515,562.5221104871515,53.053951716202725
mode_a_muB0p0_alpha1p2_xim0p47_supplement,ssbar_to_ssbar,-0.47,0.1,7.767290405286657,,,-0.0005667836692991821,-0.0003766354473857035,,2.159370210813337e6,0.0,278.3901887161827,278.3901887161827,26.477986035637883
mode_a_muB0p0_alpha1p2_xim0p47_supplement,ssbar_to_ssbar,-0.47,0.2,7.867290405286657,,,-0.0008479696782211581,-0.0004978678484285064,,1.0342064083106427e6,0.0,135.76486212094713,135.76486212094713,13.131040407363955
mode_a_muB0p0_alpha1p2_xim0p47_supplement,ssbar_to_ssbar,-0.47,0.5,8.167290405286657,,,-0.0015100905470497193,-0.000691177412994276,,362568.47731510387,0.0,50.34983312604341,50.34983312604341,5.119272439455783
mode_a_muB0p0_alpha1p2_xim0p47_supplement,ssbar_to_ssbar,-0.47,1.0,8.667290405286657,,,-0.0024819375726355805,-0.0008254207786954268,,146170.33197374287,0.0,22.41201935285327,22.41201935285327,2.476257736185627
mode_a_muB0p0_alpha1p2_xim0p47_supplement,ssbar_to_ssbar,-0.47,2.0,9.667290405286657,,,-0.0044586987886939865,-0.0008438343410805441,,48562.42761991662,0.0,9.180596869126044,9.180596869126044,1.208527972752872
mode_a_muB0p0_alpha1p2_xim0p47_supplement,ssbar_to_ssbar,-0.46,0.0001,7.784738570657295,,,-8.227180847453198e-5,7.542367949437486e-5,,8.027368898028956e7,0.0,10289.535738426508,10289.535738426508,978.2845255338656
mode_a_muB0p0_alpha1p2_xim0p47_supplement,ssbar_to_ssbar,-0.46,0.0005,7.785138570657295,,,-0.00010398316552281148,6.019946515014945e-5,,6.92689903418091e7,0.0,8879.591802945866,8879.591802945866,844.2904190912645
mode_a_muB0p0_alpha1p2_xim0p47_supplement,ssbar_to_ssbar,-0.46,0.001,7.785638570657295,,,-0.0001203210703041856,4.88839090668628e-5,,5.928808108460501e7,0.0,7600.830084550744,7600.830084550744,722.7641556985762
mode_a_muB0p0_alpha1p2_xim0p47_supplement,ssbar_to_ssbar,-0.46,0.005,7.789638570657295,,,-0.00018997849670360104,1.996963846610366e-6,,2.7704041106474858e7,0.0,3554.289353023305,3554.289353023305,338.20621945607553
mode_a_muB0p0_alpha1p2_xim0p47_supplement,ssbar_to_ssbar,-0.46,0.01,7.794638570657295,,,-0.00024300029576246015,-3.2220315976914026e-5,,1.6642453975801967e7,0.0,2137.0880334747512,2137.0880334747512,203.52481880268434
mode_a_muB0p0_alpha1p2_xim0p47_supplement,ssbar_to_ssbar,-0.46,0.02,7.8046385706572945,,,-0.0003193478499769304,-7.9274935778164e-5,,9.236376587177582e6,0.0,1188.2248742498587,1188.2248742498587,113.35100327681569
mode_a_muB0p0_alpha1p2_xim0p47_supplement,ssbar_to_ssbar,-0.46,0.05,7.834638570657295,,,-0.00047630274418908466,-0.00016800688368722263,,3.920175549434944e6,0.0,507.0931471881833,507.0931471881833,48.61909382533709
mode_a_muB0p0_alpha1p2_xim0p47_supplement,ssbar_to_ssbar,-0.46,0.1,7.884638570657295,,,-0.0006635700499004582,-0.00026058879957663924,,1.967606376990477e6,0.0,256.8776310369396,256.8776310369396,24.836560854106363
mode_a_muB0p0_alpha1p2_xim0p47_supplement,ssbar_to_ssbar,-0.46,0.2,7.984638570657295,,,-0.0009514564227016167,-0.0003778589518208344,,954155.9443566273,0.0,126.91956612729834,126.91956612729834,12.478440020436686
mode_a_muB0p0_alpha1p2_xim0p47_supplement,ssbar_to_ssbar,-0.46,0.5,8.284638570657295,,,-0.0016268985619234716,-0.0005606423922148327,,337710.18991925387,0.0,47.599206082550175,47.599206082550175,4.919103853221519
mode_a_muB0p0_alpha1p2_xim0p47_supplement,ssbar_to_ssbar,-0.46,1.0,8.784638570657295,,,-0.0026153436664290075,-0.0006789969579007338,,136966.42505801478,0.0,21.36086186888946,21.36086186888946,2.398545154548444
mode_a_muB0p0_alpha1p2_xim0p47_supplement,ssbar_to_ssbar,-0.46,2.0,9.784638570657295,,,-0.004622785369120054,-0.0006691322341492126,,45833.962084960614,0.0,8.835147474040438,8.835147474040438,1.1820392965127817
