T_MeV,mu_MeV,rho,xi,phi_u,phi_d,phi_s,Phi1,Phi2,mu_u_MeV,mu_d_MeV,mu_s_MeV
50.0,44.13627248563929,0.0,0.0,-1.8432945728205818,-1.8432945728205832,-2.2270091561170275,7.645817738249521e-6,4.180420500440944e-5,44.13627248563928,44.13627248563928,44.13627248563928
50.0,349.8860247645245,0.05,0.0,-1.817856113308361,-1.8178561133083606,-2.2234321409347113,0.006141959466819636,0.022142251855363795,349.8860247645245,349.8860247645245,349.8860247645245
50.0,359.3427183447382,0.1,0.0,-1.7922020579946862,-1.7922020579946827,-2.2198427327436834,0.009641743910499857,0.027742688985495437,359.3427183447383,359.3427183447383,359.3427183447383
50.0,364.00498305048694,0.15,0.0,-1.766323039094759,-1.7663230390947597,-2.216241006464985,0.012493970121277849,0.0315814077571634,364.0049830504869,364.0049830504869,364.0049830504869
50.0,366.70483266900436,0.2,0.0,-1.7402092295116907,-1.740209229511691,-2.2126270629622584,0.014966934242266455,0.0345673518363544,366.7048326690043,366.7048326690043,366.7048326690043
50.0,368.3300782879824,0.25,0.0,-1.71385031427997,-1.7138503142799668,-2.2090010328668876,0.0171739177581766,0.037030580215397096,368.3300782879824,368.3300782879824,368.3300782879824
50.0,369.27644055328375,0.3,0.0,-1.6872354603300859,-1.6872354603300874,-2.2053630809329463,0.019176861210782242,0.039133457411751164,369.27644055328375,369.27644055328375,369.27644055328375
50.0,369.89294931443123,0.4,0.0,-1.6331918181236222,-1.6331918181236222,-2.198052271343332,0.02271367257161611,0.0425982785188227,369.89294931443123,369.89294931443123,369.89294931443123
50.0,369.4463497897311,0.5,0.0,-1.5779800025390247,-1.577980002539027,-2.190696838769808,0.02576832440197508,0.04538456600293334,369.4463497897311,369.4463497897311,369.4463497897311
50.0,365.88474855126105,0.75,0.0,-1.434096192212101,-1.4340961922121014,-2.172136791928662,0.03190913566234994,0.05055144007280553,365.88474855126105,365.88474855126105,365.88474855126105
50.0,360.6076727402133,1.0,0.0,-1.2801542254420297,-1.280154225442025,-2.1534127135902996,0.03653825397860925,0.054168920110757676,360.6076727402133,360.6076727402133,360.6076727402133
50.0,354.7365782975665,1.25,0.0,-1.1135982358496195,-1.1135982358496166,-2.134722448120025,0.04011861124782111,0.056875057698495664,354.7365782975665,354.7365782975665,354.7365782975665
50.0,349.1282550545872,1.5,0.0,-0.9317645497691535,-0.9317645497691528,-2.116495992355811,0.04297834619363659,0.05905607381800501,349.1282550545872,349.1282550545872,349.1282550545872
50.0,344.94592657452193,1.75,0.0,-0.7345569962106124,-0.73455699621061,-2.099685067765398,0.045447800855113865,0.06106867756383648,344.9459265745219,344.9459265745219,344.9459265745219
50.0,344.15160983028426,2.0,0.0,-0.5347394049043181,-0.5347394049043157,-2.0861606584484367,0.04796441945231628,0.06340654174527482,344.1516098302842,344.1516098302842,344.1516098302842
50.0,348.45832909276606,2.25,0.0,-0.36885242234158494,-0.36885242234158666,-2.0777673550819817,0.05100025505672141,0.06655401998526009,348.4583290927661,348.4583290927661,348.4583290927661
50.0,356.6427607226955,2.5,0.0,-0.26014984168477423,-0.26014984168477334,-2.0735403621906867,0.05452604623688263,0.07039383001417285,356.6427607226955,356.6427607226955,356.6427607226955
50.0,366.3311507609073,2.75,0.0,-0.19421486220562229,-0.1942148622056213,-2.0711874190337216,0.05829266668619186,0.07459804145010607,366.3311507609073,366.3311507609073,366.3311507609073
50.0,376.2355201654959,3.0,0.0,-0.15241918122677783,-0.15241918122677733,-2.0694158361935884,0.062171075317728065,0.07894758980508947,376.2355201654959,376.2355201654959,376.2355201654959
60.0,37.48377582522048,0.0,0.0,-1.8432944190511418,-1.8432944190511409,-2.2270091266425456,4.837527088443492e-5,0.0001589630235447213,37.48377582522048,37.48377582522048,37.48377582522048
60.0,339.232749241807,0.05,0.0,-1.8183986190511991,-1.8183986190512,-2.2234410941541762,0.007487660618666962,0.028518201250055414,339.232749241807,339.232749241807,339.232749241807
60.0,350.89589220195285,0.1,0.0,-1.7932775614647263,-1.7932775614647287,-2.2198603604897227,0.011772582344764014,0.03576020218695134,350.89589220195285,350.89589220195285,350.89589220195285
60.0,356.8088590845595,0.15,0.0,-1.767922775224787,-1.7679227752247866,-2.216267044577793,0.01527894717998734,0.040739840221007614,356.8088590845595,356.8088590845595,356.8088590845595
60.0,360.3699163443443,0.2,0.0,-1.742325344487529,-1.7423253444875282,-2.2126612894183526,0.018331486900541507,0.044624786454920164,360.3699163443443,360.3699163443443,360.3699163443443
60.0,362.644272885713,0.25,0.0,-1.7164758739425128,-1.7164758739425168,-2.209043264388586,0.021066861787238562,0.047838655689588394,362.644272885713,362.644272885713,362.644272885713
60.0,364.1066142812926,0.3,0.0,-1.6903644589825044,-1.6903644589825035,-2.2054131689958125,0.023559531771741568,0.05058965345382675,364.10661428129254,364.10661428129254,364.10661428129254
60.0,365.50697795924515,0.4,0.0,-1.637313439588795,-1.6373134395887952,-2.1981177421166054,0.027987934315943742,0.0551387775424195,365.50697795924515,365.50697795924515,365.50697795924515
60.0,365.63963778237013,0.5,0.0,-1.5830816207039113,-1.5830816207039111,-2.190777386453691,0.031844205712445874,0.05881339471253189,365.63963778237013,365.63963778237013,365.63963778237013
60.0,363.05782997086,0.75,0.0,-1.4416445939517035,-1.4416445939517037,-2.1722537525633365,0.039704759905882195,0.0656697738210135,363.05782997086,363.05782997086,363.05782997086
60.0,358.4092399582917,1.0,0.0,-1.2902495344743592,-1.2902495344743616,-2.1535604094370417,0.04574856246573269,0.07050159027172315,358.4092399582918,358.4092399582918,358.4092399582918
60.0,352.9666973744954,1.25,0.0,-1.1264727391443656,-1.1264727391443674,-2.134879856301769,0.05050584355614285,0.07412482640151344,352.9666973744954,352.9666973744954,352.9666973744954
60.0,347.61697390120486,1.5,0.0,-0.9477115354508322,-0.9477115354508335,-2.116600918198704,0.05434949416458798,0.07702718888926405,347.61697390120486,347.61697390120486,347.61697390120486
60.0,343.47881387579497,1.75,0.0,-0.7534610318115066,-0.7534610318115067,-2.0995753098355796,0.05765956158649288,0.07965741111868782,343.47881387579497,343.47881387579497,343.47881387579497
60.0,342.3878786132339,2.0,0.0,-0.5544152205112437,-0.55441522051124,-2.085502458451724,0.06096226667329497,0.08261521060366368,342.38787861323397,342.38787861323397,342.38787861323397
60.0,346.17624715894453,2.25,0.0,-0.38461113656396606,-0.38461113656396545,-2.0762345997878406,0.06485387880695859,0.08653831660480119,346.17624715894453,346.17624715894453,346.17624715894453
60.0,353.98951934906535,2.5,0.0,-0.27075845834225787,-0.27075845834225903,-2.0710926886373953,0.06942357267936011,0.09141106400101214,353.98951934906535,353.98951934906535,353.98951934906535
60.0,363.44854907620885,2.75,0.0,-0.20138635453892045,-0.20138635453892,-2.0677958646731587,0.07434822699383677,0.0967586793594093,363.44854907620885,363.44854907620885,363.44854907620885
60.0,373.20636155710173,3.0,0.0,-0.15757747296454383,-0.1575774729645427,-2.0649364943011617,0.07941297818447134,0.10228165017897554,373.20636155710173,373.20636155710173,373.20636155710173
70.0,290.8350365502355,0.01,0.0,-1.8384610175887868,-1.8384610175887868,-2.2262888001762127,0.003145063984165686,0.02084824852859506,290.8350365502355,290.8350365502355,290.8350365502355
70.0,330.4093265969174,0.06,0.0,-1.8141672000646614,-1.8141672000646647,-2.2226823730025647,0.010282971870554533,0.03773753714907091,330.4093265969174,330.4093265969174,330.4093265969174
70.0,342.32283430547176,0.11,0.0,-1.7896433588365088,-1.7896433588365068,-2.2190651548401936,0.015270246764885108,0.04600651685678613,342.32283430547176,342.32283430547176,342.32283430547176
70.0,348.8400503413507,0.16,0.0,-1.7648815047098796,-1.7648815047098794,-2.215437219463237,0.019434748390377423,0.051920571662198475,348.8400503413508,348.8400503413508,348.8400503413508
70.0,352.96385519950013,0.21,0.0,-1.7398732243670896,-1.73987322436709,-2.211798663252007,0.02309676675112414,0.05661913486193155,352.96385519950013,352.96385519950013,352.96385519950013
70.0,355.7305665403763,0.26,0.0,-1.7146096535266966,-1.7146096535266984,-2.208149608099372,0.026400536579782984,0.060550659058274905,355.7305665403763,355.7305665403763,355.7305665403763
70.0,357.9220677138239,0.32,0.0,-1.6839431935864864,-1.683943193586485,-2.2037570977716587,0.03000409711893565,0.06457105393228946,357.9220677138239,357.9220677138239,357.9220677138239
70.0,359.86261424348146,0.42,0.0,-1.6319385259270205,-1.6319385259270214,-2.196404049837905,0.03534097547961017,0.07011008737580303,359.86261424348146,359.86261424348146,359.86261424348146
70.0,360.46753119201713,0.55,0.0,-1.5625346793600026,-1.5625346793600043,-2.1867879994653183,0.041336522611006156,0.07585947183131449,360.46753119201713,360.46753119201713,360.46753119201713
70.0,358.43503073235644,0.8,0.0,-1.4225773054840032,-1.422577305484004,-2.1681397365355233,0.05073199743221155,0.08409256421858562,358.43503073235644,358.43503073235644,358.43503073235644
70.0,354.31960684913753,1.05,0.0,-1.2724529726134042,-1.2724529726134075,-2.149364619895129,0.05810883919667843,0.09004416111734122,354.31960684913753,354.31960684913753,354.31960684913753
70.0,349.3689909967595,1.3,0.0,-1.1097990365893484,-1.1097990365893498,-2.1306441616507032,0.06402388554122666,0.09458624229643958,349.3689909967595,349.3689909967595,349.3689909967595
70.0,344.48563937381846,1.55,0.0,-0.9321756468398499,-0.9321756468398493,-2.1123657411476207,0.06888917524096995,0.09827367588564864,344.48563937381846,344.48563937381846,344.48563937381846
70.0,340.8115922076156,1.8,0.0,-0.7395703320919729,-0.7395703320919731,-2.0953703323219433,0.07315133878035121,0.10164715704604313,340.8115922076156,340.8115922076156,340.8115922076156
70.0,340.1674941784314,2.05,0.0,-0.5437797548072784,-0.5437797548072782,-2.081279691928754,0.07745342060585372,0.1054409670103502,340.1674941784314,340.1674941784314,340.1674941784314
70.0,344.22392746257606,2.3,0.0,-0.37880262047846336,-0.37880262047846286,-2.071678932215444,0.08250138255497402,0.1103963330428404,344.22392746257606,344.22392746257606,344.22392746257606
70.0,352.01921636319184,2.55,0.0,-0.26859787718826783,-0.2685978771882672,-2.0656855503151297,0.08837205340603707,0.11645283799661546,352.01921636319184,352.01921636319184,352.01921636319184
70.0,361.3026452528804,2.8,0.0,-0.20103118511904855,-0.2010311851190479,-2.0611088608394703,0.09466827125732066,0.12303647357068681,361.3026452528804,361.3026452528804,361.3026452528804
80.0,-1.1705753505119001e-6,0.0,0.0,-1.8432833871500247,-1.8432833871500247,-2.227006463872859,0.0008577125899752687,0.0008577125652477846,-1.1705753505119001e-6,-1.1705753505119001e-6,-1.1705753505119001e-6
80.0,311.7049812196621,0.05,0.0,-1.8198104106210835,-1.8198104106210848,-2.223302857986934,0.011122727992368017,0.04305258156013449,311.7049812196621,311.7049812196621,311.7049812196621
80.0,327.9881830492424,0.1,0.0,-1.796110580767279,-1.7961105807672801,-2.219592278606101,0.01750659237598925,0.05408525428873573,327.9881830492424,327.9881830492424,327.9881830492424
80.0,336.6032877232814,0.15,0.0,-1.7721768536030438,-1.7721768536030444,-2.2158747696713865,0.022756181235879556,0.06172821786254422,336.6032877232814,336.6032877232814,336.6032877232814
80.0,342.081201601263,0.2,0.0,-1.7480014442235252,-1.7480014442235259,-2.212150337167695,0.027348417078642502,0.0677344858083701,342.08120160126293,342.08120160126293,342.08120160126293
80.0,345.8420690590745,0.25,0.0,-1.7235761636595248,-1.7235761636595257,-2.2084190086767603,0.031483527655145775,0.07273874109953271,345.84206905907456,345.84206905907456,345.84206905907456
80.0,348.51864941721055,0.3,0.0,-1.6988923935224332,-1.698892393522432,-2.2046808361131727,0.03527027901434562,0.07705229580890746,348.51864941721055,348.51864941721055,348.51864941721055
80.0,351.8338475941016,0.4,0.0,-1.648712601485091,-1.6487126014850908,-2.19718430713768,0.042047722797959146,0.08425724230362967,351.8338475941016,351.8338475941016,351.8338475941016
80.0,353.44988959185065,0.5,0.0,-1.5973834776771774,-1.5973834776771767,-2.18966178136012,0.04801034303523755,0.09015483819209391,353.4498895918506,353.4498895918506,353.4498895918506
80.0,353.54996865353013,0.75,0.0,-1.4634350406676067,-1.4634350406676073,-2.170754771661286,0.060387345342689365,0.1013927645863017,353.5499686535301,353.5499686535301,353.5499686535301
80.0,350.7646876004507,1.0,0.0,-1.3200796628904892,-1.3200796628904912,-2.1517521623983584,0.07017220057647579,0.10953689665250209,350.76468760045066,350.76468760045066,350.76468760045066
80.0,346.6770085303874,1.25,0.0,-1.1652167089635534,-1.1652167089635521,-2.1327755420672174,0.07808926721340456,0.11576846276660901,346.6770085303874,346.6770085303874,346.6770085303874
80.0,342.230573833597,1.5,0.0,-0.9964610858296848,-0.996461085829685,-2.114087202408931,0.08462401384947385,0.12076744996918475,342.230573833597,342.230573833597,342.230573833597
80.0,338.39669946338404,1.75,0.0,-0.8124797157318352,-0.8124797157318338,-2.0962549384018216,0.09024380985676021,0.1251135482606248,338.39669946338404,338.39669946338404,338.39669946338404
80.0,336.64656333001744,2.0,0.0,-0.6187982217316669,-0.618798221731669,-2.080442583140695,0.09558731304623087,0.12953916650857214,336.64656333001744,336.64656333001744,336.64656333001744
80.0,338.86454159858124,2.25,0.0,-0.44027778675097085,-0.4402777867509725,-2.06826028344935,0.10151945606932843,0.13497376937780067,338.86454159858124,338.86454159858124,338.86454159858124
80.0,345.28142458026997,2.5,0.0,-0.30981402530758057,-0.3098140253075809,-2.0598167625185972,0.10849384480413204,0.14178875772895214,345.28142458026997,345.28142458026997,345.28142458026997
80.0,353.90379549514523,2.75,0.0,-0.2279397660302466,-0.22793976603024504,-2.053167815976127,0.11615566621607813,0.14943616288604694,353.90379549514523,353.90379549514523,353.90379549514523
80.0,363.1194186394825,3.0,0.0,-0.1766112520442395,-0.17661125204424,-2.0466767503394965,0.12408808954349461,0.15737677023410399,363.1194186394825,363.1194186394825,363.1194186394825
90.0,-8.006684743494572e-9,0.0,0.0,-1.8432437904742849,-1.8432437904742849,-2.226995568483916,0.0019113314404765197,0.0019113314401460566,-8.006684743494572e-9,-8.006684743494572e-9,-8.006684743494572e-9
90.0,294.1495527335639,0.05,0.0,-1.8206884986261342,-1.8206884986261342,-2.22311795078294,0.013559918697101981,0.05081717683837085,294.1495527335639,294.1495527335639,294.1495527335639
90.0,312.8237249529942,0.1,0.0,-1.7979114114477912,-1.7979114114477897,-2.2192381421089635,0.02131961285532554,0.06391733456630444,312.8237249529942,312.8237249529942,312.8237249529942
90.0,322.870128893564,0.15,0.0,-1.7749079790570945,-1.7749079790570954,-2.215356465725896,0.02771641980189736,0.07303714984492753,322.870128893564,322.870128893564,322.870128893564
90.0,329.3859575975146,0.2,0.0,-1.751671007117306,-1.7516710071173056,-2.2114728601863667,0.03332438448485599,0.08023837345861459,329.3859575975146,329.3859575975146,329.3859575975146
90.0,333.9687911228586,0.25,0.0,-1.728192944014772,-1.728192944014772,-2.207587279878948,0.03838471384065135,0.08626651167834631,333.9687911228586,333.9687911228586,333.9687911228586
90.0,337.3303947128341,0.3,0.0,-1.7044658589134571,-1.7044658589134554,-2.203699697247304,0.043028392389615366,0.09148676495069577,337.3303947128341,337.3303947128341,337.3303947128341
90.0,341.75627811225667,0.4,0.0,-1.656230862692988,-1.6562308626929878,-2.1959185203458262,0.0513653986434332,0.10026486845997591,341.7562781122566,341.7562781122566,341.7562781122566
90.0,344.2637027530236,0.5,0.0,-1.6068940741243796,-1.6068940741243805,-2.188129573317349,0.05873148375825116,0.10751479861535215,344.2637027530236,344.2637027530236,344.2637027530236
90.0,346.06186125736167,0.75,0.0,-1.478187919764986,-1.4781879197649916,-2.1686295966667988,0.07413865651563561,0.12153286486139238,346.06186125736167,346.06186125736167,346.06186125736167
90.0,344.53808371867916,1.0,0.0,-1.34057795760217,-1.3405779576021708,-2.1491202150239395,0.08646411304963961,0.1319019382871717,344.5380837186791,344.5380837186791,344.5380837186791
90.0,341.42585777648924,1.25,0.0,-1.1921651042952435,-1.1921651042952466,-2.1296852421429384,0.09655839764837443,0.13997478420617676,341.42585777648924,341.42585777648924,341.42585777648924
90.0,337.68997527901365,1.5,0.0,-1.030739625462313,-1.0307396254623125,-2.11051234789663,0.10497317194897,0.14650836275832002,337.68997527901365,337.68997527901365,337.68997527901365
90.0,334.21235793262144,1.75,0.0,-0.854670492395106,-0.8546704923951076,-2.092008959935022,0.11220837881289472,0.15211172213716248,334.21235793262144,334.21235793262144,334.21235793262144
90.0,332.2267981431141,2.0,0.0,-0.6669255075893833,-0.666925507589385,-2.0750185534436465,0.11890934053586816,0.15751011937175777,332.2267981431141,332.2267981431141,332.2267981431141
90.0,333.4688941695157,2.25,0.0,-0.4856955507152388,-0.4856955507152389,-2.060853685130624,0.1259999030491652,0.163683964901263,333.4688941695157,333.4688941695157,333.4688941695157
90.0,338.769042000375,2.5,0.0,-0.3437172727229282,-0.34371727272292757,-2.049999313129494,0.13419460242571074,0.17129790760614685,338.769042000375,338.769042000375,338.769042000375
90.0,346.6688572785576,2.75,0.0,-0.2511992086601968,-0.2511992086601962,-2.040955685509682,0.1432765634537787,0.17996569613757546,346.66885727855754,346.66885727855754,346.66885727855754
90.0,355.44559200350415,3.0,0.0,-0.1930885174503678,-0.1930885174503676,-2.032035782616649,0.1527188882983274,0.18903173654841318,355.44559200350415,355.44559200350415,355.44559200350415
100.0,-1.7947907543787194e-8,0.0,0.0,-1.8431128704256992,-1.8431128704256998,-2.2269557692325797,0.0037915980773426607,0.00379159807604858,-1.7947907543787194e-8,-1.7947907543787194e-8,-1.7947907543787194e-8
100.0,273.46220001606827,0.05,0.0,-1.8216117416661852,-1.8216117416661846,-2.2228307551805315,0.016512111766227376,0.05853940417944986,273.46220001606827,273.46220001606827,273.46220001606827
100.0,294.56686174229276,0.1,0.0,-1.7998924407518209,-1.7998924407518213,-2.2187068985893377,0.025863815433302163,0.07373939195845891,294.56686174229276,294.56686174229276,294.56686174229276
100.0,306.0845800541149,0.15,0.0,-1.777959743313486,-1.7779597433134857,-2.214586247953639,0.03359984565455615,0.08438355646521255,306.0845800541149,306.0845800541149,306.0845800541149
100.0,313.67879940102523,0.2,0.0,-1.75580711012502,-1.7558071101250194,-2.2104687325152574,0.04039984612079805,0.09283654645233011,313.67879940102523,313.67879940102523,313.67879940102523
100.0,319.12450134507367,0.25,0.0,-1.7334276958790613,-1.7334276958790589,-2.206354290002461,0.046550540345236265,0.099952071007796,319.12450134507367,319.12450134507367,319.12450134507367
100.0,323.2124231536855,0.3,0.0,-1.7108143314032958,-1.7108143314032933,-2.2022428683854924,0.05220779111859745,0.10614768767698533,323.2124231536855,323.2124231536855,323.2124231536855
100.0,328.83262512891764,0.4,0.0,-1.6648553393657328,-1.6648553393657346,-2.194028942385244,0.06239842522064442,0.11664795682277347,328.83262512891764,328.83262512891764,328.83262512891764
100.0,332.3162348562347,0.5,0.0,-1.6178655466205856,-1.617865546620585,-2.1858268199907327,0.07144265706099075,0.12541068670477587,332.3162348562347,332.3162348562347,332.3162348562347
100.0,336.02787544325986,0.75,0.0,-1.4953966126922835,-1.4953966126922824,-2.16537534956022,0.09050762252152401,0.1426407616913346,336.02787544325986,336.02787544325986,336.02787544325986
100.0,335.98269568878817,1.0,0.0,-1.3646957120893173,-1.364695712089317,-2.1450168720852507,0.10594078787363263,0.15568835355031624,335.98269568878817,335.98269568878817,335.98269568878817
100.0,334.06114629798685,1.25,0.0,-1.2240907142183315,-1.2240907142183328,-2.1248026579133374,0.1187329320089081,0.16605872400057564,334.06114629798685,334.06114629798685,334.06114629798685
100.0,331.24710160861554,1.5,0.0,-1.0715975430026867,-1.071597543002685,-2.104853131071824,0.12950495912119483,0.17456825708667656,331.24710160861554,331.24710160861554,331.24710160861554
100.0,328.33520497860513,1.75,0.0,-0.9054435195423027,-0.9054435195423022,-2.0854314106846448,0.13877936026665655,0.18183089350282927,328.33520497860513,328.33520497860513,328.33520497860513
100.0,326.31680522415877,2.0,0.0,-0.7265302835700792,-0.7265302835700788,-2.0670847705415145,0.14717003834502895,0.1885162016842038,326.31680522415877,326.31680522415877,326.31680522415877
100.0,326.6455207978213,2.25,0.0,-0.5460952300220909,-0.5460952300220915,-2.0507518780446596,0.15555906914722192,0.19554310179524964,326.6455207978213,326.6455207978213,326.6455207978213
100.0,330.5690087659657,2.5,0.0,-0.3922334691593737,-0.3922334691593751,-2.0371175673094903,0.1648694571545376,0.20381081960386546,330.5690087659657,330.5690087659657,330.5690087659657
100.0,337.4549769152923,2.75,0.0,-0.28519408590574735,-0.28519408590574774,-2.025307646279149,0.17520387835064696,0.2132985926270361,337.4549769152923,337.4549769152923,337.4549769152923
100.0,345.6370576497525,3.0,0.0,-0.216948868091053,-0.21694886809105268,-2.013722492349035,0.18601034586969703,0.22333267880104965,345.6370576497525,345.6370576497525,345.6370576497525
110.0,-2.856834496786763e-9,0.0,0.0,-1.8427478165957065,-1.8427478165957065,-2.22683473533003,0.006923103718656324,0.006923103718325673,-2.856834496786763e-9,-2.856834496786763e-9,-2.856834496786763e-9
110.0,249.13053910791805,0.05,0.0,-1.8224147463303642,-1.8224147463303646,-2.222407656586921,0.020118448483588174,0.06592405946652939,249.13053910791805,249.13053910791805,249.13053910791805
110.0,272.68877012926856,0.1,0.0,-1.8018490549800479,-1.8018490549800485,-2.21797806235648,0.031229957214484277,0.08318928658524856,272.68877012926856,272.68877012926856,272.68877012926856
110.0,285.702101463108,0.15,0.0,-1.7810882298926227,-1.7810882298926247,-2.2135553753492507,0.04047191980156475,0.09536454413364011,285.702101463108,285.702101463108,285.702101463108
110.0,294.4001680867129,0.2,0.0,-1.760126431321867,-1.7601264313218656,-2.209139586798176,0.04862451573981654,0.10509828504694994,294.4001680867129,294.4001680867129,294.4001680867129
110.0,300.7353090383969,0.25,0.0,-1.7389575586991768,-1.7389575586991766,-2.2047306875613746,0.05602046060701153,0.1133448949135621,300.7353090383969,300.7353090383969,300.7353090383969
110.0,305.57719142839295,0.3,0.0,-1.7175752439113714,-1.7175752439113705,-2.200328670898486,0.06284132002500943,0.12057028700598883,305.57719142839295,305.57719142839295,305.57719142839295
110.0,312.45004625431915,0.4,0.0,-1.6741433913709092,-1.6741433913709098,-2.191545279175664,0.07517367398261023,0.13292455446739287,312.45004625431915,312.45004625431915,312.45004625431915
110.0,316.97197085975307,0.5,0.0,-1.6297740053909242,-1.6297740053909238,-2.182789462372413,0.08617103890935672,0.1433534785018982,316.97197085975307,316.97197085975307,316.97197085975307
110.0,322.7670110299175,0.75,0.0,-1.5143260693411942,-1.5143260693411948,-2.1610223499146506,0.10953647218804834,0.16423447302808178,322.7670110299175,322.7670110299175,322.7670110299175
110.0,324.3879069708181,1.0,0.0,-1.3914679249275135,-1.3914679249275166,-2.1394399795388552,0.12866845019214057,0.18044013707410111,324.3879069708181,324.3879069708181,324.3879069708181
110.0,323.85959493189466,1.25,0.0,-1.259767781796742,-1.2597677817967414,-2.1180726886503405,0.14470648982732973,0.19360201140677713,323.85959493189466,323.85959493189466,323.85959493189466
110.0,322.18705953145246,1.5,0.0,-1.1175061172577267,-1.1175061172577239,-2.09699162921581,0.1583440553163185,0.20457977442512673,322.18705953145246,322.18705953145246,322.18705953145246
110.0,320.0912680423909,1.75,0.0,-0.9629416205271452,-0.9629416205271468,-2.0763511255474527,0.17012238444535538,0.21397735964516063,320.0912680423909,320.0912680423909,320.0912680423909
110.0,318.3499389199241,2.0,0.0,-0.7956350341040884,-0.7956350341040872,-2.056470196734881,0.18060314080278694,0.22238335314189794,318.3499389199241,318.3499389199241,318.3499389199241
110.0,318.0686526829611,2.25,0.0,-0.6210438343093349,-0.6210438343093331,-2.0379321008506404,0.1905384869668052,0.23056296700004114,318.0686526829611,318.0686526829611,318.0686526829611
110.0,320.56505851219504,2.5,0.0,-0.4586656587016798,-0.4586656587016784,-2.0213829692549927,0.20087794078067156,0.23945279522653576,320.56505851219504,320.56505851219504,320.56505851219504
110.0,326.1203520870523,2.75,0.0,-0.33411885927061724,-0.3341188592706165,-2.0065808706433863,0.2121336316128687,0.24949008280209806,326.1203520870523,326.1203520870523,326.1203520870523
110.0,333.4982995629066,3.0,0.0,-0.25126054297266076,-0.2512605429726616,-1.992247365408097,0.2239543881358848,0.26022078847600116,333.4982995629066,333.4982995629066,333.4982995629066
120.0,1.7609099082561215e-8,0.0,0.0,-1.8418459519279113,-1.841845951927911,-2.226512352911565,0.01192413735657621,0.01192413735963649,1.7609099082561215e-8,1.7609099082561215e-8,1.7609099082561215e-8
120.0,220.64189513371252,0.05,0.0,-1.8227783747533381,-1.8227783747533386,-2.2217678536439642,0.024699904612584693,0.07275708782781803,220.64189513371252,220.64189513371252,220.64189513371252
120.0,246.65278526826077,0.1,0.0,-1.803396570887076,-1.8033965708870772,-2.2169949235670177,0.037644086419176014,0.09200336597186208,246.65278526826077,246.65278526826077,246.65278526826077
120.0,261.16326154369153,0.15,0.0,-1.7838419070831484,-1.7838419070831482,-2.2122302778099647,0.048508781029998005,0.10568912602848757,261.16326154369153,261.16326154369153,261.16326154369153
120.0,270.96883491119644,0.2,0.0,-1.7641093315448335,-1.7641093315448333,-2.207474054089973,0.0581419159118257,0.11671590542800525,270.96883491119644,270.96883491119644,270.96883491119644
120.0,278.19911792427246,0.25,0.0,-1.744193476958742,-1.7441934769587404,-2.2027263583826926,0.06691458284491579,0.12612701333453283,278.19911792427246,278.19911792427246,278.19911792427246
120.0,283.80264549985674,0.3,0.0,-1.7240887448622304,-1.7240887448622289,-2.197987289023849,0.07503130219206809,0.13443055999780273,283.80264549985674,283.80264549985674,283.80264549985674
120.0,291.9492316339812,0.4,0.0,-1.6832891031642967,-1.6832891031642958,-2.1885354056999726,0.08976770995433614,0.1487665404864955,291.9492316339812,291.9492316339812,291.9492316339812
120.0,297.5377691809998,0.5,0.0,-1.6416608798405465,-1.6416608798405474,-2.179119141682486,0.10297418949990801,0.16101677326865002,297.5377691809998,297.5377691809998,297.5377691809998
120.0,305.51551576849494,0.75,0.0,-1.5336013877716357,-1.5336013877716381,-2.1557392790430616,0.13124069081302137,0.18599738269196536,305.51551576849494,305.51551576849494,305.51551576849494
120.0,308.9376429576873,1.0,0.0,-1.419040030225567,-1.4190400302255661,-2.1326006347847954,0.1546084827479125,0.20584025435688313,308.9376429576873,308.9376429576873,308.9376429576873
120.0,309.97020307343536,1.25,0.0,-1.296776917947756,-1.296776917947756,-2.109725667150587,0.17436704329932348,0.22226992888245536,309.97020307343536,309.97020307343536,309.97020307343536
120.0,309.6430311078653,1.5,0.0,-1.1653676220336284,-1.165367622033629,-2.087157647271754,0.19129016374251798,0.23617795176763817,309.6430311078653,309.6430311078653,309.6430311078653
120.0,308.6236902726073,1.75,0.0,-1.023236442486,-1.0232364424859997,-2.0649838427628673,0.20594890998119317,0.24815908015207505,308.6236902726073,308.6236902726073,308.6236902726073
120.0,307.52837619540657,2.0,0.0,-0.869308401495626,-0.8693084014956242,-2.043378950253071,0.2188652336399398,0.2587302629117131,307.52837619540657,307.52837619540657,307.52837619540657
120.0,307.1477206742637,2.25,0.0,-0.7053487290330851,-0.705348729033086,-2.0226702685596383,0.23064452132895497,0.2684857527311923,307.1477206742637,307.1477206742637,307.1477206742637
120.0,308.5677285652703,2.5,0.0,-0.5418557420749476,-0.5418557420749471,-2.0033240058247888,0.24207645201193734,0.2782000862027067,308.5677285652703,308.5677285652703,308.5677285652703
120.0,312.64646412296474,2.75,0.0,-0.4012305012192117,-0.4012305012192103,-1.9854973061075751,0.25390229835720785,0.2885746755096963,312.64646412296474,312.64646412296474,312.64646412296474
120.0,318.974843044174,3.0,0.0,-0.29949252986212227,-0.2994925298621232,-1.9684471989350372,0.26620831541359713,0.2996197978622353,318.974843044174,318.974843044174,318.974843044174
130.0,3.4638117779406114e-9,0.0,0.0,-1.8397922941318927,-1.8397922941318936,-2.2257289555863924,0.019772111651385114,0.01977211165224011,3.4638117779406114e-9,3.4638117779406114e-9,3.4638117779406114e-9
130.0,187.49183816449985,0.05,0.0,-1.8221379199882133,-1.8221379199882122,-2.220721819938493,0.031004735034477027,0.07902953252006177,187.49183816449982,187.49183816449982,187.49183816449982
130.0,215.91760913156307,0.1,0.0,-1.8038892641925093,-1.8038892641925106,-2.2155934456538806,0.04569991747378626,0.10015678598045666,215.91760913156307,215.91760913156307,215.91760913156307
130.0,231.89469868585658,0.15,0.0,-1.7854902914035862,-1.7854902914035866,-2.2104718804959393,0.05823458036646833,0.11533700191494138,231.89469868585658,231.89469868585658,231.89469868585658
130.0,242.78142261399543,0.2,0.0,-1.7669378122232222,-1.7669378122232207,-2.205357796407968,0.06943710737817387,0.1276816317539897,242.78142261399543,242.78142261399543,242.78142261399543
130.0,250.8842579136718,0.25,0.0,-1.7482273016148537,-1.7482273016148526,-2.2002515277238235,0.07969397267268731,0.13830741056854545,250.88425791367177,250.88425791367177,250.88425791367177
130.0,257.2304645244369,0.3,0.0,-1.7293538670447346,-1.7293538670447346,-2.1951533477934655,0.08922326992925865,0.14775661147720145,257.2304645244369,257.2304645244369,257.2304645244369
130.0,266.62333593733564,0.4,0.0,-1.6910975127118775,-1.6910975127118768,-2.184982247383826,0.10660744719738861,0.16424285991541274,266.62333593733564,266.62333593733564,266.62333593733564
130.0,273.2643801899566,0.5,0.0,-1.652125281203689,-1.6521252812036866,-2.1748463737900225,0.12226550525132941,0.17850883081827917,273.2643801899566,273.2643801899566,273.2643801899566
130.0,283.4421889513606,0.75,0.0,-1.55124705730457,-1.5512470573045698,-2.1496720041043176,0.15597867674963853,0.2081047723953226,283.4421889513606,283.4421889513606,283.4421889513606
130.0,288.7467312289766,1.0,0.0,-1.444759156625474,-1.444759156625469,-2.1247534623127824,0.18400023184267997,0.23206196752278205,288.7467312289766,288.7467312289766,288.7467312289766
130.0,291.4739793709362,1.25,0.0,-1.3316588152272057,-1.3316588152272055,-2.100115794121228,0.20776278194403788,0.2521569553667429,291.4739793709362,291.4739793709362,291.4739793709362
130.0,292.67638963277676,1.5,0.0,-1.2107502647780628,-1.2107502647780626,-2.07579161145319,0.22814090423318054,0.2693118808572714,292.67638963277676,292.67638963277676,292.67638963277676
130.0,292.98448398756585,1.75,0.0,-1.080682277209355,-1.0806822772093547,-2.0518347436911233,0.24577098392554148,0.28413512100830457,292.98448398756585,292.98448398756585,292.98448398756585
130.0,292.9058440705611,2.0,0.0,-0.9402274470458405,-0.9402274470458399,-2.0283443544148656,0.26118561311689675,0.29711653073243854,292.9058440705611,292.9058440705611,292.9058440705611
130.0,293.00660698260646,2.25,0.0,-0.7893662902644769,-0.7893662902644789,-2.005503713356231,0.2749069786911846,0.30874061986040174,293.00660698260646,293.00660698260646,293.00660698260646
130.0,294.06268585767833,2.5,0.0,-0.632497658957483,-0.6324976589574829,-1.9836096905349554,0.28753731190923454,0.31958259685840246,294.06268585767833,294.06268585767833,294.06268585767833
130.0,296.9930652130142,2.75,0.0,-0.4837142073976671,-0.4837142073976693,-1.962937212117545,0.2997597321930891,0.3303012958047996,296.9930652130142,296.9930652130142,296.9930652130142
130.0,302.16118814026436,3.0,0.0,-0.3630298337045946,-0.3630298337045954,-1.9432657080281754,0.31202028689716843,0.3412970378798958,302.16118814026436,302.16118814026436,302.16118814026436
140.0,8.761965698240125e-7,0.0,0.0,-1.8353153365871206,-1.8353153365871206,-2.2239236862723146,0.03221756197236438,0.03221756226634279,8.761965698240124e-7,8.761965698240124e-7,8.761965698240124e-7
140.0,149.142635558868,0.05,0.0,-1.8194640006780338,-1.8194640006780336,-2.218849378479456,0.040741169822844155,0.08523984100209983,149.142635558868,149.142635558868,149.142635558868
140.0,179.85754154021467,0.1,0.0,-1.8022177439249176,-1.8022177439249176,-2.2133697122909073,0.05684439944453201,0.10814362328987638,179.85754154021467,179.85754154021467,179.85754154021467
140.0,197.21847530820818,0.15,0.0,-1.7848284224405604,-1.7848284224405602,-2.207888878977891,0.07100629531188929,0.12485378972027,197.21847530820816,197.21847530820816,197.21847530820816
140.0,209.1157999198298,0.2,0.0,-1.7673051642770783,-1.767305164277079,-2.2024116659423383,0.08383501484910932,0.13860649936846625,209.11579991982984,209.11579991982984,209.11579991982984
140.0,218.02917800480824,0.25,0.0,-1.7496462628334195,-1.749646262833419,-2.196939430490644,0.09567835780390445,0.15056752722712466,218.02917800480824,218.02917800480824,218.02917800480824
140.0,225.06372274546257,0.3,0.0,-1.7318480639424163,-1.7318480639424167,-2.191472951875883,0.10674543551413038,0.16130161027110584,225.06372274546257,225.06372274546257,225.06372274546257
140.0,235.6160277911866,0.4,0.0,-1.6958161127897549,-1.695816112789755,-2.180559618306943,0.127053573272674,0.1802459009484247,235.61602779118658,235.61602779118658,235.61602779118658
140.0,243.25047986781559,0.5,0.0,-1.6591710292494912,-1.6591710292494917,-2.16967580169383,0.14543614239398597,0.19684631343989678,243.25047986781559,243.25047986781559,243.25047986781559
140.0,255.58837527834888,0.75,0.0,-1.5645944980059674,-1.564594498005967,-2.142617820253123,0.18512612816470794,0.23177252370240256,255.58837527834888,255.58837527834888,255.58837527834888
140.0,262.8565120762659,1.0,0.0,-1.4651836818082946,-1.4651836818082942,-2.1158107793771266,0.21802470525476142,0.2603254057755342,262.8565120762659,262.8565120762659,262.8565120762659
140.0,267.4413810041974,1.25,0.0,-1.360081866630935,-1.3600818666309342,-2.089288332382114,0.24571867971008593,0.28430436526547803,267.4413810041974,267.4413810041974,267.4413810041974
140.0,270.3929744842122,1.5,0.0,-1.2482900897125382,-1.248290089712537,-2.0630802568127145,0.2692569725439843,0.30470671999536963,270.3929744842122,270.3929744842122,270.3929744842122
140.0,272.3035347997906,1.75,0.0,-1.1286731761911601,-1.1286731761911577,-2.0372243370837073,0.2894309015751793,0.32222853426242365,272.3035347997906,272.3035347997906,272.3035347997906
140.0,273.60679578669556,2.0,0.0,-1.0000831273542155,-1.0000831273542157,-2.011783693435626,0.3068773381617608,0.3374205154548655,273.60679578669556,273.60679578669556,273.60679578669556
140.0,274.73081305592467,2.25,0.0,-0.8618702235896845,-0.861870223589685,-1.986872820062098,0.32214344818103774,0.3507648440971288,274.73081305592467,274.73081305592467,274.73081305592467
140.0,276.21988874242186,2.5,0.0,-0.7154930674758576,-0.7154930674758592,-1.9626886839741058,0.33574927742430305,0.36273918967122804,276.21988874242186,276.21988874242186,276.21988874242186
140.0,278.80189785298074,2.75,0.0,-0.5681967294805119,-0.5681967294805124,-1.9394916234981534,0.34823930244507123,0.3738642296436322,278.80189785298074,278.80189785298074,278.80189785298074
140.0,283.13902575031256,3.0,0.0,-0.43570871847268405,-0.43570871847268466,-1.9173696712659705,0.36012393312946034,0.3846274792801925,283.13902575031256,283.13902575031256,283.13902575031256
150.0,-2.2175142211264053e-8,0.0,0.0,-1.8255006101253413,-1.8255006101253415,-2.219780257313493,0.05305363784528255,0.05305363783552013,-2.2175142211264053e-8,-2.2175142211264053e-8,-2.2175142211264053e-8
150.0,105.11680877811868,0.05,0.0,-1.8124729238445292,-1.8124729238445283,-2.2151385527339773,0.058086144844341846,0.0936852197305767,105.11680877811867,105.11680877811867,105.11680877811867
150.0,137.5405662561482,0.1,0.0,-1.7961006008239915,-1.7961006008239915,-2.2093373388950694,0.07471008760143136,0.1179834350332311,137.5405662561482,137.5405662561482,137.5405662561482
150.0,156.05798552350214,0.15,0.0,-1.7794694882459423,-1.7794694882459419,-2.2034825450195603,0.09031455329819078,0.13632342221943305,156.05798552350214,156.05798552350214,156.05798552350214
150.0,168.80518935600304,0.2,0.0,-1.7626893037625213,-1.7626893037625213,-2.1976158020952883,0.10481499563129623,0.15171713764089287,168.80518935600304,168.80518935600304,168.80518935600304
150.0,178.39967283097937,0.25,0.0,-1.7457797783166735,-1.7457797783166735,-2.1917466466354854,0.11839090343898598,0.16530238681052378,178.39967283097937,178.39967283097937,178.39967283097937
150.0,186.01607541252272,0.3,0.0,-1.7287450288795605,-1.7287450288795605,-2.185879097848346,0.13118785385149603,0.1776352381775254,186.01607541252272,186.01607541252272,186.01607541252272
150.0,197.57418275033055,0.4,0.0,-1.6942958030299613,-1.6942958030299609,-2.1741577591478127,0.154837037944988,0.19967623682037408,197.57418275033052,197.57418275033052,197.57418275033052
150.0,206.1202516026037,0.5,0.0,-1.6593195910156449,-1.6593195910156433,-2.162464806618801,0.1763134265896958,0.21920095382204732,206.1202516026037,206.1202516026037,206.1202516026037
150.0,220.6703237429605,0.75,0.0,-1.569341751227549,-1.5693417512275492,-2.133408727742691,0.2223977315781079,0.2604667159679348,220.67032374296053,220.67032374296053,220.67032374296053
150.0,230.1900844821274,1.0,0.0,-1.4752044542652243,-1.4752044542652232,-2.1046601343808113,0.25980898486555015,0.29385595349943905,230.19008448212736,230.19008448212736,230.19008448212736
150.0,237.015912674688,1.25,0.0,-1.3761402984008089,-1.3761402984008078,-2.076247840865389,0.2905185014423188,0.321352862084101,237.015912674688,237.015912674688,237.015912674688
150.0,242.11603054763052,1.5,0.0,-1.271275218548865,-1.2712752185488645,-2.0481812173393363,0.3160300943825624,0.34427993673383245,242.11603054763052,242.11603054763052,242.11603054763052
150.0,246.02203853208331,1.75,0.0,-1.1596336418185749,-1.1596336418185738,-2.020474352431167,0.33749507439246895,0.3636261577353333,246.02203853208331,246.02203853208331,246.02203853208331
150.0,249.11588773601864,2.0,0.0,-1.0402040939659514,-1.0402040939659527,-1.99316458660609,0.3557850211935795,0.3801471026664796,249.11588773601864,249.11588773601864,249.11588773601864
150.0,251.75412498496803,2.25,0.0,-0.9122223335194127,-0.9122223335194142,-1.9663331501859045,0.3715679108274703,0.3944345574403457,251.75412498496803,251.75412498496803,251.75412498496803
150.0,254.3558788597688,2.5,0.0,-0.7760691388344341,-0.7760691388344343,-1.9401318658164775,0.385379998253868,0.40697944573974515,254.3558788597688,254.3558788597688,254.3558788597688
150.0,257.47530626239586,2.75,0.0,-0.6355240981877968,-0.635524098187799,-1.9147952881888761,0.397689384886304,0.41822839690427077,257.47530626239586,257.47530626239586,257.47530626239586
150.0,261.74616640607803,3.0,0.0,-0.5009981730936025,-0.5009981730936025,-1.8905378174025933,0.40892922713261964,0.4286053762129105,261.74616640607803,261.74616640607803,261.74616640607803
160.0,1.3847473950272041e-7,0.0,0.0,-1.801531082853296,-1.8015310828532958,-2.2093144780250387,0.09382492531336638,0.0938249253911433,1.3847473950272041e-7,1.3847473950272041e-7,1.3847473950272041e-7
160.0,57.11662756812658,0.05,0.0,-1.7931126902316343,-1.793112690231635,-2.206029769532542,0.09612974758923351,0.11603369113118055,57.11662756812659,57.11662756812659,57.11662756812659
160.0,87.54005025233465,0.1,0.0,-1.7782432329510276,-1.7782432329510274,-2.200249071691764,0.11103041196337866,0.13897434105431214,87.54005025233465,87.54005025233465,87.54005025233465
160.0,106.17583210099734,0.15,0.0,-1.7621481845740052,-1.7621481845740037,-2.1940245446039763,0.12746044124811845,0.15861956718603284,106.17583210099734,106.17583210099734,106.17583210099734
160.0,119.26495206264993,0.2,0.0,-1.7456284914383642,-1.7456284914383637,-2.187674115461524,0.14362118668455034,0.17598525326802916,119.26495206264993,119.26495206264993,119.26495206264993
160.0,129.23813001834804,0.25,0.0,-1.7288854866573542,-1.728885486657353,-2.18128073251852,0.15914858582262412,0.19174756586193922,129.23813001834804,129.23813001834804,129.23813001834804
160.0,137.25543909607055,0.3,0.0,-1.71199331673136,-1.7119933167313606,-2.174877434244924,0.17395663683927273,0.20628743666312588,137.25543909607055,137.25543909607055,137.25543909607055
160.0,149.7123155272116,0.4,0.0,-1.6778791897118115,-1.677879189711811,-2.1621022182400456,0.20138059731853838,0.23251119264978412,149.7123155272116,149.7123155272116,149.7123155272116
160.0,159.31334574475244,0.5,0.0,-1.6433948299605172,-1.6433948299605166,-2.1494183263880795,0.22598903081686444,0.25565368487574625,159.31334574475244,159.31334574475244,159.31334574475244
160.0,177.0224066615605,0.75,0.0,-1.5555009537765905,-1.5555009537765898,-2.118222095836912,0.2767397707557783,0.30306058624019455,177.0224066615605,177.0224066615605,177.0224066615605
160.0,189.91903870320536,1.0,0.0,-1.4645226744806874,-1.4645226744806876,-2.0876984931991958,0.31550947043441796,0.339313609263817,189.91903870320536,189.91903870320536,189.91903870320536
160.0,199.9261378480355,1.25,0.0,-1.3694505522514817,-1.369450552251482,-2.057692641917956,0.3459319936773488,0.36783431009089723,199.9261378480355,199.9261378480355,199.9261378480355
160.0,207.88414951512775,1.5,0.0,-1.2693085089998153,-1.269308508999815,-2.0280959896972233,0.3705090270425176,0.39090623003626657,207.88414951512775,207.88414951512775,207.88414951512775
160.0,214.3201596101563,1.75,0.0,-1.163148949371376,-1.1631489493713745,-1.99886390105373,0.3908637299524422,0.4100191314704497,214.3201596101563,214.3201596101563,214.3201596101563
160.0,219.64032774258013,2.0,0.0,-1.050064037956474,-1.0500640379564756,-1.9700083832426785,0.4080617719975841,0.42616218128882394,219.64032774258013,219.64032774258013,219.64032774258013
160.0,224.2128360489511,2.25,0.0,-0.9293779636905434,-0.9293779636905415,-1.9416017646383423,0.4228280722146236,0.44001788949797577,224.2128360489511,224.2128360489511,224.2128360489511
160.0,228.43179616144621,2.5,0.0,-0.8012871935009575,-0.8012871935009569,-1.9137943786323286,0.4356799067685336,0.4520832675194823,228.43179616144624,228.43179616144624,228.43179616144624
160.0,232.77471525728382,2.75,0.0,-0.6684445227058258,-0.6684445227058277,-1.886829612692593,0.44701205602405586,0.46274902328431744,232.77471525728382,232.77471525728382,232.77471525728382
160.0,237.7912403735079,3.0,0.0,-0.5384696217844986,-0.5384696217844988,-1.86098130893728,0.45715459507742245,0.4723503767230077,237.7912403735079,237.7912403735079,237.7912403735079
170.0,-4.5108008503834345e-13,0.0,0.0,-1.7032680096157136,-1.7032680096157133,-2.166173062467149,0.23141257501280124,0.23141257501280083,-4.5108008503834345e-13,-4.5108008503834345e-13,-4.5108008503834345e-13
170.0,17.06922196376127,0.05,0.0,-1.700162795750043,-1.7001627957500436,-2.1648990734476836,0.2329420416556001,0.2364714807619178,17.06922196376127,17.06922196376127,17.06922196376127
170.0,32.4738734911655,0.1,0.0,-1.6918595307801203,-1.6918595307801216,-2.1615032474111406,0.24004422647705276,0.24647738027519506,32.4738734911655,32.4738734911655,32.4738734911655
170.0,45.687294863441956,0.15,0.0,-1.6802824320479512,-1.6802824320479535,-2.1567953799207116,0.25030869193885386,0.25886342188555267,45.68729486344195,45.68729486344195,45.68729486344195
170.0,56.966274427820736,0.2,0.0,-1.6669156587392369,-1.666915658739238,-2.1513997238820437,0.2618086172937375,0.27184920242150334,56.966274427820736,56.966274427820736,56.966274427820736
170.0,66.73361765758132,0.25,0.0,-1.6525979148142755,-1.6525979148142775,-2.14566870363825,0.27347126266015503,0.28455138944607683,66.73361765758132,66.73361765758132,66.73361765758132
170.0,75.34359890800032,0.3,0.0,-1.637753520449278,-1.6377535204492764,-2.139780444427546,0.28479069609341595,0.29660865496266203,75.34359890800032,75.34359890800032,75.34359890800032
170.0,90.04349224811831,0.4,0.0,-1.6072040347416865,-1.6072040347416878,-2.127834512939683,0.30571082194757326,0.3184521268062149,90.04349224811833,90.04349224811833,90.04349224811833
170.0,102.34852947065114,0.5,0.0,-1.5759250515962622,-1.575925051596259,-2.115841115549722,0.32420749012816735,0.3374531491529605,102.34852947065113,102.34852947065113,102.34852947065113
170.0,126.4495606867667,0.75,0.0,-1.495023456792206,-1.4950234567922063,-2.0859053261660807,0.3617779179722127,0.3754798912579842,126.4495606867667,126.4495606867667,126.4495606867667
170.0,144.4340844963191,1.0,0.0,-1.4098474120003923,-1.409847412000391,-2.0560114768023943,0.39063811450295044,0.4043189266461494,144.4340844963191,144.4340844963191,144.4340844963191
170.0,158.4510773641138,1.25,0.0,-1.3197550604887904,-1.3197550604887907,-2.0261246328212406,0.41378749154796957,0.42725828637309754,158.4510773641138,158.4510773641138,158.4510773641138
170.0,169.67604251439207,1.5,0.0,-1.224131540942199,-1.224131540942201,-1.9962719551110741,0.4329553703348535,0.4461290145569536,169.67604251439207,169.67604251439207,169.67604251439207
170.0,178.86635045094053,1.75,0.0,-1.1223511699961592,-1.1223511699961604,-1.9665199797839563,0.44919431370797813,0.4620300993064126,178.8663504509405,178.8663504509405,178.8663504509405
170.0,186.57347210563498,2.0,0.0,-1.013835646680654,-1.0138356466806553,-1.9369716690495298,0.46318369596983977,0.47566714971455054,186.57347210563498,186.57347210563498,186.57347210563498
170.0,193.25452417068763,2.25,0.0,-0.8983149555102996,-0.8983149555103013,-1.9077818507045698,0.4753832814008203,0.48751872154073467,193.25452417068763,193.25452417068763,193.25452417068763
170.0,199.34872534552358,2.5,0.0,-0.7765128254662159,-0.7765128254662138,-1.8791831448304896,0.48611672321741295,0.49792587834508095,199.34872534552358,199.34872534552358,199.34872534552358
170.0,205.32911360844378,2.75,0.0,-0.6515706809472536,-0.6515706809472541,-1.8514970121934184,0.49562392657071475,0.5071474239650188,205.32911360844378,205.32911360844378,205.32911360844378
170.0,211.67987216795188,3.0,0.0,-0.5307755621811598,-0.5307755621811588,-1.8250478976621396,0.5041046458264583,0.5154012486123286,211.67987216795188,211.67987216795188,211.67987216795188
180.0,-3.0947124032983797e-9,0.0,0.0,-1.4595020054086252,-1.4595020054086212,-2.062077088884917,0.43600233699706575,0.43600233699614827,-3.0947124032914157e-9,-3.0947124032914157e-9,-3.094712403312308e-9
180.0,6.564270839690344,0.05,0.0,-1.4588928104710248,-1.4588928104710275,-2.0618472121474634,0.43591908156534975,0.4364519933150723,6.564270839690344,6.564270839690344,6.564270839690344
180.0,13.090188600125382,0.1,0.0,-1.4570743871749903,-1.4570743871749932,-2.061161537291068,0.436199999678465,0.43725999030899887,13.090188600125382,13.090188600125382,13.090188600125382
180.0,19.541317304494765,0.15,0.0,-1.4540733981768585,-1.4540733981768594,-2.0600315825880258,0.43683291245732697,0.4384086699220356,19.541317304494765,19.541317304494765,19.541317304494765
180.0,25.884787324530958,0.2,0.0,-1.4499317076051559,-1.4499317076051557,-2.0584754558523133,0.43779696937018836,0.4398723558359278,25.884787324530954,25.884787324530954,25.884787324530954
180.0,32.092480282076096,0.25,0.0,-1.4447030439374227,-1.4447030439374213,-2.0565164412274703,0.4390646036809194,0.4416195157357207,32.092480282076096,32.092480282076096,32.092480282076096
180.0,38.14166596648658,0.3,0.0,-1.4384491958660293,-1.4384491958660297,-2.054181386941493,0.44060380097991436,0.44361512857560353,38.14166596648658,38.14166596648658,38.14166596648658
180.0,49.70082289078632,0.4,0.0,-1.4231315058056442,-1.4231315058056444,-2.0484990777787124,0.44435968461463254,0.448207195191653,49.70082289078631,49.70082289078631,49.70082289078631
180.0,60.483394785974646,0.5,0.0,-1.4045058114403761,-1.4045058114403757,-2.041660073993034,0.4487959713975035,0.4533732872475269,60.483394785974646,60.483394785974646,60.483394785974646
180.0,84.02989953506705,0.75,0.0,-1.3464196464135452,-1.3464196464135418,-2.0208235560207664,0.46143490877950644,0.4674042108627845,84.02989953506705,84.02989953506705,84.02989953506705
180.0,103.24707358276196,1.0,0.0,-1.2757882878693214,-1.2757882878693223,-1.9964744655641853,0.4745667910311199,0.48143724756202244,103.24707358276196,103.24707358276196,103.24707358276196
180.0,119.0107083766511,1.25,0.0,-1.1954331449012878,-1.1954331449012896,-1.9700615938749626,0.4871414758044783,0.4945757733839311,119.0107083766511,119.0107083766511,119.0107083766511
180.0,132.10604803870112,1.5,0.0,-1.1066832415078725,-1.1066832415078725,-1.9424361635345795,0.4987959896364017,0.5065687991351832,132.10604803870112,132.10604803870112,132.10604803870112
180.0,143.1685312350533,1.75,0.0,-1.0101564259800653,-1.0101564259800648,-1.914155867190241,0.509450337457876,0.5174119745106174,143.1685312350533,143.1685312350533,143.1685312350533
180.0,152.72258014060986,2.0,0.0,-0.906337071258296,-0.9063370712582957,-1.8856569476720253,0.5191281057480924,0.5271810983338902,152.72258014060986,152.72258014060986,152.72258014060986
180.0,161.23455860276056,2.25,0.0,-0.796245700000608,-0.796245700000607,-1.8573562457966362,0.5278825062235675,0.5359681104524839,161.23455860276056,161.23455860276056,161.23455860276056
180.0,169.15595528784996,2.5,0.0,-0.6824569065288099,-0.6824569065288093,-1.8297034339372167,0.5357698521736719,0.5438608193868143,169.15595528784996,169.15595528784996,169.15595528784996
180.0,176.92662465452648,2.75,0.0,-0.5702790344317284,-0.5702790344317276,-1.8031435073987228,0.5428516988480238,0.5509470674443862,176.92662465452648,176.92662465452648,176.92662465452648
180.0,184.89266914902979,3.0,0.0,-0.4675371774754832,-0.4675371774754824,-1.7779262782809402,0.5492184618418855,0.5573348486471393,184.8926691490298,184.8926691490298,184.8926691490298
190.0,-1.8251219679979328e-10,0.0,0.0,-1.164019976634829,-1.1640199766348278,-1.9440928295161937,0.5368064138166332,0.5368064138166042,-1.825121968006638e-10,-1.825121968006638e-10,-1.8251219679805222e-10
190.0,4.04349780804002,0.05,0.0,-1.16364331637615,-1.1636433163761504,-1.9439664838417596,0.536747998405118,0.5369532418025126,4.04349780804002,4.04349780804002,4.04349780804002
190.0,8.079579312804377,0.1,0.0,-1.16251457643517,-1.16251457643517,-1.943588041781029,0.5367779862566463,0.5371878153364991,8.079579312804377,8.079579312804377,8.079579312804377
190.0,12.100932436246802,0.15,0.0,-1.1606374497099914,-1.1606374497099914,-1.942959275124981,0.5368956952186835,0.5375088052937188,12.100932436246804,12.100932436246804,12.100932436246804
190.0,16.100449650233063,0.2,0.0,-1.158017993979769,-1.1580179939797688,-1.9420830939089326,0.537099791241283,0.5379142516973829,16.100449650233063,16.100449650233063,16.100449650233063
190.0,20.07132078645215,0.25,0.0,-1.1546644919128481,-1.1546644919128506,-1.9409634843951946,0.5373883254940195,0.538401610293036,20.07132078645215,20.07132078645215,20.07132078645215
190.0,24.007115267709192,0.3,0.0,-1.1505872655099643,-1.1505872655099645,-1.9396054267914562,0.537758785525861,0.5389678119797285,24.007115267709192,24.007115267709192,24.007115267709192
190.0,31.750051267522228,0.4,0.0,-1.1403117742918745,-1.1403117742918745,-1.9361982564630078,0.5387329976900919,0.5403222660194352,31.750051267522228,31.750051267522228,31.750051267522228
190.0,39.28767378087451,0.5,0.0,-1.1273059370885705,-1.1273059370885699,-1.9319173141840948,0.5399936038022178,0.541945331298655,39.28767378087451,39.28767378087451,39.28767378087451
190.0,57.04199581847541,0.75,0.0,-1.0837273721895044,-1.083727372189507,-1.917827786772371,0.5441748528221663,0.5469402349016493,57.04199581847541,57.04199581847541,57.04199581847541
190.0,73.06234507430975,1.0,0.0,-1.0260981640388587,-1.0260981640388553,-1.8997863472513667,0.5493908471151406,0.5528274036410311,73.06234507430975,73.06234507430975,73.06234507430975
190.0,87.35134167705574,1.25,0.0,-0.9564833682381386,-0.9564833682381397,-1.8788580945394076,0.5551600841964169,0.5591319032989307,87.35134167705574,87.35134167705574,87.35134167705574
190.0,100.08305036953281,1.5,0.0,-0.8767699251033416,-0.8767699251033413,-1.8559866197379593,0.5611165293964203,0.5655070674937961,100.0830503695328,100.0830503695328,100.0830503695328
190.0,111.52448416215516,1.75,0.0,-0.7889650623283472,-0.7889650623283465,-1.8320002769317525,0.5670026427903718,0.5717194681717593,111.52448416215516,111.52448416215516,111.52448416215516
190.0,121.99098450419866,2.0,0.0,-0.6957698930509183,-0.6957698930509183,-1.807646030658485,0.5726437823867235,0.5776191867654313,121.99098450419866,121.99098450419866,121.99098450419866
190.0,131.81457056296944,2.25,0.0,-0.6012040365039748,-0.6012040365039745,-1.783583429968921,0.577929802663353,0.5831191750803465,131.81457056296944,131.81457056296944,131.81457056296944
190.0,141.29682614305824,2.5,0.0,-0.5106371040245162,-0.5106371040245168,-1.7602890795050894,0.5828128573746286,0.5881905997525247,141.29682614305824,141.29682614305824,141.29682614305824
190.0,150.642734815743,2.75,0.0,-0.4294416223310653,-0.42944162233106564,-1.737912473431966,0.5873109214687928,0.592863415756304,150.642734815743,150.642734815743,150.642734815743
190.0,159.92412527570684,3.0,0.0,-0.36087458795532645,-0.3608745879553256,-1.7162503402702702,0.5914924866135725,0.5972101623807679,159.92412527570684,159.92412527570684,159.92412527570684
200.0,-1.810100176203764e-11,0.0,0.0,-0.731916618392079,-0.7319166183920782,-1.7953919275554664,0.6053222681971132,0.605322268197111,-1.8101001762690536e-11,-1.8101001762037635e-11,-1.8101001761384735e-11
200.0,2.786168942199431,0.05,0.0,-0.7316463358497141,-0.7316463358497141,-1.7953172098026855,0.6052876912014107,0.6053861406742503,2.786168942199431,2.786168942199431,2.786168942199431
200.0,5.5703927053556415,0.1,0.0,-0.730836105689518,-0.7308361056895193,-1.7950932748904478,0.6052824161507052,0.6054791886915215,5.5703927053556415,5.5703927053556415,5.5703927053556415
200.0,8.35074145129941,0.15,0.0,-0.729487778958856,-0.7294877789588556,-1.7947207761648494,0.605306336112629,0.6056011799426066,8.35074145129941,8.35074145129941,8.35074145129941
200.0,11.1253157940815,0.2,0.0,-0.7276044362856559,-0.7276044362856546,-1.7942007969243252,0.6053592320309259,0.6057517720421085,11.1253157940815,11.1253157940815,11.1253157940815
200.0,13.892261458382508,0.25,0.0,-0.72519038140455,-0.7251903814045494,-1.7935348421017978,0.6054407751582658,0.6059305159387217,13.892261458382508,13.892261458382508,13.892261458382508
200.0,16.649783266061927,0.3,0.0,-0.7222511340068759,-0.7222511340068741,-1.7927248269555576,0.6055505305996589,0.6061368603888462,16.649783266061927,16.649783266061927,16.649783266061927
200.0,22.12974799813662,0.4,0.0,-0.7148251342221014,-0.7148251342221023,-1.7906822372444537,0.6058524364343392,0.6066296684904372,22.12974799813662,22.12974799813662,22.12974799813662
200.0,27.552503158888907,0.5,0.0,-0.7053944382324023,-0.705394438232404,-1.7880959389800037,0.6062595437133034,0.6072239698980951,27.552503158888904,27.552503158888904,27.552503158888904
200.0,40.79139213825603,0.75,0.0,-0.6736604273878687,-0.6736604273878696,-1.779448225002102,0.6076908829060046,0.6091027187520788,40.79139213825603,40.79139213825603,40.79139213825603
200.0,53.491027394661764,1.0,0.0,-0.63182993467534,-0.63182993467534,-1.7681410067735015,0.6096061620496838,0.6114305714557081,53.49102739466177,53.49102739466177,53.49102739466177
200.0,65.6127797129172,1.25,0.0,-0.5823989145579632,-0.582398914557963,-1.7548116113707155,0.6118617693500772,0.6140613787191574,65.6127797129172,65.6127797129172,65.6127797129172
200.0,77.18518916834249,1.5,0.0,-0.5283959496369167,-0.5283959496369175,-1.740087239972891,0.6143235712488545,0.6168625661971807,77.18518916834249,77.18518916834249,77.18518916834249
200.0,88.27784903946298,1.75,0.0,-0.4730967465468664,-0.4730967465468632,-1.724490127130728,0.6168852548877098,0.6197317804703496,88.27784903946298,88.27784903946298,88.27784903946298
200.0,98.97054294221466,2.0,0.0,-0.419545674726792,-0.4195456747267923,-1.7083687516802044,0.6194773502579733,0.6226040898929704,98.97054294221468,98.97054294221468,98.97054294221468
200.0,109.32885157400786,2.25,0.0,-0.3700486452517116,-0.3700486452517114,-1.691882130867489,0.6220653015929692,0.625448737696094,109.32885157400786,109.32885157400786,109.32885157400786
200.0,119.39390370568965,2.5,0.0,-0.3259051779058939,-0.32590517790589374,-1.6750411167876893,0.6246390924875523,0.6282582848364586,119.39390370568967,119.39390370568967,119.39390370568967
200.0,129.18509961766688,2.75,0.0,-0.28748720516207243,-0.28748720516207066,-1.6577767202170086,0.6272007400881765,0.631036300728994,129.18509961766688,129.18509961766688,129.18509961766688
200.0,138.70852412359554,3.0,0.0,-0.2545319308744763,-0.2545319308744774,-1.639998817805075,0.6297550851467834,0.6337886009004918,138.70852412359554,138.70852412359554,138.70852412359554
