xi,T_MeV,mu_transition_MeV,rho_hadron,rho_quark,curve_parameter,plot_order_key
-0.5,60.0,322.2462342435699,0.04885980596715683,2.7822654059428156,60.0,60.0
-0.5,65.0,320.1450505423604,0.049638279286777595,2.785681324276557,65.0,65.0
-0.5,70.0,317.71680968286836,0.061342452924103855,2.7905073092692914,70.0,70.0
-0.5,75.0,314.9419185448107,0.0799618937561672,2.7976161574932017,75.0,75.0
-0.5,80.0,311.76894328929325,0.09679732699160316,2.8070562945584845,80.0,80.0
-0.5,85.0,308.14630599694124,0.1233991097512223,2.8188180420976607,85.0,85.0
-0.5,90.0,304.02522491414663,0.1503012048559137,2.832933949402415,90.0,90.0
-0.5,95.0,299.3466048818723,0.18848474093815837,2.8490387220426188,95.0,95.0
-0.5,100.0,294.0496472630167,0.23267223604618759,2.866461442482334,100.0,100.0
-0.5,105.0,288.0715993048941,0.28580871043467043,2.8841210319476587,105.0,105.0
-0.5,110.0,281.34628394710757,0.3495268471267342,2.900402383381426,110.0,110.0
-0.5,115.0,273.8064156526624,0.4303192931992087,2.9127949979940313,115.0,115.0
-0.5,120.0,265.3834132295046,0.528399117369858,2.918138336594071,120.0,120.0
-0.5,125.0,256.01005381683535,0.6506045272468699,2.912080050722052,125.0,125.0
-0.5,130.0,245.62567310398555,0.8107313136740991,2.8884623498936706,130.0,130.0
-0.5,135.0,234.18960902053215,1.0262663609530909,2.8382887919976176,135.0,135.0
-0.5,140.0,221.70778612919003,1.3298353906331586,2.7450751909974835,140.0,140.0
-0.5,145.0,208.25539872912327,1.7851972819450936,2.551160492857513,145.0,145.0
-0.45,60.0,326.41927953445304,0.04930485538614649,2.7475828847303014,60.0,60.0
-0.45,65.0,324.3647799153664,0.051541041905891025,2.7498263436210117,65.0,65.0
-0.45,70.0,322.0067994123543,0.07094601469327771,2.754035418967448,70.0,70.0
-0.45,75.0,319.3128079678486,0.0883086502243841,2.760635247038811,75.0,75.0
-0.45,80.0,316.23026239223805,0.10785417686515311,2.7695459125567528,80.0,80.0
-0.45,85.0,312.71821530738066,0.13545627474649083,2.7810290001620173,85.0,85.0
-0.45,90.0,308.7204079937144,0.16657549097380037,2.794891669454005,90.0,90.0
-0.45,95.0,304.1837286770424,0.20323420327246672,2.810900827666729,95.0,95.0
-0.45,100.0,299.0479254923367,0.24919738695008758,2.8283981615049836,100.0,100.0
-0.45,105.0,293.2504246730991,0.3057011624749476,2.8464001727884964,105.0,105.0
-0.45,110.0,286.72714581611876,0.3745882941948216,2.8631986943342014,110.0,110.0
-0.45,115.0,279.4116924058871,0.4569304628433814,2.8764969348699307,115.0,115.0
-0.45,120.0,271.2380442727759,0.5599759303109257,2.883052541679676,120.0,120.0
-0.45,125.0,262.14248494947583,0.6898709318494362,2.878167438608244,125.0,125.0
-0.45,130.0,252.07030184722987,0.8592320738101902,2.8555035363312844,130.0,130.0
-0.45,135.0,240.99212453691808,1.0911602128725995,2.8037437135021768,135.0,135.0
-0.45,140.0,228.93204151670307,1.4276789967890948,2.699381718010127,140.0,140.0
-0.45,145.0,215.9895954582898,2.010918108533909,2.4046398738730903,145.0,145.0
-0.4,60.0,330.25378283838745,0.049706433454807714,2.7171757988977334,60.0,60.0
-0.4,65.0,328.249254681781,0.06173807536462201,2.717873518906276,65.0,65.0
-0.4,70.0,325.9582745560306,0.07981699546218639,2.721105045783933,70.0,70.0
-0.4,75.0,323.33658690914564,0.09604354444213559,2.726848457606933,75.0,75.0
-0.4,80.0,320.3392218476551,0.12088378141593292,2.73512896125048,80.0,80.0
-0.4,85.0,316.92528052140636,0.14666653601947538,2.746131902965452,85.0,85.0
-0.4,90.0,313.0404752152575,0.18171732737108187,2.759621404475286,90.0,90.0
-0.4,95.0,308.63151050217726,0.22166597813990518,2.7753167541611417,95.0,95.0
-0.4,100.0,303.6406400009911,0.26987212716755027,2.7926888517460635,100.0,100.0
-0.4,105.0,298.00638917325404,0.3283657542906382,2.810638838090194,105.0,105.0
-0.4,110.0,291.66512921529,0.3981292373486766,2.8275564292566178,110.0,110.0
-0.4,115.0,284.55218422243684,0.48598831110559304,2.841245173402442,115.0,115.0
-0.4,120.0,276.6030400202384,0.593413306568666,2.848266235092742,120.0,120.0
-0.4,125.0,267.7570951521409,0.7308565979625343,2.843357257648382,125.0,125.0
-0.4,130.0,257.9650432620206,0.9109166121959674,2.818885367476535,130.0,130.0
-0.4,135.0,247.2067030356999,1.1619201352515311,2.7616255447142604,135.0,135.0
-0.4,140.0,235.521545058954,1.539256368072972,2.634253869029786,140.0,140.0
-0.35,60.0,333.804466865751,0.052157035599062825,2.6908189211537787,60.0,60.0
-0.35,65.0,331.8544933475236,0.07118538019221896,2.6894835661030827,65.0,65.0
-0.35,70.0,329.6235991206204,0.08805829719773671,2.6912028077247703,70.0,70.0
-0.35,75.0,327.0672317891605,0.10633672141158307,2.695745703756486,75.0,75.0
-0.35,80.0,324.15037180859116,0.13301049383703029,2.7032389066513782,80.0,80.0
-0.35,85.0,320.82460768692846,0.16131950475756493,2.713492487136019,85.0,85.0
-0.35,90.0,317.04343954446676,0.19585984848966217,2.72644356901181,90.0,90.0
-0.35,95.0,312.75150664856585,0.2388920300237288,2.741731489686301,95.0,95.0
-0.35,100.0,307.89259175555503,0.28947963360409157,2.7587005209168276,100.0,100.0
-0.35,105.0,302.4064371632503,0.349584734806019,2.776265717064164,105.0,105.0
-0.35,110.0,296.2309144052032,0.42528198031914216,2.7930439219486676,110.0,110.0
-0.35,115.0,289.3020465079065,0.5160485797075949,2.806419251517203,115.0,115.0
-0.35,120.0,281.55711693455487,0.6294252520513007,2.8127026592803768,120.0,120.0
-0.35,125.0,272.93790515614523,0.7740587104202502,2.806767604148436,125.0,125.0
-0.35,130.0,263.39986548287493,0.966520400157171,2.778816222827121,130.0,130.0
-0.35,135.0,252.93058978949978,1.239677592748914,2.711772392567472,135.0,135.0
-0.35,140.0,241.58331565512742,1.6763578481274943,2.5449188722828504,140.0,140.0
-0.3,60.0,337.12197231443986,0.06227318060583382,2.6678591360614465,60.0,60.0
-0.3,65.0,335.22245942920125,0.07999171938981624,2.6639543272210267,65.0,65.0
-0.3,70.0,333.04479940415445,0.09575626684703113,2.6637034793803798,70.0,70.0
-0.3,75.0,330.5507434406127,0.11944854064018351,2.6668015766423556,75.0,75.0
-0.3,80.0,327.70619836329297,0.14434434635030158,2.673213421238609,80.0,80.0
-0.3,85.0,324.46308384016953,0.1768396072850228,2.682640716747761,85.0,85.0
-0.3,90.0,320.7752418962975,0.21317517884124426,2.6949166487898046,90.0,90.0
-0.3,95.0,316.59059976319395,0.2568953174826605,2.709533262690511,95.0,95.0
-0.3,100.0,311.85286883292196,0.3103682248211756,2.7258314475726833,100.0,100.0
-0.3,105.0,306.50310336455095,0.374965277040622,2.7429415685900196,105.0,105.0
-0.3,110.0,300.4794918114373,0.45139888094018943,2.7589715447485466,110.0,110.0
-0.3,115.0,293.71962569785796,0.5469970990999742,2.7713288649632517,115.0,115.0
-0.3,120.0,286.1617493639602,0.6668840103657214,2.7763033986106027,120.0,120.0
-0.3,125.0,277.7501648063421,0.820133780574611,2.767666942385781,125.0,125.0
-0.3,130.0,268.4441932686783,1.0267550464818849,2.734319024519637,130.0,130.0
-0.3,135.0,258.2385683959115,1.3277524700553713,2.6522531030031185,135.0,135.0
-0.3,140.0,247.1986729391508,1.870331712328899,2.3961046872237004,140.0,140.0
-0.25,60.0,340.2434388185085,0.0717442920505409,2.6471679487883426,60.0,60.0
-0.25,65.0,338.3867818507331,0.08824563698961461,2.640328195447684,65.0,65.0
-0.25,70.0,336.2556739261639,0.1058516777715785,2.6378568595228886,70.0,70.0
-0.25,75.0,333.8210364169704,0.13171882958723743,2.63944081820154,75.0,75.0
-0.25,80.0,331.04095214930976,0.15795458404435436,2.6446299833404745,80.0,80.0
-0.25,85.0,327.87506230081453,0.19137887870188036,2.6531390427022226,85.0,85.0
-0.25,90.0,324.27417674626486,0.23112515013872403,2.664452113452109,90.0,90.0
-0.25,95.0,320.18817727575447,0.27761080921401565,2.678238005208663,95.0,95.0
-0.25,100.0,315.5623001272678,0.3330827468837139,2.693880787151976,100.0,100.0
-0.25,105.0,310.33796353454005,0.39884285093484656,2.70998569044555,105.0,105.0
-0.25,110.0,304.4547012523753,0.48144635367731675,2.7248226649495306,110.0,110.0
-0.25,115.0,297.8505601718539,0.5814836711159824,2.735903783193686,115.0,115.0
-0.25,120.0,290.465328344091,0.7064116303633622,2.738747047372209,120.0,120.0
-0.25,125.0,282.24509246523826,0.8697821003340838,2.725833054902642,125.0,125.0
-0.25,130.0,273.1525860182742,1.0922443551577325,2.683857165152718,130.0,130.0
-0.25,135.0,263.1894933822598,1.4297934783302424,2.575460269441265,135.0,135.0
-0.2,60.0,343.19475350497487,0.08065427096908029,2.6271408304688215,60.0,60.0
-0.2,65.0,341.37348852711455,0.09601480965423287,2.6175198611694817,65.0,65.0
-0.2,70.0,339.28637184843114,0.11916503036713585,2.6129728465052486,70.0,70.0
-0.2,75.0,336.9042172708631,0.14324023223825336,2.6129638226374903,75.0,75.0
-0.2,80.0,334.1848052800208,0.17389392224005493,2.6168419472009705,80.0,80.0
-0.2,85.0,331.0884309875205,0.2073415523409794,2.624223073883588,85.0,85.0
-0.2,90.0,327.56860478169676,0.2479683488938702,2.634671143562407,90.0,90.0
-0.2,95.0,323.57443111806435,0.29703963877966133,2.6476877730214388,95.0,95.0
-0.2,100.0,319.05196386109253,0.35567035598553404,2.6620873093840776,100.0,100.0
-0.2,105.0,313.9443286067009,0.4268453036557782,2.676932040518702,105.0,105.0
-0.2,110.0,308.1911841307224,0.5117415366332425,2.690510695680507,110.0,110.0
-0.2,115.0,301.73173302524776,0.6171884102561848,2.6998200082118804,115.0,115.0
-0.2,120.0,294.5066505733988,0.7489310216626287,2.6994931491849985,120.0,120.0
-0.2,125.0,286.4637443423509,0.9237466341232893,2.6803059835615444,125.0,125.0
-0.2,130.0,277.56897127293144,1.166325226227335,2.6255257684076834,130.0,130.0
-0.2,135.0,267.8301195704883,1.5540587631547291,2.4758812665018417,135.0,135.0
-0.15,60.0,345.99521949103917,0.0890639541081461,2.6068849928365885,60.0,60.0
-0.15,65.0,344.20331975481173,0.10661656658808545,2.594750089814137,65.0,65.0
-0.15,70.0,342.1577851906866,0.13167831222482484,2.588307793963326,70.0,70.0
-0.15,75.0,339.8217433247621,0.1565810093418156,2.5867701718500538,75.0,75.0
-0.15,80.0,337.1597283803623,0.1888618464075311,2.5895050211244417,80.0,80.0
-0.15,85.0,334.12818175555753,0.22602477339319435,2.595895619512185,85.0,85.0
-0.15,90.0,330.68285156261686,0.2690258426300548,2.6052781845286477,90.0,90.0
-0.15,95.0,326.77422097144165,0.32031029398829186,2.616928702810021,95.0,95.0
-0.15,100.0,322.3488151228836,0.3814831492244559,2.6301640982223664,100.0,100.0
-0.15,105.0,317.34963641366403,0.4541461071934127,2.6437749656187535,105.0,105.0
-0.15,110.0,311.7179030943346,0.5440218638560506,2.6553355983844056,110.0,110.0
-0.15,115.0,305.3931595715743,0.6547686698400962,2.6613514594545546,115.0,115.0
-0.15,120.0,298.31738418061786,0.7955315582319263,2.656732434697161,120.0,120.0
-0.15,125.0,290.43970780032015,0.9827923621029185,2.6297874156015633,125.0,125.0
-0.15,130.0,281.7288332258375,1.2492698025777806,2.557554143637637,130.0,130.0
-0.15,135.0,272.1985125565221,1.7312369548520008,2.3251596353541455,135.0,135.0
-0.1,60.0,348.65895214676925,0.09701603453094779,2.5851112174451414,60.0,60.0
-0.1,65.0,346.89525861511447,0.12026134399917428,2.571062452809605,65.0,65.0
-0.1,70.0,344.88596984341456,0.14346573041801058,2.5632320683474243,70.0,70.0
-0.1,75.0,342.5934078658777,0.17299421695694814,2.560464775875467,75.0,75.0
-0.1,80.0,339.98284969420325,0.20432113322225062,2.562031465456275,80.0,80.0
-0.1,85.0,337.0128018140285,0.24356305184781357,2.567250382981141,85.0,85.0
-0.1,90.0,333.6376541691093,0.28948823037260996,2.5754805376928753,90.0,90.0
-0.1,95.0,329.8088319417184,0.3430118585553928,2.5860592036888104,95.0,95.0
-0.1,100.0,325.4736419853763,0.4071933266527294,2.5981155083174814,100.0,100.0
-0.1,105.0,320.5763976628774,0.48512358645462,2.609508397202009,105.0,105.0
-0.1,110.0,315.05832495592836,0.5795784530304853,2.618315683029601,110.0,110.0
-0.1,115.0,308.85989584792804,0.6959031951063384,2.620810333251993,115.0,115.0
-0.1,120.0,301.9236727884311,0.8458515981907032,2.6104386904426917,120.0,120.0
-0.1,125.0,294.20029197607744,1.0475767163809642,2.5726998406548445,125.0,125.0
-0.1,130.0,285.6613594761751,1.3483426217790933,2.4725320388605474,130.0,130.0
-0.05,60.0,351.1973148062415,0.10900890349975537,2.561478833968753,60.0,60.0
-0.05,65.0,349.4613789961953,0.13310795214054905,2.5463802289396256,65.0,65.0
-0.05,70.0,347.48365340454745,0.1574202595188716,2.537241965031326,70.0,70.0
-0.05,75.0,345.23327048519025,0.1884202777666942,2.533458650230125,75.0,75.0
-0.05,80.0,342.67105853430576,0.2237385617846011,2.5340446358729656,80.0,80.0
-0.05,85.0,339.75762104857233,0.2639611268245806,2.538296654943453,85.0,85.0
-0.05,90.0,336.4483679242012,0.31164196833111973,2.545538926465615,90.0,90.0
-0.05,95.0,332.6948212020798,0.3686259772485691,2.5547036528037905,95.0,95.0
-0.05,100.0,328.44511420144545,0.4359845286757008,2.564551561008301,100.0,100.0
-0.05,105.0,323.6433789735539,0.5174087141134048,2.5737212327161405,105.0,105.0
-0.05,110.0,318.2320919339264,0.6168734246127319,2.579575356926825,110.0,110.0
-0.05,115.0,312.15230563561795,0.7408164144902707,2.5774745894387014,115.0,115.0
-0.05,120.0,305.34714965036954,0.9007715677784333,2.5596149794431433,120.0,120.0
-0.05,125.0,297.7686243868154,1.1229228202015977,2.507572462646585,125.0,125.0
-0.05,130.0,289.39067207349035,1.4738436319027797,2.3630797941513606,130.0,130.0
0.0,60.0,353.6220418795009,0.12305815677750048,2.5355318098638553,60.0,60.0
0.0,65.0,351.91042875297194,0.14520833110295428,2.519673990540556,65.0,65.0
0.0,70.0,349.9642972647689,0.17433765616370334,2.5101236960696798,70.0,70.0
0.0,75.0,347.7519902204531,0.20433347712912328,2.5057061039472486,75.0,75.0
0.0,80.0,345.23663510488046,0.24195016195187125,2.5054733398817786,80.0,80.0
0.0,85.0,342.3771382488633,0.28541179604691547,2.5086000293975044,85.0,85.0
0.0,90.0,339.13005398899816,0.33570186338714814,2.514332041652243,90.0,90.0
0.0,95.0,335.44746185534694,0.39450684119266166,2.5217865379955753,95.0,95.0
0.0,100.0,331.2778390772155,0.4662125078482251,2.529769731921949,100.0,100.0
0.0,105.0,326.56654364479783,0.5508824091469788,2.536417517605901,105.0,105.0
0.0,110.0,321.2559057748856,0.6567087088802596,2.5384955556227564,110.0,110.0
0.0,115.0,315.2878479380847,0.7894522156739254,2.5303761110110923,115.0,115.0
0.0,120.0,308.60603548607224,0.9630266314524866,2.503067586504368,120.0,120.0
0.0,125.0,301.16381259460917,1.2084883869804768,2.428697882635297,125.0,125.0
0.0,130.0,292.93733808344933,1.6525719760622029,2.1980098892615074,130.0,130.0
0.05,60.0,355.9393153742226,0.1362556170945427,2.507368260865771,60.0,60.0
0.05,65.0,354.2506689435395,0.16075284018405447,2.4914157139765454,65.0,65.0
0.05,70.0,352.33638910922093,0.19021418921171804,2.481385652148283,70.0,70.0
0.05,75.0,350.1610575234347,0.22444519921729372,2.47634340368035,75.0,75.0
0.05,80.0,347.68948654503885,0.2626543901131831,2.475322683551327,80.0,80.0
0.05,85.0,344.88158457856275,0.30742581712806927,2.4774695115083634,85.0,85.0
0.05,90.0,341.6937084592797,0.36076678554972164,2.4819513903625436,90.0,90.0
0.05,95.0,338.07850731417466,0.4240085704521502,2.487785338972974,95.0,95.0
0.05,100.0,333.98514357730187,0.49768270058274855,2.4935784386944615,100.0,100.0
0.05,105.0,329.3592337850472,0.589110751349999,2.4970428861294374,105.0,105.0
0.05,110.0,324.1438211571202,0.7000039119128858,2.4941964638404595,110.0,110.0
0.05,115.0,318.2812642796078,0.8426557728914018,2.478304638629235,115.0,115.0
0.05,120.0,311.716082949363,1.0325485554518203,2.437136242029057,120.0,120.0
0.05,125.0,304.4020826053005,1.3131263066048113,2.3317519394801898,125.0,125.0
0.1,60.0,358.15456104846305,0.14864874397930133,2.476484046166336,60.0,60.0
0.1,65.0,356.49141860899505,0.17812762187250747,2.461119114048084,65.0,65.0
0.1,70.0,354.6069909368214,0.20760769843926113,2.451474597708057,70.0,70.0
0.1,75.0,352.46889817942457,0.243262550353247,2.446059086484757,75.0,75.0
0.1,80.0,350.0400348059291,0.28499696209613573,2.4442957096844298,80.0,80.0
0.1,85.0,347.28145500779914,0.3327305032967794,2.4454157657955085,85.0,85.0
0.1,90.0,344.15004468285406,0.3882770719530479,2.4485055393228086,90.0,90.0
0.1,95.0,340.59877937079796,0.45360362204625027,2.4521589906296604,95.0,95.0
0.1,100.0,336.57780498163754,0.5337311891826855,2.4548033251461288,100.0,100.0
0.1,105.0,332.03285432920984,0.6299860723214088,2.454122070702136,105.0,105.0
0.1,110.0,326.90780995181154,0.7482454760207773,2.44551382857905,110.0,110.0
0.1,115.0,321.14519422225214,0.901589582446931,2.419947328845122,115.0,115.0
0.1,120.0,314.69004344702836,1.1122830018797982,2.360658788747624,120.0,120.0
0.1,125.0,307.4972805825354,1.448989950577375,2.202375517432168,125.0,125.0
0.15,60.0,360.2743749670201,0.16679353724471066,2.4438367421086364,60.0,60.0
0.15,65.0,358.638287140993,0.1943779865576135,2.42876173206834,65.0,65.0
0.15,70.0,356.7847760093648,0.22829982088465128,2.419066388274599,70.0,70.0
0.15,75.0,354.6822147538252,0.26530470311787424,2.4135222102909357,75.0,75.0
0.15,80.0,352.29517658639793,0.3079526254452406,2.411141908609848,80.0,80.0
0.15,85.0,349.58428647583025,0.3583228410976548,2.4110063655893397,85.0,85.0
0.15,90.0,346.50708787651115,0.41794738930286046,2.412140268569002,90.0,90.0
0.15,95.0,343.0174861367994,0.4876299253536513,2.4132922589803085,95.0,95.0
0.15,100.0,339.0652516886777,0.5718094179032054,2.412604028698887,100.0,100.0
0.15,105.0,334.5974181866096,0.6742693969026112,2.407202093107073,105.0,105.0
0.15,110.0,329.5581285457482,0.8013027641899235,2.391071655548403,110.0,110.0
0.15,115.0,323.89018165380185,0.9701104240049232,2.3541334456103282,115.0,115.0
0.15,120.0,317.5394878196158,1.207822879424024,2.266908207844835,120.0,120.0
0.15,125.0,310.46105551357294,1.698747261409289,1.9535513206907456,125.0,125.0
0.2,60.0,362.305951277337,0.18448681160983293,2.4088473089492584,60.0,60.0
0.2,65.0,360.69678951789956,0.21429379414041796,2.394944534704157,65.0,65.0
0.2,70.0,358.8755117972985,0.24758541736136758,2.385212122130827,70.0,70.0
0.2,75.0,356.809196062011,0.2883628811608843,2.379215938695945,75.0,75.0
0.2,80.0,354.4628109235079,0.3342877104008974,2.375922344298251,80.0,80.0
0.2,85.0,351.7981813201167,0.3872366892014888,2.3743697076225487,85.0,85.0
0.2,90.0,348.7731356180095,0.4485365123851248,2.3734483055736173,90.0,90.0
0.2,95.0,345.34209193642766,0.5240121143419034,2.3716881193751496,95.0,95.0
0.2,100.0,341.45580808605615,0.6129024689194921,2.36690408592258,100.0,100.0
0.2,105.0,337.0615561743383,0.7230080735241693,2.3557320037999383,105.0,105.0
0.2,110.0,332.10376899578216,0.8616811623466588,2.3295055528846085,110.0,110.0
0.2,115.0,326.5260056071354,1.047025741567333,2.274923708818927,115.0,115.0
0.2,120.0,320.274006616603,1.332083050541559,2.146483101484685,120.0,120.0
0.25,60.0,364.25380309360605,0.20144479441905905,2.3717344124038098,60.0,60.0
0.25,65.0,362.6744984564268,0.23536744957381933,2.3587839490116016,65.0,65.0
0.25,70.0,360.88506052685295,0.2720133504237522,2.3498791439865543,70.0,70.0
0.25,75.0,358.8545901159373,0.31338852011218343,2.3432390272295724,75.0,75.0
0.25,80.0,356.5485269071071,0.3615831042405582,2.338798212601515,80.0,80.0
0.25,85.0,353.92889767845793,0.4182360547870787,2.3354753695690778,85.0,85.0
0.25,90.0,350.9544745191886,0.4843647452583734,2.33200698035921,90.0,90.0
0.25,95.0,347.57985505375086,0.562973938716231,2.3266311177069268,95.0,95.0
0.25,100.0,343.7566253006788,0.6581368664155022,2.316797019518306,100.0,100.0
0.25,105.0,339.43255749506574,0.777311864833724,2.2984549726916432,105.0,105.0
0.25,110.0,334.55252670165623,0.9299823953406869,2.259809467696261,110.0,110.0
0.25,115.0,329.06036277682205,1.1415264688218476,2.179878574449254,115.0,115.0
0.25,120.0,322.9022138512567,1.528614962884886,1.9522521442610596,120.0,120.0
0.3,60.0,366.1247898234616,0.22441591718229645,2.3331685616078817,60.0,60.0
0.3,65.0,364.5757896518759,0.2570210960902213,2.320467568001883,65.0,65.0
0.3,70.0,362.8196726542727,0.29552547393939665,2.3113725146205786,70.0,70.0
0.3,75.0,360.8251280646184,0.3404386959047882,2.30469841629788,75.0,75.0
0.3,80.0,358.55859111574057,0.3915393198625398,2.2993762155624644,80.0,80.0
0.3,85.0,355.98265405140717,0.45030239324593335,2.293764925088696,85.0,85.0
0.3,90.0,353.0569369809838,0.5223244906863896,2.287059262443818,90.0,90.0
0.3,95.0,349.73669722422954,0.6056643166911206,2.2771994688084174,95.0,95.0
0.3,100.0,345.97398877773344,0.7087871942856784,2.2612913302252826,100.0,100.0
0.3,105.0,341.71700494677356,0.8382788271085528,2.231917465595788,105.0,105.0
0.3,110.0,336.91092051962255,1.0087480577915562,2.176508694045028,110.0,110.0
0.3,115.0,331.5001408973418,1.263551703046033,2.056804459440741,115.0,115.0
0.35,60.0,367.9248138009293,0.2456255985325757,2.29322735198296,60.0,60.0
0.35,65.0,366.4073110123086,0.28275187525997125,2.2804368788087044,65.0,65.0
0.35,70.0,364.6839447733439,0.32372997998202035,2.2707578414537872,70.0,70.0
0.35,75.0,362.72516673032266,0.3706138196664314,2.2629803636817876,75.0,75.0
0.35,80.0,360.4975235745871,0.42506803585750386,2.2560035518217973,80.0,80.0
0.35,85.0,357.964536306834,0.48823556167703186,2.2484513724738857,85.0,85.0
0.35,90.0,355.0858410618139,0.563573780645553,2.2376766688042524,90.0,90.0
0.35,95.0,351.81802849675864,0.6534191496495305,2.2223863210832624,95.0,95.0
0.35,100.0,348.1132484533639,0.7661888392552542,2.1993337327052984,100.0,100.0
0.35,105.0,343.92030206691254,0.9087793859255088,2.1566362016941287,105.0,105.0
0.35,110.0,339.18516905022517,1.1055970265802324,2.0747521898080805,110.0,110.0
0.35,115.0,333.8517052756737,1.4594494287763111,1.856036171837714,115.0,115.0
0.4,60.0,369.6591160021262,0.2717730427489402,2.2515837610168754,60.0,60.0
0.4,65.0,368.173466522891,0.308896659046058,2.238469942790049,65.0,65.0
0.4,70.0,366.48358700985943,0.3515002804708118,2.2277795160285896,70.0,70.0
0.4,75.0,364.56001358242145,0.40151391139332926,2.218412483075449,75.0,75.0
0.4,80.0,362.3703229478747,0.460440287679016,2.2091725509388382,80.0,80.0
0.4,85.0,359.8788972570029,0.5290820243203347,2.1985623102300345,85.0,85.0
0.4,90.0,357.04594987181736,0.6094478324679299,2.1828444840767784,90.0,90.0
0.4,95.0,353.82839489534535,0.707697331217162,2.1612257345912838,95.0,95.0
0.4,100.0,350.1794979295704,0.8315951478878615,2.125930900927447,100.0,100.0
0.4,105.0,346.0479651658097,0.9931256313332816,2.0652468076589776,105.0,105.0
0.4,110.0,341.38038095279006,1.2370945199339096,1.939204483707848,110.0,110.0
0.45,60.0,371.3342667341813,0.2974594873143004,2.207522460074357,60.0,60.0
0.45,65.0,369.88018753421045,0.33886312135121055,2.19429054940006,65.0,65.0
0.45,70.0,368.22294640964697,0.385277578725521,2.1819750986165,70.0,70.0
0.45,75.0,366.3340453712593,0.43834752320884524,2.170439263615781,75.0,75.0
0.45,80.0,364.1814399603368,0.4992431466728299,2.1583340085805194,80.0,80.0
0.45,85.0,361.73027777727486,0.5740864086748164,2.1430944317544847,85.0,85.0
0.45,90.0,358.9414208052967,0.6614447566207896,2.1216026507439274,90.0,90.0
0.45,95.0,355.77247517309513,0.7700141953278776,2.091357271088313,95.0,95.0
0.45,100.0,352.176804190732,0.9076473112360977,2.0418290167892943,100.0,100.0
0.45,105.0,348.10406851359807,1.0991114270490543,1.9520894943832179,105.0,105.0
0.45,110.0,343.5003125067588,1.4951087896299415,1.6570096072812717,110.0,110.0
0.5,60.0,372.95506756388517,0.3291233499696563,2.1616529976358083,60.0,60.0
0.5,65.0,371.5316419363748,0.37194187924427885,2.1473707445646033,65.0,65.0
0.5,70.0,369.9063564639207,0.4211847554000709,2.1327421800244024,70.0,70.0
0.5,75.0,368.0510859936246,0.47832385089553175,2.118369270207685,75.0,75.0
0.5,80.0,365.9345983523728,0.5442185904089789,2.1027763428535176,80.0,80.0
0.5,85.0,363.5222890956817,0.624691898625683,2.081066146947998,85.0,85.0
0.5,90.0,360.77595534413354,0.7211140292260096,2.0532616728284614,90.0,90.0
0.5,95.0,357.65369500389414,0.8414343107712827,2.0095860617261474,95.0,95.0
0.5,100.0,354.1092837163055,1.0016510265326883,1.9373619234122588,100.0,100.0
0.5,105.0,350.0928577071956,1.2576791774145342,1.7835412462378637,105.0,105.0
