xi,method,T_MeV,stage_a_status,stage_b_status,stage_c_status,stage_used,upgrade_reason,result_status,standard_oracle_status,deep_oracle_status,final_oracle_status,oracle_source,geometry_converged,position_error_MeV,density_error,maxwell_area_gate,area_residual,mu_transition_MeV,rho_hadron,rho_quark,mu_spinodal_hadron_MeV,mu_spinodal_quark_MeV,rho_spinodal_hadron,rho_spinodal_quark,support_low,support_high,support_mu_low,support_mu_high,guard_status,guard_reason,guard_source,support_point_count,point_ranking_version,stage_c_stop_reason,stage_c_actual_cap,stage_c_selected_points_json,stage_c_component_geometry_json,stage_c_refinement_trace_json,targeted_additions,stage_c_targeted_additions,certificate_type,endpoint_lower_bound,endpoint_upper_bound,endpoint_interpolated_rho_hadron,endpoint_anchor_rho,endpoint_refinement_count,endpoint_failure_reason,endpoint_route_kind,endpoint_left_bracket_low,endpoint_left_bracket_high,endpoint_right_bracket_low,endpoint_right_bracket_high,maxwell_candidate_count,maxwell_crossing_count
-0.5,independent_oracle,5.0,not_run,not_run,not_run,uniform_nested,not_applicable,confirmed_first_order,confirmed_first_order,confirmed_first_order,confirmed_first_order,standard,true,0.024995190837330483,0.0008265363824455196,2.4000469826225568e-6,2.4000469826225568e-6,331.5505602459964,0.0008715512133111146,2.80374756409539,372.76019724699586,301.0138052550355,0.10501143759851464,1.8607416832482775,NaN,NaN,NaN,NaN,not_run,not_applicable,,0,stage_b_features_v1,not_applicable,0,[],[],[],0,0,none,NaN,NaN,NaN,NaN,0,not_applicable,none,NaN,NaN,NaN,NaN,1,3
-0.5,independent_oracle,20.0,not_run,not_run,not_run,uniform_nested,not_applicable,confirmed_first_order,ambiguous_near_critical,confirmed_first_order,confirmed_first_order,deep_oracle,true,0.009702400062906236,0.0014135496947084098,2.962661736080567e-6,2.699617554105478e-7,330.82698140847197,0.0014661887794137152,2.799292041696436,370.32464962880266,300.69666106082263,0.14957649122945044,1.8660763866598888,NaN,NaN,NaN,NaN,not_run,not_applicable,,0,stage_b_features_v1,not_applicable,0,[],[],[],0,0,none,NaN,NaN,NaN,NaN,0,not_applicable,none,NaN,NaN,NaN,NaN,1,3
-0.5,independent_oracle,60.0,not_run,not_run,not_run,uniform_nested,not_applicable,confirmed_first_order,confirmed_first_order,,confirmed_first_order,standard,true,0.0004694786417758223,8.235493772908165e-5,3.373978975869591e-6,1.9648211856225026e-6,322.2141648464248,0.032901275500992505,2.7854521897181606,351.3843172481384,296.19995074211073,0.34525466842248154,1.9371951090285622,NaN,NaN,NaN,NaN,not_run,not_applicable,,0,stage_b_features_v1,not_applicable,0,[],[],[],0,0,none,NaN,NaN,NaN,NaN,0,not_applicable,none,NaN,NaN,NaN,NaN,1,3
-0.5,independent_oracle,100.0,not_run,not_run,not_run,uniform_nested,not_applicable,confirmed_first_order,confirmed_first_order,,confirmed_first_order,standard,true,6.01546369694006e-5,1.2813585897331059e-5,3.427343135581421e-6,3.427343135581421e-6,294.05288963603493,0.2308561945508085,2.866820487452089,309.19670352861664,277.7093853618385,0.7007237232287921,2.1898402087884437,NaN,NaN,NaN,NaN,not_run,not_applicable,,0,stage_b_features_v1,not_applicable,0,[],[],[],0,0,none,NaN,NaN,NaN,NaN,0,not_applicable,none,NaN,NaN,NaN,NaN,1,3
-0.5,independent_oracle,130.0,not_run,not_run,not_run,uniform_nested,not_applicable,confirmed_first_order,confirmed_first_order,,confirmed_first_order,standard,true,5.532142438369192e-6,7.190334593065728e-6,1.5190641945303374e-6,1.2473463408397051e-6,245.59254070805054,0.8111084501764207,2.889205938299623,249.89183358080908,240.17813326565295,1.2996029654704158,2.490007626140614,NaN,NaN,NaN,NaN,not_run,not_applicable,,0,stage_b_features_v1,not_applicable,0,[],[],[],0,0,none,NaN,NaN,NaN,NaN,0,not_applicable,none,NaN,NaN,NaN,NaN,1,3
-0.5,independent_oracle,147.0947265625,not_run,not_run,not_run,uniform_nested,not_applicable,confirmed_first_order,confirmed_first_order,,confirmed_first_order,standard,true,1.181465137278792e-6,0.00038591805018528547,1.6875522733762618e-9,3.502624229698369e-10,202.24673663430752,2.201213867261789,2.2586564950559955,202.24685005286508,202.24662187747788,2.2134809791038967,2.246598895382661,NaN,NaN,NaN,NaN,not_run,not_applicable,,0,stage_b_features_v1,not_applicable,0,[],[],[],0,0,none,NaN,NaN,NaN,NaN,0,not_applicable,none,NaN,NaN,NaN,NaN,1,3
-0.5,independent_oracle,147.2197265625,not_run,not_run,not_run,uniform_nested,not_applicable,confirmed_monotone,confirmed_monotone,,confirmed_monotone,standard,true,0.0,0.0,0.0,NaN,NaN,NaN,NaN,NaN,NaN,NaN,NaN,NaN,NaN,NaN,NaN,not_run,not_applicable,,0,stage_b_features_v1,not_applicable,0,[],[],[],0,0,none,NaN,NaN,NaN,NaN,0,not_applicable,none,NaN,NaN,NaN,NaN,0,0
-0.5,independent_oracle,160.0,not_run,not_run,not_run,uniform_nested,not_applicable,confirmed_monotone,confirmed_monotone,,confirmed_monotone,standard,true,0.0,0.0,0.0,NaN,NaN,NaN,NaN,NaN,NaN,NaN,NaN,NaN,NaN,NaN,NaN,not_run,not_applicable,,0,stage_b_features_v1,not_applicable,0,[],[],[],0,0,none,NaN,NaN,NaN,NaN,0,not_applicable,none,NaN,NaN,NaN,NaN,0,0
0.0,independent_oracle,5.0,not_run,not_run,not_run,uniform_nested,not_applicable,confirmed_first_order,ambiguous_near_critical,confirmed_first_order,confirmed_first_order,deep_oracle,true,0.003605117658821655,0.0013083467969123984,2.8891638538754605e-6,2.8891638538754605e-6,361.0338981018079,0.0013803225214286212,2.504456479111704,378.5232458020969,346.4862765170751,0.23198031771840597,1.8897696470165894,NaN,NaN,NaN,NaN,not_run,not_applicable,,0,stage_b_features_v1,not_applicable,0,[],[],[],0,0,none,NaN,NaN,NaN,NaN,0,not_applicable,none,NaN,NaN,NaN,NaN,1,3
0.0,independent_oracle,20.0,not_run,not_run,not_run,uniform_nested,not_applicable,confirmed_first_order,confirmed_first_order,,confirmed_first_order,standard,true,0.0006918993332192258,0.0005188525064090364,4.273984316240879e-6,1.9742809613618607e-6,360.39784304787133,0.00924391831196587,2.4994974550682056,377.366265786824,346.2045166180525,0.26029839506472396,1.8932911320670054,NaN,NaN,NaN,NaN,not_run,not_applicable,,0,stage_b_features_v1,not_applicable,0,[],[],[],0,0,none,NaN,NaN,NaN,NaN,0,not_applicable,none,NaN,NaN,NaN,NaN,1,3
0.0,independent_oracle,60.0,not_run,not_run,not_run,uniform_nested,not_applicable,confirmed_first_order,confirmed_first_order,,confirmed_first_order,standard,true,9.06360740486889e-5,2.1980949917899117e-5,2.263944689657782e-6,2.263944689657782e-6,353.4343584491875,0.11816227096207983,2.4844079273704875,365.70126441980636,342.24893071032926,0.4621890045023064,1.940751415884113,NaN,NaN,NaN,NaN,not_run,not_applicable,,0,stage_b_features_v1,not_applicable,0,[],[],[],0,0,none,NaN,NaN,NaN,NaN,0,not_applicable,none,NaN,NaN,NaN,NaN,1,3
0.0,independent_oracle,100.0,not_run,not_run,not_run,uniform_nested,not_applicable,confirmed_first_order,confirmed_first_order,,confirmed_first_order,standard,true,1.0180324409247987e-5,1.640950740405822e-5,3.872164749386503e-6,3.872164749386503e-6,331.2714274236549,0.46475682332791834,2.5299643059944392,336.3251499147179,326.0727166696207,0.8637263794321326,2.1039562058071914,NaN,NaN,NaN,NaN,not_run,not_applicable,,0,stage_b_features_v1,not_applicable,0,[],[],[],0,0,none,NaN,NaN,NaN,NaN,0,not_applicable,none,NaN,NaN,NaN,NaN,1,3
0.0,independent_oracle,120.0,not_run,not_run,not_run,uniform_nested,not_applicable,confirmed_first_order,confirmed_first_order,,confirmed_first_order,standard,true,1.1383521041352651e-6,1.7632802761902155e-5,3.0598310452674318e-6,4.3151882286269036e-7,308.60458458322216,0.9620045223462249,2.5034961623712855,309.9887412401598,307.1170340092759,1.2943478906054533,2.202364374659384,NaN,NaN,NaN,NaN,not_run,not_applicable,,0,stage_b_features_v1,not_applicable,0,[],[],[],0,0,none,NaN,NaN,NaN,NaN,0,not_applicable,none,NaN,NaN,NaN,NaN,1,3
0.0,independent_oracle,130.9619140625,not_run,not_run,not_run,uniform_nested,not_applicable,confirmed_first_order,confirmed_first_order,,confirmed_first_order,standard,true,6.762726911802019e-7,0.00016390170230984324,5.862187313688244e-8,5.862187313688244e-8,291.2621803649386,1.8749918117506081,2.0223512317193477,291.26312165894984,291.26122982442433,1.9064743609363524,1.9915169026766524,NaN,NaN,NaN,NaN,not_run,not_applicable,,0,stage_b_features_v1,not_applicable,0,[],[],[],0,0,none,NaN,NaN,NaN,NaN,0,not_applicable,none,NaN,NaN,NaN,NaN,1,3
0.0,independent_oracle,131.0869140625,not_run,not_run,not_run,uniform_nested,not_applicable,confirmed_monotone,confirmed_monotone,,confirmed_monotone,standard,true,0.0,0.0,0.0,NaN,NaN,NaN,NaN,NaN,NaN,NaN,NaN,NaN,NaN,NaN,NaN,not_run,not_applicable,,0,stage_b_features_v1,not_applicable,0,[],[],[],0,0,none,NaN,NaN,NaN,NaN,0,not_applicable,none,NaN,NaN,NaN,NaN,0,0
0.0,independent_oracle,145.0,not_run,not_run,not_run,uniform_nested,not_applicable,confirmed_monotone,confirmed_monotone,,confirmed_monotone,standard,true,0.0,0.0,0.0,NaN,NaN,NaN,NaN,NaN,NaN,NaN,NaN,NaN,NaN,NaN,NaN,not_run,not_applicable,,0,stage_b_features_v1,not_applicable,0,[],[],[],0,0,none,NaN,NaN,NaN,NaN,0,not_applicable,none,NaN,NaN,NaN,NaN,0,0
0.5,independent_oracle,5.0,not_run,not_run,not_run,uniform_nested,not_applicable,confirmed_first_order,confirmed_first_order,,confirmed_first_order,standard,true,4.003566931487512e-5,2.411878761056363e-5,3.489878440271536e-6,3.489878440271536e-6,378.938538500733,0.082729940508549,2.2070750601953435,384.8461162146268,373.73700472248964,0.40904754319741415,1.7403547445401883,NaN,NaN,NaN,NaN,not_run,not_applicable,,0,stage_b_features_v1,not_applicable,0,[],[],[],0,0,none,NaN,NaN,NaN,NaN,0,not_applicable,none,NaN,NaN,NaN,NaN,1,3
0.5,independent_oracle,20.0,not_run,not_run,not_run,uniform_nested,not_applicable,confirmed_first_order,confirmed_first_order,,confirmed_first_order,standard,true,4.1287307453785616e-5,5.016044936194397e-5,3.1634603000329156e-6,3.1634603000329156e-6,378.4644988096019,0.10924454462689988,2.201540152151904,384.146361042735,373.4609288307779,0.4311501540477843,1.7416091537948943,NaN,NaN,NaN,NaN,not_run,not_applicable,,0,stage_b_features_v1,not_applicable,0,[],[],[],0,0,none,NaN,NaN,NaN,NaN,0,not_applicable,none,NaN,NaN,NaN,NaN,1,3
0.5,independent_oracle,60.0,not_run,not_run,not_run,uniform_nested,not_applicable,confirmed_first_order,confirmed_first_order,,confirmed_first_order,standard,true,1.4308815082131332e-5,2.9803628720959097e-5,2.191857629285372e-6,4.0926212342053277e-7,372.80976224202766,0.3217426115754189,2.1560737959260012,376.3131689514491,369.6065600103371,0.6399002104616294,1.7589694939577043,NaN,NaN,NaN,NaN,not_run,not_applicable,,0,stage_b_features_v1,not_applicable,0,[],[],[],0,0,none,NaN,NaN,NaN,NaN,0,not_applicable,none,NaN,NaN,NaN,NaN,1,3
0.5,independent_oracle,90.0,not_run,not_run,not_run,uniform_nested,not_applicable,confirmed_first_order,confirmed_first_order,,confirmed_first_order,standard,true,7.172122991505603e-6,1.9974810980372126e-5,4.028624932370002e-6,2.544677745140613e-6,360.7664939982558,0.7184757673317345,2.0589229711458628,361.7905346694157,359.773430959124,0.9833584912582757,1.7750557548624084,NaN,NaN,NaN,NaN,not_run,not_applicable,,0,stage_b_features_v1,not_applicable,0,[],[],[],0,0,none,NaN,NaN,NaN,NaN,0,not_applicable,none,NaN,NaN,NaN,NaN,1,3
0.5,independent_oracle,100.0,not_run,not_run,not_run,uniform_nested,not_applicable,confirmed_first_order,confirmed_first_order,,confirmed_first_order,standard,true,1.967869138752576e-7,2.0466933209117855e-5,1.2230109203583523e-6,6.499567595633143e-7,354.1079947780863,1.000591900847693,1.9430284023293092,354.4118137262542,353.80779866007606,1.1944767576369386,1.7441394348172807,NaN,NaN,NaN,NaN,not_run,not_applicable,,0,stage_b_features_v1,not_applicable,0,[],[],[],0,0,none,NaN,NaN,NaN,NaN,0,not_applicable,none,NaN,NaN,NaN,NaN,1,3
0.5,independent_oracle,106.9599609375,not_run,not_run,not_run,uniform_nested,not_applicable,confirmed_first_order,confirmed_first_order,,confirmed_first_order,standard,true,5.465585104502679e-7,0.00013258511241631687,2.37499297186321e-8,2.0341123343254238e-8,348.3790223062989,1.4818536912250855,1.6070652773342335,348.37964662332695,348.37839798927087,1.5082990925978106,1.5805813261150623,NaN,NaN,NaN,NaN,not_run,not_applicable,,0,stage_b_features_v1,not_applicable,0,[],[],[],0,0,none,NaN,NaN,NaN,NaN,0,not_applicable,none,NaN,NaN,NaN,NaN,1,3
0.5,independent_oracle,107.0849609375,not_run,not_run,not_run,uniform_nested,not_applicable,confirmed_monotone,confirmed_monotone,,confirmed_monotone,standard,true,0.0,0.0,0.0,NaN,NaN,NaN,NaN,NaN,NaN,NaN,NaN,NaN,NaN,NaN,NaN,not_run,not_applicable,,0,stage_b_features_v1,not_applicable,0,[],[],[],0,0,none,NaN,NaN,NaN,NaN,0,not_applicable,none,NaN,NaN,NaN,NaN,0,0
0.5,independent_oracle,120.0,not_run,not_run,not_run,uniform_nested,not_applicable,confirmed_monotone,confirmed_monotone,,confirmed_monotone,standard,true,0.0,0.0,0.0,NaN,NaN,NaN,NaN,NaN,NaN,NaN,NaN,NaN,NaN,NaN,NaN,not_run,not_applicable,,0,stage_b_features_v1,not_applicable,0,[],[],[],0,0,none,NaN,NaN,NaN,NaN,0,not_applicable,none,NaN,NaN,NaN,NaN,0,0
-0.5,memoized_dense,5.0,not_run,not_run,not_run,uniform_nested,not_applicable,ambiguous_near_critical,,,,,false,0.05189156656047089,0.0016704450562311803,2.5477028298357134e-6,2.5477028298357134e-6,331.52511221955683,0.001767206678167967,2.8030705360031,372.76017116538407,301.01381055698886,0.10507931379571488,1.8607509433404152,NaN,NaN,NaN,NaN,not_run,not_applicable,,0,stage_b_features_v1,not_applicable,0,[],[],[],0,0,none,NaN,NaN,NaN,NaN,0,not_applicable,none,NaN,NaN,NaN,NaN,1,3
-0.5,memoized_dense,20.0,not_run,not_run,not_run,uniform_nested,not_applicable,ambiguous_near_critical,,,,,false,0.05693736878151867,0.0054824640833990804,4.300818270183649e-6,9.239116280280622e-7,330.80296054746714,0.0056697259641468566,2.798395118277036,370.32464019859196,300.69666731774345,0.14965303087162124,1.8660820336560198,NaN,NaN,NaN,NaN,not_run,not_applicable,,0,stage_b_features_v1,not_applicable,0,[],[],[],0,0,none,NaN,NaN,NaN,NaN,0,not_applicable,none,NaN,NaN,NaN,NaN,1,3
-0.5,memoized_dense,60.0,not_run,not_run,not_run,uniform_nested,not_applicable,confirmed_first_order,,,,,true,0.0017684706469935918,0.0004952116694052072,3.3976244686120555e-6,3.3976244686120555e-6,322.21369536722267,0.03298363045017498,2.785439851496787,351.38432451578836,296.19995123556373,0.34528210053986136,1.9372040527092627,NaN,NaN,NaN,NaN,not_run,not_applicable,,0,stage_b_features_v1,not_applicable,0,[],[],[],0,0,none,NaN,NaN,NaN,NaN,0,not_applicable,none,NaN,NaN,NaN,NaN,1,3
-0.5,memoized_dense,100.0,not_run,not_run,not_run,uniform_nested,not_applicable,confirmed_first_order,,,,,true,0.0002477126408280128,0.00011397863340792402,4.032271807985954e-6,8.033490824227571e-7,294.05282944985987,0.23085953835698317,2.8668184851860103,309.19670420227885,277.7093842389184,0.7007365412241787,2.189841522204189,NaN,NaN,NaN,NaN,not_run,not_applicable,,0,stage_b_features_v1,not_applicable,0,[],[],[],0,0,none,NaN,NaN,NaN,NaN,0,not_applicable,none,NaN,NaN,NaN,NaN,1,3
-0.5,memoized_dense,130.0,not_run,not_run,not_run,uniform_nested,not_applicable,confirmed_first_order,,,,,true,1.6869421330056866e-5,4.172647143541042e-5,1.7523635806568664e-6,1.6932317458672258e-6,245.59254633748102,0.8111156454915301,2.889202696065753,249.8918335313356,240.17813559257957,1.299609384501364,2.490003943358481,NaN,NaN,NaN,NaN,not_run,not_applicable,,0,stage_b_features_v1,not_applicable,0,[],[],[],0,0,none,NaN,NaN,NaN,NaN,0,not_applicable,none,NaN,NaN,NaN,NaN,1,3
-0.5,memoized_dense,147.0947265625,not_run,not_run,not_run,uniform_nested,not_applicable,confirmed_first_order,,,,,true,8.379707111316748e-6,0.0016515291298904167,2.375961870674019e-9,1.592359987206283e-9,202.2467365308078,2.2014304616829046,2.2582708300650896,202.24685044450305,202.2466230616538,2.213747369186942,2.246531222271036,NaN,NaN,NaN,NaN,not_run,not_applicable,,0,stage_b_features_v1,not_applicable,0,[],[],[],0,0,none,NaN,NaN,NaN,NaN,0,not_applicable,none,NaN,NaN,NaN,NaN,1,3
-0.5,memoized_dense,147.2197265625,not_run,not_run,not_run,uniform_nested,not_applicable,confirmed_monotone,,,,,true,0.0,0.0,0.0,NaN,NaN,NaN,NaN,NaN,NaN,NaN,NaN,NaN,NaN,NaN,NaN,not_run,not_applicable,,0,stage_b_features_v1,not_applicable,0,[],[],[],0,0,none,NaN,NaN,NaN,NaN,0,not_applicable,none,NaN,NaN,NaN,NaN,0,0
-0.5,memoized_dense,160.0,not_run,not_run,not_run,uniform_nested,not_applicable,confirmed_monotone,,,,,true,0.0,0.0,0.0,NaN,NaN,NaN,NaN,NaN,NaN,NaN,NaN,NaN,NaN,NaN,NaN,not_run,not_applicable,,0,stage_b_features_v1,not_applicable,0,[],[],[],0,0,none,NaN,NaN,NaN,NaN,0,not_applicable,none,NaN,NaN,NaN,NaN,0,0
0.0,memoized_dense,5.0,not_run,not_run,not_run,uniform_nested,not_applicable,ambiguous_near_critical,,,,,false,0.02016812331754636,0.004907718346834591,4.478763013877104e-6,4.478763013877104e-6,361.02531622776934,0.005226967361356753,2.504137451831476,378.52324954591853,346.4862780890844,0.23201997762742033,1.8897640861240363,NaN,NaN,NaN,NaN,not_run,not_applicable,,0,stage_b_features_v1,not_applicable,0,[],[],[],0,0,none,NaN,NaN,NaN,NaN,0,not_applicable,none,NaN,NaN,NaN,NaN,1,3
0.0,memoized_dense,20.0,not_run,not_run,not_run,uniform_nested,not_applicable,ambiguous_near_critical,,,,,false,0.00286823267043701,0.0026421937342865527,4.22606578415381e-6,4.22606578415381e-6,360.39715113149737,0.009762770787996661,2.499478980168472,377.3662542986529,346.2045163322028,0.2603176523360551,1.893283743060292,NaN,NaN,NaN,NaN,not_run,not_applicable,,0,stage_b_features_v1,not_applicable,0,[],[],[],0,0,none,NaN,NaN,NaN,NaN,0,not_applicable,none,NaN,NaN,NaN,NaN,1,3
0.0,memoized_dense,60.0,not_run,not_run,not_run,uniform_nested,not_applicable,confirmed_first_order,,,,,true,0.00037446588652301216,0.00019877178421406905,9.415605759294156e-7,9.415605759294156e-7,353.43426783108384,0.11817220613970926,2.4844018011668334,365.7012638073457,342.2489288862701,0.4622109832704599,1.940751206192998,NaN,NaN,NaN,NaN,not_run,not_applicable,,0,stage_b_features_v1,not_applicable,0,[],[],[],0,0,none,NaN,NaN,NaN,NaN,0,not_applicable,none,NaN,NaN,NaN,NaN,1,3
0.0,memoized_dense,100.0,not_run,not_run,not_run,uniform_nested,not_applicable,confirmed_first_order,,,,,true,4.1833422073978e-5,5.1758209260399646e-5,2.6936393700373383e-6,2.6936393700373383e-6,331.2714172604834,0.4647732344361162,2.529960091382392,336.3251506085938,326.07271515307826,0.8637392687194053,2.1039507169710645,NaN,NaN,NaN,NaN,not_run,not_applicable,,0,stage_b_features_v1,not_applicable,0,[],[],[],0,0,none,NaN,NaN,NaN,NaN,0,not_applicable,none,NaN,NaN,NaN,NaN,1,3
0.0,memoized_dense,120.0,not_run,not_run,not_run,uniform_nested,not_applicable,confirmed_first_order,,,,,true,9.877423167381494e-6,6.148714983478243e-5,3.074279650712219e-6,3.074279650712219e-6,308.6045851999012,0.9620078616010098,2.503478525738925,309.988741372199,307.11703514679635,1.2943592491652487,2.2023569070806843,NaN,NaN,NaN,NaN,not_run,not_applicable,,0,stage_b_features_v1,not_applicable,0,[],[],[],0,0,none,NaN,NaN,NaN,NaN,0,not_applicable,none,NaN,NaN,NaN,NaN,1,3
0.0,memoized_dense,130.9619140625,not_run,not_run,not_run,uniform_nested,not_applicable,confirmed_first_order,,,,,true,4.270854560672888e-6,0.0004064514560582211,5.164909724895841e-8,3.2436091280056726e-8,291.26218104103003,1.8750017137400388,2.0221872958480143,291.2631216999584,291.2612292828813,1.9065848819458093,1.991452654055499,NaN,NaN,NaN,NaN,not_run,not_applicable,,0,stage_b_features_v1,not_applicable,0,[],[],[],0,0,none,NaN,NaN,NaN,NaN,0,not_applicable,none,NaN,NaN,NaN,NaN,1,3
0.0,memoized_dense,131.0869140625,not_run,not_run,not_run,uniform_nested,not_applicable,confirmed_monotone,,,,,true,0.0,0.0,0.0,NaN,NaN,NaN,NaN,NaN,NaN,NaN,NaN,NaN,NaN,NaN,NaN,not_run,not_applicable,,0,stage_b_features_v1,not_applicable,0,[],[],[],0,0,none,NaN,NaN,NaN,NaN,0,not_applicable,none,NaN,NaN,NaN,NaN,0,0
0.0,memoized_dense,145.0,not_run,not_run,not_run,uniform_nested,not_applicable,confirmed_monotone,,,,,true,0.0,0.0,0.0,NaN,NaN,NaN,NaN,NaN,NaN,NaN,NaN,NaN,NaN,NaN,NaN,not_run,not_applicable,,0,stage_b_features_v1,not_applicable,0,[],[],[],0,0,none,NaN,NaN,NaN,NaN,0,not_applicable,none,NaN,NaN,NaN,NaN,0,0
0.5,memoized_dense,5.0,not_run,not_run,not_run,uniform_nested,not_applicable,confirmed_first_order,,,,,true,0.00015669461470224633,0.00015990450949381063,1.994456107276732e-6,1.994456107276732e-6,378.9384984731856,0.08275405943675347,2.207070435470985,384.84611986272773,373.73700584856863,0.40905210585404783,1.740353128368661,NaN,NaN,NaN,NaN,not_run,not_applicable,,0,stage_b_features_v1,not_applicable,0,[],[],[],0,0,none,NaN,NaN,NaN,NaN,0,not_applicable,none,NaN,NaN,NaN,NaN,1,3
0.5,memoized_dense,20.0,not_run,not_run,not_run,uniform_nested,not_applicable,confirmed_first_order,,,,,true,0.00015495522546871143,0.00010843829498599633,1.3763493991850454e-6,9.42456651120284e-9,378.4644575212865,0.10929470505860388,2.201532709792274,384.1463609390462,373.46092785317944,0.43117143431757043,1.7416031895704505,NaN,NaN,NaN,NaN,not_run,not_applicable,,0,stage_b_features_v1,not_applicable,0,[],[],[],0,0,none,NaN,NaN,NaN,NaN,0,not_applicable,none,NaN,NaN,NaN,NaN,1,3
0.5,memoized_dense,60.0,not_run,not_run,not_run,uniform_nested,not_applicable,confirmed_first_order,,,,,true,6.0501884490804514e-5,7.524403965442072e-5,2.20378087910692e-6,2.20378087910692e-6,372.80974794603776,0.3217724167866758,2.156072139634981,376.31317133767436,369.6065610397167,0.6399088660338922,1.7589667576962837,NaN,NaN,NaN,NaN,not_run,not_applicable,,0,stage_b_features_v1,not_applicable,0,[],[],[],0,0,none,NaN,NaN,NaN,NaN,0,not_applicable,none,NaN,NaN,NaN,NaN,1,3
0.5,memoized_dense,90.0,not_run,not_run,not_run,uniform_nested,not_applicable,confirmed_first_order,,,,,true,7.963963469137525e-6,0.00010496097647549885,4.036256960240114e-6,4.036256960240114e-6,360.76648682398786,0.7184773844791738,2.058902994426328,361.7905356917378,359.7734309772109,0.9833696184520625,1.7750420992098348,NaN,NaN,NaN,NaN,not_run,not_applicable,,0,stage_b_features_v1,not_applicable,0,[],[],[],0,0,none,NaN,NaN,NaN,NaN,0,not_applicable,none,NaN,NaN,NaN,NaN,1,3
0.5,memoized_dense,100.0,not_run,not_run,not_run,uniform_nested,not_applicable,confirmed_first_order,,,,,true,6.26708140316623e-6,0.00011392187457470726,2.334950622119774e-6,1.2224855076128756e-6,354.1079949180489,1.0005984664916743,1.9430210193759916,354.41181392289843,353.807798744035,1.194497243547316,1.7441206671715794,NaN,NaN,NaN,NaN,not_run,not_applicable,,0,stage_b_features_v1,not_applicable,0,[],[],[],0,0,none,NaN,NaN,NaN,NaN,0,not_applicable,none,NaN,NaN,NaN,NaN,1,3
0.5,memoized_dense,106.9599609375,not_run,not_run,not_run,uniform_nested,not_applicable,confirmed_first_order,,,,,true,4.7289303211073275e-6,0.000835932059568778,2.3769463245219663e-8,2.3769463245219663e-8,348.37902189967997,1.4818940562722835,1.607001357725205,348.37964717136884,348.3783978492249,1.5083876998802805,1.5804488022462087,NaN,NaN,NaN,NaN,not_run,not_applicable,,0,stage_b_features_v1,not_applicable,0,[],[],[],0,0,none,NaN,NaN,NaN,NaN,0,not_applicable,none,NaN,NaN,NaN,NaN,1,3
0.5,memoized_dense,107.0849609375,not_run,not_run,not_run,uniform_nested,not_applicable,confirmed_monotone,,,,,true,0.0,0.0,0.0,NaN,NaN,NaN,NaN,NaN,NaN,NaN,NaN,NaN,NaN,NaN,NaN,not_run,not_applicable,,0,stage_b_features_v1,not_applicable,0,[],[],[],0,0,none,NaN,NaN,NaN,NaN,0,not_applicable,none,NaN,NaN,NaN,NaN,0,0
0.5,memoized_dense,120.0,not_run,not_run,not_run,uniform_nested,not_applicable,confirmed_monotone,,,,,true,0.0,0.0,0.0,NaN,NaN,NaN,NaN,NaN,NaN,NaN,NaN,NaN,NaN,NaN,NaN,not_run,not_applicable,,0,stage_b_features_v1,not_applicable,0,[],[],[],0,0,none,NaN,NaN,NaN,NaN,0,not_applicable,none,NaN,NaN,NaN,NaN,0,0
-0.5,production_hybrid,5.0,ambiguous_near_critical,ambiguous_near_critical,confirmed_first_order,stage_c_endpoint_local_v2,endpoint_local_v2_certificate,confirmed_first_order,,,,,true,4.272035425856302e-6,2.8992814456359623e-7,6.22742449136657e-7,6.22742449136657e-7,331.57372371262966,0.0,2.8043648716253675,372.7601711683876,301.0138105583955,0.10507930457920539,1.8607509433404121,0.0,0.00625,301.0138105583955,372.7601711683876,endpoint_local,three_crossing_endpoint_local_v2,stage_b_right_crossing_bracket;endpoint_local_midpoint,654,stage_b_features_v1,geometry_certificate_closed,12,"[{""rho"":0.003125,""feature"":""endpoint_anchor"",""rank"":1,""batch"":0},{""rho"":0.0015625,""feature"":""endpoint_local_midpoint"",""rank"":2,""batch"":1},{""rho"":0.00078125,""feature"":""endpoint_local_midpoint"",""rank"":3,""batch"":2},{""rho"":0.000390625,""feature"":""endpoint_local_midpoint"",""rank"":4,""batch"":3},{""rho"":0.0001953125,""feature"":""endpoint_local_midpoint"",""rank"":5,""batch"":4},{""rho"":9.765625e-5,""feature"":""endpoint_local_midpoint"",""rank"":6,""batch"":5},{""rho"":4.8828125e-5,""feature"":""endpoint_local_midpoint"",""rank"":7,""batch"":6},{""rho"":2.44140625e-5,""feature"":""endpoint_local_midpoint"",""rank"":8,""batch"":7},{""rho"":1.220703125e-5,""feature"":""endpoint_local_midpoint"",""rank"":9,""batch"":8},{""rho"":6.103515625e-6,""feature"":""endpoint_local_midpoint"",""rank"":10,""batch"":9},{""rho"":3.0517578125e-6,""feature"":""endpoint_local_midpoint"",""rank"":11,""batch"":10},{""rho"":1.52587890625e-6,""feature"":""endpoint_local_midpoint"",""rank"":12,""batch"":11},{""rho"":7.62939453125e-7,""feature"":""endpoint_local_midpoint"",""rank"":13,""batch"":12}]",[],"[{""level"":0,""rho_midpoint"":null,""bracket_low"":0.0,""bracket_high"":0.00625,""bracket_width"":0.00625,""status"":""valid"",""reason"":""ok"",""candidate_count"":1,""crossing_count"":3,""rho_hadron"":0.0009132396002870507,""rho_quark"":2.8037355621761892,""area_residual"":7.880811048175708e-7,""position_error_MeV"":0.02506189576217821,""density_error"":0.0008670613019472501,""maxwell_area"":4.320545680762362e-6,""geometry_converged"":false,""route_kind"":""anchor"",""sample_role"":""endpoint_anchor""},{""level"":1,""rho_midpoint"":0.0015625,""bracket_low"":0.0,""bracket_high"":0.003125,""bracket_width"":0.003125,""status"":""valid"",""reason"":""ok"",""candidate_count"":1,""crossing_count"":3,""rho_hadron"":0.00046806479941402675,""rho_quark"":2.8040596864013008,""area_residual"":1.5869123482203365e-7,""position_error_MeV"":0.01217316491499787,""density_error"":0.00044517480087302394,""maxwell_area"":7.880811048175708e-7,""geometry_converged"":true,""route_kind"":""midpoint"",""sample_role"":""endpoint_local_midpoint""},{""level"":2,""rho_midpoint"":0.00078125,""bracket_low"":0.0,""bracket_high"":0.0015625,""bracket_width"":0.0015625,""status"":""valid"",""reason"":""ok"",""candidate_count"":1,""crossing_count"":3,""rho_hadron"":0.00023985829005944605,""rho_quark"":2.804216999545129,""area_residual"":2.878016457830211e-6,""position_error_MeV"":0.00590822497906629,""density_error"":0.0002282065093545807,""maxwell_area"":2.878016457830211e-6,""geometry_converged"":true,""route_kind"":""midpoint"",""sample_role"":""endpoint_local_midpoint""},{""level"":3,""rho_midpoint"":0.000390625,""bracket_low"":0.0,""bracket_high"":0.00078125,""bracket_width"":0.00078125,""status"":""valid"",""reason"":""ok"",""candidate_count"":1,""crossing_count"":3,""rho_hadron"":0.00012294092357603126,""rho_quark"":2.8042933242880816,""area_residual"":2.735869201204576e-6,""position_error_MeV"":0.002866535763359934,""density_error"":0.00011691736648341479,""maxwell_area"":2.878016457830211e-6,""geometry_converged"":true,""route_kind"":""midpoint"",""sample_role"":""endpoint_local_midpoint""},{""level"":4,""rho_midpoint"":0.0001953125,""bracket_low"":0.0,""bracket_high"":0.000390625,""bracket_width"":0.000390625,""status"":""valid"",""reason"":""ok"",""candidate_count"":1,""crossing_count"":3,""rho_hadron"":6.304101507626316e-5,""rho_quark"":2.8043302923081432,""area_residual"":4.825268121957547e-6,""position_error_MeV"":0.0013884115099358496,""density_error"":5.9899908499768095e-5,""maxwell_area"":4.825268121957547e-6,""geometry_converged"":true,""route_kind"":""midpoint"",""sample_role"":""endpoint_local_midpoint""},{""level"":5,""rho_midpoint"":9.765625e-5,""bracket_low"":0.0,""bracket_high"":0.0001953125,""bracket_width"":0.0001953125,""status"":""valid"",""reason"":""ok"",""candidate_count"":1,""crossing_count"":3,""rho_hadron"":3.234364433022709e-5,""rho_quark"":2.804348264453279,""area_residual"":2.1748668317984215e-6,""position_error_MeV"":0.0006749815955231497,""density_error"":3.069737074603607e-5,""maxwell_area"":4.825268121957547e-6,""geometry_converged"":true,""route_kind"":""midpoint"",""sample_role"":""endpoint_local_midpoint""},{""level"":6,""rho_midpoint"":4.8828125e-5,""bracket_low"":0.0,""bracket_high"":9.765625e-5,""bracket_width"":9.765625e-5,""status"":""valid"",""reason"":""ok"",""candidate_count"":1,""crossing_count"":3,""rho_hadron"":1.6604604001820427e-5,""rho_quark"":2.8043569092825833,""area_residual"":8.211460658145791e-7,""position_error_MeV"":0.00032467469145558425,""density_error"":1.5739040328406663e-5,""maxwell_area"":2.1748668317984215e-6,""geometry_converged"":true,""route_kind"":""midpoint"",""sample_role"":""endpoint_local_midpoint""},{""level"":7,""rho_midpoint"":2.44140625e-5,""bracket_low"":0.0,""bracket_high"":4.8828125e-5,""bracket_width"":4.8828125e-5,""status"":""valid"",""reason"":""ok"",""candidate_count"":1,""crossing_count"":3,""rho_hadron"":8.53037441950037e-6,""rho_quark"":2.804361117949484,""area_residual"":3.774359602298793e-6,""position_error_MeV"":0.00015806531041562266,""density_error"":8.074229582320058e-6,""maxwell_area"":3.774359602298793e-6,""geometry_converged"":true,""route_kind"":""midpoint"",""sample_role"":""endpoint_local_midpoint""},{""level"":8,""rho_midpoint"":1.220703125e-5,""bracket_low"":0.0,""bracket_high"":2.44140625e-5,""bracket_width"":2.44140625e-5,""status"":""valid"",""reason"":""ok"",""candidate_count"":1,""crossing_count"":3,""rho_hadron"":4.385608008424683e-6,""rho_quark"":2.8043630516613027,""area_residual"":4.876143811104639e-6,""position_error_MeV"":7.262460206902688e-5,""density_error"":4.1447664110756865e-6,""maxwell_area"":4.876143811104639e-6,""geometry_converged"":true,""route_kind"":""midpoint"",""sample_role"":""endpoint_local_midpoint""},{""level"":9,""rho_midpoint"":6.103515625e-6,""bracket_low"":0.0,""bracket_high"":1.220703125e-5,""bracket_width"":1.220703125e-5,""status"":""valid"",""reason"":""ok"",""candidate_count"":1,""crossing_count"":3,""rho_hadron"":2.2564850064896976e-6,""rho_quark"":2.8043640753910872,""area_residual"":7.301524605388783e-7,""position_error_MeV"":3.844831866217646e-5,""density_error"":2.1291230019349854e-6,""maxwell_area"":4.876143811104639e-6,""geometry_converged"":true,""route_kind"":""midpoint"",""sample_role"":""endpoint_local_midpoint""},{""level"":10,""rho_midpoint"":3.0517578125e-6,""bracket_low"":0.0,""bracket_high"":6.103515625e-6,""bracket_width"":6.103515625e-6,""status"":""valid"",""reason"":""ok"",""candidate_count"":1,""crossing_count"":3,""rho_hadron"":1.1619912946790068e-6,""rho_quark"":2.8043645303821045,""area_residual"":4.7357567802046524e-7,""position_error_MeV"":1.7088141703425208e-5,""density_error"":1.0944937118106908e-6,""maxwell_area"":7.301524605388783e-7,""geometry_converged"":true,""route_kind"":""midpoint"",""sample_role"":""endpoint_local_midpoint""},{""level"":11,""rho_midpoint"":1.52587890625e-6,""bracket_low"":0.0,""bracket_high"":3.0517578125e-6,""bracket_width"":3.0517578125e-6,""status"":""valid"",""reason"":""ok"",""candidate_count"":1,""crossing_count"":3,""rho_hadron"":5.98909754405771e-7,""rho_quark"":2.804364757877613,""area_residual"":7.760949105578953e-8,""position_error_MeV"":8.544070851712604e-6,""density_error"":5.630815402732358e-7,""maxwell_area"":4.7357567802046524e-7,""geometry_converged"":true,""route_kind"":""midpoint"",""sample_role"":""endpoint_local_midpoint""},{""level"":12,""rho_midpoint"":7.62939453125e-7,""bracket_low"":0.0,""bracket_high"":1.52587890625e-6,""bracket_width"":1.52587890625e-6,""status"":""valid"",""reason"":""ok"",""candidate_count"":1,""crossing_count"":3,""rho_hadron"":3.089816098421748e-7,""rho_quark"":2.8043648716253675,""area_residual"":6.22742449136657e-7,""position_error_MeV"":4.272035425856302e-6,""density_error"":2.8992814456359623e-7,""maxwell_area"":6.22742449136657e-7,""geometry_converged"":true,""route_kind"":""midpoint"",""sample_role"":""endpoint_local_midpoint""}]",0,12,endpoint_limited_first_order,0.0,7.62939453125e-7,3.089816098421748e-7,0.003125,12,three_crossing_endpoint_local_v2,three_crossing_endpoint_local_v2,0.0,0.00625,2.8,2.80625,1,3
-0.5,production_hybrid,20.0,ambiguous_near_critical,ambiguous_near_critical,confirmed_first_order,stage_c_endpoint_local_v2,endpoint_local_v2_certificate,confirmed_first_order,,,,,true,1.0364747538460506e-5,3.2379842587395115e-5,3.5985553198449602e-6,3.6504646217915687e-7,330.8402923018356,0.00016163281964185123,2.799388026152809,370.32464021513215,300.69666731685703,0.1496530317947231,1.8660820336585606,0.0,0.00625,300.69666731685703,370.32464021513215,endpoint_local,three_crossing_endpoint_local_v2,stage_b_right_crossing_bracket;endpoint_local_midpoint,647,stage_b_features_v1,geometry_certificate_closed,5,"[{""rho"":0.003125,""feature"":""endpoint_anchor"",""rank"":1,""batch"":0},{""rho"":0.0015625,""feature"":""endpoint_local_midpoint"",""rank"":2,""batch"":1},{""rho"":0.00078125,""feature"":""endpoint_local_midpoint"",""rank"":3,""batch"":2},{""rho"":0.000390625,""feature"":""endpoint_local_midpoint"",""rank"":4,""batch"":3},{""rho"":0.0001953125,""feature"":""endpoint_local_midpoint"",""rank"":5,""batch"":4},{""rho"":9.765625e-5,""feature"":""endpoint_local_midpoint"",""rank"":6,""batch"":5}]",[],"[{""level"":0,""rho_midpoint"":null,""bracket_low"":0.0,""bracket_high"":0.00625,""bracket_width"":0.00625,""status"":""valid"",""reason"":""ok"",""candidate_count"":1,""crossing_count"":3,""rho_hadron"":0.002882751452733397,""rho_quark"":2.7990117918570263,""area_residual"":1.4264411853320922e-7,""position_error_MeV"":0.02316935666971176,""density_error"":0.0027833636179195034,""maxwell_area"":1.1679834267640113e-6,""geometry_converged"":false,""route_kind"":""anchor"",""sample_role"":""endpoint_anchor""},{""level"":1,""rho_midpoint"":0.0015625,""bracket_low"":0.0,""bracket_high"":0.003125,""bracket_width"":0.003125,""status"":""valid"",""reason"":""ok"",""candidate_count"":1,""crossing_count"":3,""rho_hadron"":0.0014673895115115724,""rho_quark"":2.799258571562175,""area_residual"":4.460094631330517e-7,""position_error_MeV"":0.009278522005331524,""density_error"":0.0014153619412218246,""maxwell_area"":4.460094631330517e-7,""geometry_converged"":true,""route_kind"":""midpoint"",""sample_role"":""endpoint_local_midpoint""},{""level"":2,""rho_midpoint"":0.00078125,""bracket_low"":0.0,""bracket_high"":0.0015625,""bracket_width"":0.0015625,""status"":""valid"",""reason"":""ok"",""candidate_count"":1,""crossing_count"":3,""rho_hadron"":0.000747256255466083,""rho_quark"":2.799350700446736,""area_residual"":6.264268628190621e-8,""position_error_MeV"":0.003463898630627682,""density_error"":0.0007201332560454894,""maxwell_area"":4.460094631330517e-7,""geometry_converged"":true,""route_kind"":""midpoint"",""sample_role"":""endpoint_local_midpoint""},{""level"":3,""rho_midpoint"":0.000390625,""bracket_low"":0.0,""bracket_high"":0.00078125,""bracket_width"":0.00078125,""status"":""valid"",""reason"":""ok"",""candidate_count"":1,""crossing_count"":3,""rho_hadron"":0.0003806851653375961,""rho_quark"":2.7993808036011165,""area_residual"":2.9867701854720003e-6,""position_error_MeV"":0.0011318304322571748,""density_error"":0.0003665710901284869,""maxwell_area"":2.9867701854720003e-6,""geometry_converged"":true,""route_kind"":""midpoint"",""sample_role"":""endpoint_local_midpoint""},{""level"":4,""rho_midpoint"":0.0001953125,""bracket_low"":0.0,""bracket_high"":0.000390625,""bracket_width"":0.000390625,""status"":""valid"",""reason"":""ok"",""candidate_count"":1,""crossing_count"":3,""rho_hadron"":0.00019401266222924635,""rho_quark"":2.7993877504828975,""area_residual"":3.5985553198449602e-6,""position_error_MeV"":0.0002611916382306845,""density_error"":0.00018667250310834977,""maxwell_area"":3.5985553198449602e-6,""geometry_converged"":true,""route_kind"":""midpoint"",""sample_role"":""endpoint_local_midpoint""},{""level"":5,""rho_midpoint"":9.765625e-5,""bracket_low"":0.0,""bracket_high"":0.0001953125,""bracket_width"":0.0001953125,""status"":""valid"",""reason"":""ok"",""candidate_count"":1,""crossing_count"":3,""rho_hadron"":0.00016163281964185123,""rho_quark"":2.799388026152809,""area_residual"":3.6504646217915687e-7,""position_error_MeV"":1.0364747538460506e-5,""density_error"":3.2379842587395115e-5,""maxwell_area"":3.5985553198449602e-6,""geometry_converged"":true,""route_kind"":""midpoint"",""sample_role"":""endpoint_local_midpoint""}]",0,5,endpoint_local_geometry_first_order,9.765625e-5,0.0001953125,0.00016163281964185123,0.003125,5,three_crossing_endpoint_local_v2,three_crossing_endpoint_local_v2,0.0,0.00625,2.7937499999999997,2.8,1,3
-0.5,production_hybrid,60.0,ambiguous_near_critical,confirmed_first_order,confirmed_first_order,stage_c,extrema_guard_stage_c_first_order_geometry_pass,confirmed_first_order,,,,,true,0.0001021321193093172,8.301872723927295e-5,4.214283315985304e-6,4.214283315985304e-6,322.2137974998554,0.03290061185066189,2.7854422542739656,351.3843185019893,296.19995089413385,0.3452550079124589,1.937197577162414,0.00625,3.63125,296.1999512364633,351.3843245158687,ok,first_strict_outer_samples,extrema_outer_samples_v1,653,stage_b_features_v1,geometry_certificate_closed,12,"[{""rho"":0.034375,""feature"":""stage_b_features_v1"",""rank"":1,""batch"":1},{""rho"":1.253125,""feature"":""stage_b_features_v1"",""rank"":2,""batch"":1},{""rho"":2.784375,""feature"":""stage_b_features_v1"",""rank"":3,""batch"":1},{""rho"":0.346875,""feature"":""stage_b_features_v1"",""rank"":4,""batch"":1},{""rho"":1.934375,""feature"":""stage_b_features_v1"",""rank"":5,""batch"":1},{""rho"":1.3218750000000001,""feature"":""stage_b_features_v1"",""rank"":6,""batch"":1},{""rho"":1.4281249999999999,""feature"":""stage_b_features_v1"",""rank"":7,""batch"":1},{""rho"":1.5718750000000001,""feature"":""stage_b_features_v1"",""rank"":8,""batch"":1},{""rho"":0.07187500000000001,""feature"":""stage_b_features_v1"",""rank"":9,""batch"":1},{""rho"":0.009375000000000001,""feature"":""stage_b_features_v1"",""rank"":10,""batch"":1},{""rho"":0.015625,""feature"":""stage_b_features_v1"",""rank"":11,""batch"":1},{""rho"":0.021875000000000002,""feature"":""stage_b_features_v1"",""rank"":12,""batch"":1}]",[],[],0,12,none,NaN,NaN,NaN,NaN,0,first_strict_outer_samples,none,NaN,NaN,NaN,NaN,1,3
-0.5,production_hybrid,100.0,confirmed_first_order,confirmed_first_order,not_run,stage_b,stage_a_stage_b_first_order_geometry_pass,confirmed_first_order,,,,,true,0.0012583579347733576,0.000337650698338382,3.0531527543788475e-6,7.982758947854126e-7,294.0528294497777,0.23085953835558087,2.866818485213147,309.1967042021205,277.7093842389184,0.7007365412216617,2.189841522204189,NaN,NaN,NaN,NaN,not_run,stage_b_certificate,,0,stage_b_features_v1,stage_b_certificate,0,[],[],[],0,0,none,NaN,NaN,NaN,NaN,0,stage_b_certificate,none,NaN,NaN,NaN,NaN,1,3
-0.5,production_hybrid,130.0,confirmed_first_order,confirmed_first_order,not_run,stage_b,stage_a_stage_b_first_order_geometry_pass,confirmed_first_order,,,,,true,0.00011823266964938739,0.00023971152271951013,1.6487638129982984e-6,1.6487638129982984e-6,245.59254631398048,0.8111156443534512,2.8892026950917864,249.8918335098882,240.17813556649332,1.2996093685436372,2.490003888585918,NaN,NaN,NaN,NaN,not_run,stage_b_certificate,,0,stage_b_features_v1,stage_b_certificate,0,[],[],[],0,0,none,NaN,NaN,NaN,NaN,0,stage_b_certificate,none,NaN,NaN,NaN,NaN,1,3
-0.5,production_hybrid,147.0947265625,ambiguous_near_critical,confirmed_first_order,confirmed_first_order,stage_c,extrema_guard_stage_c_first_order_geometry_pass,confirmed_first_order,,,,,true,6.2696294378383755e-6,0.00038361067419856454,9.366499593842917e-10,5.943804014432059e-10,202.2467366362531,2.2012140133896776,2.258656597573987,202.2468500555461,202.2466218786794,2.213477900765322,2.2465990028479284,2.19375,2.26875,202.24662814830884,202.24685044300554,ok,first_strict_outer_samples,extrema_outer_samples_v1,653,stage_b_features_v1,geometry_certificate_closed,12,"[{""rho"":2.203125,""feature"":""stage_b_features_v1"",""rank"":1,""batch"":1},{""rho"":2.2281250000000004,""feature"":""stage_b_features_v1"",""rank"":2,""batch"":1},{""rho"":2.246875,""feature"":""stage_b_features_v1"",""rank"":3,""batch"":1},{""rho"":2.2593750000000004,""feature"":""stage_b_features_v1"",""rank"":4,""batch"":1},{""rho"":2.215625,""feature"":""stage_b_features_v1"",""rank"":5,""batch"":1},{""rho"":2.2093750000000005,""feature"":""stage_b_features_v1"",""rank"":6,""batch"":1},{""rho"":2.1968750000000004,""feature"":""stage_b_features_v1"",""rank"":7,""batch"":1},{""rho"":2.253125,""feature"":""stage_b_features_v1"",""rank"":8,""batch"":1},{""rho"":2.234375,""feature"":""stage_b_features_v1"",""rank"":9,""batch"":1},{""rho"":2.265625,""feature"":""stage_b_features_v1"",""rank"":10,""batch"":1},{""rho"":2.221875,""feature"":""stage_b_features_v1"",""rank"":11,""batch"":1},{""rho"":2.2406249999999996,""feature"":""stage_b_features_v1"",""rank"":12,""batch"":1}]",[],[],0,12,none,NaN,NaN,NaN,NaN,0,first_strict_outer_samples,none,NaN,NaN,NaN,NaN,1,3
-0.5,production_hybrid,147.2197265625,confirmed_monotone,not_run,not_run,stage_a,stage_a_certificate,confirmed_monotone,,,,,true,0.0,0.0,0.0,NaN,NaN,NaN,NaN,NaN,NaN,NaN,NaN,NaN,NaN,NaN,NaN,not_run,stage_a_certificate,,0,stage_b_features_v1,stage_a_certificate,0,[],[],[],12,0,none,NaN,NaN,NaN,NaN,0,stage_a_certificate,none,NaN,NaN,NaN,NaN,0,0
-0.5,production_hybrid,160.0,confirmed_monotone,not_run,not_run,stage_a,stage_a_certificate,confirmed_monotone,,,,,true,0.0,0.0,0.0,NaN,NaN,NaN,NaN,NaN,NaN,NaN,NaN,NaN,NaN,NaN,NaN,not_run,stage_a_certificate,,0,stage_b_features_v1,stage_a_certificate,0,[],[],[],0,0,none,NaN,NaN,NaN,NaN,0,stage_a_certificate,none,NaN,NaN,NaN,NaN,0,0
0.0,production_hybrid,5.0,ambiguous_near_critical,ambiguous_near_critical,confirmed_first_order,stage_c_endpoint_local_v2,endpoint_local_v2_certificate,confirmed_first_order,,,,,true,3.815192201273021e-6,3.2508089175343685e-5,3.2400732510351232e-6,4.6272734047252866e-7,361.0392798322485,6.329345425427438e-5,2.5045008323863702,378.52324954594445,346.48627809113873,0.2320199776271443,1.8897640861242144,0.0,0.00625,346.48627809113873,378.52324954594445,endpoint_local,three_crossing_endpoint_local_v2,stage_b_right_crossing_bracket;endpoint_local_midpoint,648,stage_b_features_v1,geometry_certificate_closed,6,"[{""rho"":0.003125,""feature"":""endpoint_anchor"",""rank"":1,""batch"":0},{""rho"":0.0015625,""feature"":""endpoint_local_midpoint"",""rank"":2,""batch"":1},{""rho"":0.00078125,""feature"":""endpoint_local_midpoint"",""rank"":3,""batch"":2},{""rho"":0.000390625,""feature"":""endpoint_local_midpoint"",""rank"":4,""batch"":3},{""rho"":0.0001953125,""feature"":""endpoint_local_midpoint"",""rank"":5,""batch"":4},{""rho"":9.765625e-5,""feature"":""endpoint_local_midpoint"",""rank"":6,""batch"":5},{""rho"":4.8828125e-5,""feature"":""endpoint_local_midpoint"",""rank"":7,""batch"":6}]",[],"[{""level"":0,""rho_midpoint"":null,""bracket_low"":0.0,""bracket_high"":0.00625,""bracket_width"":0.00625,""status"":""valid"",""reason"":""ok"",""candidate_count"":1,""crossing_count"":3,""rho_hadron"":0.0026893904361642226,""rho_quark"":2.504353693058891,""area_residual"":3.3432558402777808e-6,""position_error_MeV"":0.008317118932609446,""density_error"":0.0025414966838165944,""maxwell_area"":3.3432558402777808e-6,""geometry_converged"":false,""route_kind"":""anchor"",""sample_role"":""endpoint_anchor""},{""level"":1,""rho_midpoint"":0.0015625,""bracket_low"":0.0,""bracket_high"":0.003125,""bracket_width"":0.003125,""status"":""valid"",""reason"":""ok"",""candidate_count"":1,""crossing_count"":3,""rho_hadron"":0.0013806256162905576,""rho_quark"":2.504443942484449,""area_residual"":4.442560687622588e-6,""position_error_MeV"":0.003468009683274431,""density_error"":0.001308764819873665,""maxwell_area"":4.442560687622588e-6,""geometry_converged"":true,""route_kind"":""midpoint"",""sample_role"":""endpoint_local_midpoint""},{""level"":2,""rho_midpoint"":0.00078125,""bracket_low"":0.0,""bracket_high"":0.0015625,""bracket_width"":0.0015625,""status"":""valid"",""reason"":""ok"",""candidate_count"":1,""crossing_count"":3,""rho_hadron"":0.0007083725127571898,""rho_quark"":2.504480479105579,""area_residual"":4.097996927502083e-6,""position_error_MeV"":0.0014039907189271617,""density_error"":0.0006722531035333678,""maxwell_area"":4.442560687622588e-6,""geometry_converged"":true,""route_kind"":""midpoint"",""sample_role"":""endpoint_local_midpoint""},{""level"":3,""rho_midpoint"":0.000390625,""bracket_low"":0.0,""bracket_high"":0.00078125,""bracket_width"":0.00078125,""status"":""valid"",""reason"":""ok"",""candidate_count"":1,""crossing_count"":3,""rho_hadron"":0.0003634600733148369,""rho_quark"":2.5044944781913907,""area_residual"":3.5398278704159864e-6,""position_error_MeV"":0.0005379420960593961,""density_error"":0.00034491243944235285,""maxwell_area"":4.097996927502083e-6,""geometry_converged"":true,""route_kind"":""midpoint"",""sample_role"":""endpoint_local_midpoint""},{""level"":4,""rho_midpoint"":0.0001953125,""bracket_low"":0.0,""bracket_high"":0.000390625,""bracket_width"":0.000390625,""status"":""valid"",""reason"":""ok"",""candidate_count"":1,""crossing_count"":3,""rho_hadron"":0.0001865520901045624,""rho_quark"":2.504499343121922,""area_residual"":2.002852888975074e-6,""position_error_MeV"":0.00018694441638444914,""density_error"":0.00017690798321027453,""maxwell_area"":3.5398278704159864e-6,""geometry_converged"":true,""route_kind"":""midpoint"",""sample_role"":""endpoint_local_midpoint""},{""level"":5,""rho_midpoint"":9.765625e-5,""bracket_low"":0.0,""bracket_high"":0.0001953125,""bracket_width"":0.0001953125,""status"":""valid"",""reason"":""ok"",""candidate_count"":1,""crossing_count"":3,""rho_hadron"":9.580154342961806e-5,""rho_quark"":2.5045007331020726,""area_residual"":3.2400732510351232e-6,""position_error_MeV"":5.3412690363074944e-5,""density_error"":9.075054667494432e-5,""maxwell_area"":3.2400732510351232e-6,""geometry_converged"":true,""route_kind"":""midpoint"",""sample_role"":""endpoint_local_midpoint""},{""level"":6,""rho_midpoint"":4.8828125e-5,""bracket_low"":0.0,""bracket_high"":9.765625e-5,""bracket_width"":9.765625e-5,""status"":""valid"",""reason"":""ok"",""candidate_count"":1,""crossing_count"":3,""rho_hadron"":6.329345425427438e-5,""rho_quark"":2.5045008323863702,""area_residual"":4.6272734047252866e-7,""position_error_MeV"":3.815192201273021e-6,""density_error"":3.2508089175343685e-5,""maxwell_area"":3.2400732510351232e-6,""geometry_converged"":true,""route_kind"":""midpoint"",""sample_role"":""endpoint_local_midpoint""}]",0,6,endpoint_local_geometry_first_order,4.8828125e-5,9.765625e-5,6.329345425427438e-5,0.003125,6,three_crossing_endpoint_local_v2,three_crossing_endpoint_local_v2,0.0,0.00625,2.5,2.50625,1,3
0.0,production_hybrid,20.0,ambiguous_near_critical,ambiguous_near_critical,confirmed_first_order,stage_c,extrema_guard_stage_c_first_order_geometry_pass,confirmed_first_order,,,,,true,0.0005434300297224581,0.0005190271851568794,4.255494827504159e-6,2.079467311415711e-6,360.39769456787957,0.009243743611611724,2.4994935725756835,377.36626577997015,346.2045165477301,0.2602983266620484,1.8932894498013295,0.0,2.93125,346.20451634384517,377.3662542986806,ok,first_strict_outer_samples,extrema_outer_samples_v1,653,stage_b_features_v1,geometry_certificate_closed,12,"[{""rho"":0.009375000000000001,""feature"":""stage_b_features_v1"",""rank"":1,""batch"":1},{""rho"":1.121875,""feature"":""stage_b_features_v1"",""rank"":2,""batch"":1},{""rho"":2.496875,""feature"":""stage_b_features_v1"",""rank"":3,""batch"":1},{""rho"":0.259375,""feature"":""stage_b_features_v1"",""rank"":4,""batch"":1},{""rho"":1.890625,""feature"":""stage_b_features_v1"",""rank"":5,""batch"":1},{""rho"":1.0718750000000001,""feature"":""stage_b_features_v1"",""rank"":6,""batch"":1},{""rho"":1.1781249999999999,""feature"":""stage_b_features_v1"",""rank"":7,""batch"":1},{""rho"":1.3218750000000001,""feature"":""stage_b_features_v1"",""rank"":8,""batch"":1},{""rho"":0.07187500000000001,""feature"":""stage_b_features_v1"",""rank"":9,""batch"":1},{""rho"":0.015625,""feature"":""stage_b_features_v1"",""rank"":10,""batch"":1},{""rho"":0.021875000000000002,""feature"":""stage_b_features_v1"",""rank"":11,""batch"":1},{""rho"":0.028125,""feature"":""stage_b_features_v1"",""rank"":12,""batch"":1}]",[],[],0,12,none,NaN,NaN,NaN,NaN,0,first_strict_outer_samples,none,NaN,NaN,NaN,NaN,1,3
0.0,production_hybrid,60.0,ambiguous_near_critical,confirmed_first_order,confirmed_first_order,stage_c,extrema_guard_stage_c_first_order_geometry_pass,confirmed_first_order,,,,,true,6.804408144489571e-6,2.1988073639345185e-5,4.14242310189145e-6,4.14242310189145e-6,353.43427465340096,0.11816160979220743,2.48440556841575,365.7012644064547,342.24893070409814,0.4621889951970575,1.940751821944847,0.05625,2.8125,342.24892892061405,365.7012638072304,ok,first_strict_outer_samples,extrema_outer_samples_v1,653,stage_b_features_v1,geometry_certificate_closed,12,"[{""rho"":0.115625,""feature"":""stage_b_features_v1"",""rank"":1,""batch"":1},{""rho"":1.2281250000000001,""feature"":""stage_b_features_v1"",""rank"":2,""batch"":1},{""rho"":2.484375,""feature"":""stage_b_features_v1"",""rank"":3,""batch"":1},{""rho"":1.940625,""feature"":""stage_b_features_v1"",""rank"":4,""batch"":1},{""rho"":0.45937500000000003,""feature"":""stage_b_features_v1"",""rank"":5,""batch"":1},{""rho"":1.1781249999999999,""feature"":""stage_b_features_v1"",""rank"":6,""batch"":1},{""rho"":0.07187500000000001,""feature"":""stage_b_features_v1"",""rank"":7,""batch"":1},{""rho"":0.07812500000000001,""feature"":""stage_b_features_v1"",""rank"":8,""batch"":1},{""rho"":1.1718749999999998,""feature"":""stage_b_features_v1"",""rank"":9,""batch"":1},{""rho"":0.465625,""feature"":""stage_b_features_v1"",""rank"":10,""batch"":1},{""rho"":0.121875,""feature"":""stage_b_features_v1"",""rank"":11,""batch"":1},{""rho"":1.946875,""feature"":""stage_b_features_v1"",""rank"":12,""batch"":1}]",[],[],0,12,none,NaN,NaN,NaN,NaN,0,first_strict_outer_samples,none,NaN,NaN,NaN,NaN,1,3
0.0,production_hybrid,100.0,confirmed_first_order,confirmed_first_order,not_run,stage_b,stage_a_stage_b_first_order_geometry_pass,confirmed_first_order,,,,,true,0.0001907274998984576,0.0003296987972547516,2.688825381474036e-6,2.688825381474036e-6,331.2714172547812,0.464773234258309,2.5299600911453393,336.32515060897134,326.07271514112205,0.8637392687201146,2.1039505363138646,NaN,NaN,NaN,NaN,not_run,stage_b_certificate,,0,stage_b_features_v1,stage_b_certificate,0,[],[],[],0,0,none,NaN,NaN,NaN,NaN,0,stage_b_certificate,none,NaN,NaN,NaN,NaN,1,3
0.0,production_hybrid,120.0,confirmed_first_order,confirmed_first_order,not_run,stage_b,stage_a_stage_b_first_order_geometry_pass,confirmed_first_order,,,,,true,4.4600974263175885e-5,0.00033102589882305633,3.082847105255728e-6,3.082847105255728e-6,308.60458519989356,0.9620078613305149,2.503478529679877,309.9887413716015,307.1170351474226,1.294359181302299,2.2023568936744864,NaN,NaN,NaN,NaN,not_run,stage_b_certificate,,0,stage_b_features_v1,stage_b_certificate,0,[],[],[],0,0,none,NaN,NaN,NaN,NaN,0,stage_b_certificate,none,NaN,NaN,NaN,NaN,1,3
0.0,production_hybrid,130.9619140625,ambiguous_near_critical,confirmed_first_order,confirmed_first_order,stage_c,extrema_guard_stage_c_first_order_geometry_pass,confirmed_first_order,,,,,true,6.808386388001963e-7,0.00016395901674437496,4.404659941677597e-8,4.404659941677597e-8,291.2621803608695,1.8749900526484427,2.0223511315337097,291.2631216490988,291.2612298261939,1.9064743609447927,1.99151711130111,1.8625,2.0374999999999996,291.2612292859632,291.26312169826065,ok,first_strict_outer_samples,extrema_outer_samples_v1,653,stage_b_features_v1,geometry_certificate_closed,12,"[{""rho"":1.871875,""feature"":""stage_b_features_v1"",""rank"":1,""batch"":1},{""rho"":1.946875,""feature"":""stage_b_features_v1"",""rank"":2,""batch"":1},{""rho"":2.0218749999999996,""feature"":""stage_b_features_v1"",""rank"":3,""batch"":1},{""rho"":1.990625,""feature"":""stage_b_features_v1"",""rank"":4,""batch"":1},{""rho"":1.9093749999999998,""feature"":""stage_b_features_v1"",""rank"":5,""batch"":1},{""rho"":1.878125,""feature"":""stage_b_features_v1"",""rank"":6,""batch"":1},{""rho"":1.903125,""feature"":""stage_b_features_v1"",""rank"":7,""batch"":1},{""rho"":1.996875,""feature"":""stage_b_features_v1"",""rank"":8,""batch"":1},{""rho"":2.028125,""feature"":""stage_b_features_v1"",""rank"":9,""batch"":1},{""rho"":2.015625,""feature"":""stage_b_features_v1"",""rank"":10,""batch"":1},{""rho"":1.865625,""feature"":""stage_b_features_v1"",""rank"":11,""batch"":1},{""rho"":1.940625,""feature"":""stage_b_features_v1"",""rank"":12,""batch"":1}]",[],[],0,12,none,NaN,NaN,NaN,NaN,0,first_strict_outer_samples,none,NaN,NaN,NaN,NaN,1,3
0.0,production_hybrid,131.0869140625,confirmed_monotone,not_run,not_run,stage_a,stage_a_certificate,confirmed_monotone,,,,,true,0.0,0.0,0.0,NaN,NaN,NaN,NaN,NaN,NaN,NaN,NaN,NaN,NaN,NaN,NaN,not_run,stage_a_certificate,,0,stage_b_features_v1,stage_a_certificate,0,[],[],[],8,0,none,NaN,NaN,NaN,NaN,0,stage_a_certificate,none,NaN,NaN,NaN,NaN,0,0
0.0,production_hybrid,145.0,confirmed_monotone,not_run,not_run,stage_a,stage_a_certificate,confirmed_monotone,,,,,true,0.0,0.0,0.0,NaN,NaN,NaN,NaN,NaN,NaN,NaN,NaN,NaN,NaN,NaN,NaN,not_run,stage_a_certificate,,0,stage_b_features_v1,stage_a_certificate,0,[],[],[],0,0,none,NaN,NaN,NaN,NaN,0,stage_a_certificate,none,NaN,NaN,NaN,NaN,0,0
0.5,production_hybrid,5.0,confirmed_first_order,confirmed_first_order,not_run,stage_b,stage_a_stage_b_first_order_geometry_pass,confirmed_first_order,,,,,true,0.0008391121741624374,0.0006689537368191889,3.110443787969117e-6,1.975908318946393e-6,378.9384984780486,0.08275405952094432,2.2070704356772577,384.84611987069627,373.73700585069724,0.40905211459244295,1.7403531283681872,NaN,NaN,NaN,NaN,not_run,stage_b_certificate,,0,stage_b_features_v1,stage_b_certificate,0,[],[],[],0,0,none,NaN,NaN,NaN,NaN,0,stage_b_certificate,none,NaN,NaN,NaN,NaN,1,3
0.5,production_hybrid,20.0,confirmed_first_order,confirmed_first_order,not_run,stage_b,stage_a_stage_b_first_order_geometry_pass,confirmed_first_order,,,,,true,0.0008193006323153895,0.0007246715352537125,9.872492047186819e-7,1.694031911319752e-9,378.4644575210202,0.10929470505395522,2.201532709782208,384.146360938756,373.46092785293416,0.43117152517087765,1.7416031956311315,NaN,NaN,NaN,NaN,not_run,stage_b_certificate,,0,stage_b_features_v1,stage_b_certificate,0,[],[],[],0,0,none,NaN,NaN,NaN,NaN,0,stage_b_certificate,none,NaN,NaN,NaN,NaN,1,3
0.5,production_hybrid,60.0,confirmed_first_order,confirmed_first_order,not_run,stage_b,stage_a_stage_b_first_order_geometry_pass,confirmed_first_order,,,,,true,0.0003005043773782745,0.00019634204475482697,3.3469306270470954e-6,2.2097196482478727e-6,372.80974794680264,0.3217724170036834,2.1560721398877876,376.31317134144876,369.60656103772976,0.6399088525419991,1.7589667576142205,NaN,NaN,NaN,NaN,not_run,stage_b_certificate,,0,stage_b_features_v1,stage_b_certificate,0,[],[],[],0,0,none,NaN,NaN,NaN,NaN,0,stage_b_certificate,none,NaN,NaN,NaN,NaN,1,3
0.5,production_hybrid,90.0,confirmed_first_order,confirmed_first_order,not_run,stage_b,stage_a_stage_b_first_order_geometry_pass,confirmed_first_order,,,,,true,5.831853212612259e-5,0.0003241125733359773,4.049508496010511e-6,4.049508496010511e-6,360.7664868170258,0.7184773836857575,2.0589029935320156,361.7905356730747,359.77343098159565,0.9833694219844314,1.7750420995991458,NaN,NaN,NaN,NaN,not_run,stage_b_certificate,,0,stage_b_features_v1,stage_b_certificate,0,[],[],[],0,0,none,NaN,NaN,NaN,NaN,0,stage_b_certificate,none,NaN,NaN,NaN,NaN,1,3
0.5,production_hybrid,100.0,confirmed_first_order,confirmed_first_order,not_run,stage_b,stage_a_stage_b_first_order_geometry_pass,confirmed_first_order,,,,,true,2.7452228948732227e-5,0.0004051318547468874,4.675145128305415e-6,1.218596564787154e-6,354.1079949178991,1.0005984700191894,1.94302101933049,354.4118139225335,353.8077987440978,1.1944971878787298,1.744120648797659,NaN,NaN,NaN,NaN,not_run,stage_b_certificate,,0,stage_b_features_v1,stage_b_certificate,0,[],[],[],0,0,none,NaN,NaN,NaN,NaN,0,stage_b_certificate,none,NaN,NaN,NaN,NaN,1,3
0.5,production_hybrid,106.9599609375,ambiguous_near_critical,confirmed_first_order,confirmed_first_order,stage_c,extrema_guard_stage_c_first_order_geometry_pass,confirmed_first_order,,,,,true,5.551306117013155e-7,0.0001301573939447298,2.4001387048951518e-8,1.7665128683706288e-9,348.37902231045484,1.4818537753184169,1.6070653549818992,348.3796466169644,348.37839800394534,1.508299195337929,1.5805813261113817,1.46875,1.61875,348.3783978521872,348.379647172095,ok,first_strict_outer_samples,extrema_outer_samples_v1,653,stage_b_features_v1,geometry_certificate_closed,12,"[{""rho"":1.484375,""feature"":""stage_b_features_v1"",""rank"":1,""batch"":1},{""rho"":1.546875,""feature"":""stage_b_features_v1"",""rank"":2,""batch"":1},{""rho"":1.609375,""feature"":""stage_b_features_v1"",""rank"":3,""batch"":1},{""rho"":1.509375,""feature"":""stage_b_features_v1"",""rank"":4,""batch"":1},{""rho"":1.5781250000000002,""feature"":""stage_b_features_v1"",""rank"":5,""batch"":1},{""rho"":1.4781250000000001,""feature"":""stage_b_features_v1"",""rank"":6,""batch"":1},{""rho"":1.6031250000000001,""feature"":""stage_b_features_v1"",""rank"":7,""batch"":1},{""rho"":1.584375,""feature"":""stage_b_features_v1"",""rank"":8,""batch"":1},{""rho"":1.503125,""feature"":""stage_b_features_v1"",""rank"":9,""batch"":1},{""rho"":1.5406250000000001,""feature"":""stage_b_features_v1"",""rank"":10,""batch"":1},{""rho"":1.490625,""feature"":""stage_b_features_v1"",""rank"":11,""batch"":1},{""rho"":1.553125,""feature"":""stage_b_features_v1"",""rank"":12,""batch"":1}]",[],[],0,12,none,NaN,NaN,NaN,NaN,0,first_strict_outer_samples,none,NaN,NaN,NaN,NaN,1,3
0.5,production_hybrid,107.0849609375,confirmed_monotone,not_run,not_run,stage_a,stage_a_certificate,confirmed_monotone,,,,,true,0.0,0.0,0.0,NaN,NaN,NaN,NaN,NaN,NaN,NaN,NaN,NaN,NaN,NaN,NaN,not_run,stage_a_certificate,,0,stage_b_features_v1,stage_a_certificate,0,[],[],[],8,0,none,NaN,NaN,NaN,NaN,0,stage_a_certificate,none,NaN,NaN,NaN,NaN,0,0
0.5,production_hybrid,120.0,confirmed_monotone,not_run,not_run,stage_a,stage_a_certificate,confirmed_monotone,,,,,true,0.0,0.0,0.0,NaN,NaN,NaN,NaN,NaN,NaN,NaN,NaN,NaN,NaN,NaN,NaN,not_run,stage_a_certificate,,0,stage_b_features_v1,stage_a_certificate,0,[],[],[],12,0,none,NaN,NaN,NaN,NaN,0,stage_a_certificate,none,NaN,NaN,NaN,NaN,0,0
