T_MeV,mu_MeV,rho,xi
130.0,-0.0,0.0,0.4
130.0,106.269683,0.005,0.4
130.0,135.914809,0.01,0.4
130.0,153.288492,0.015,0.4
130.0,165.587464,0.02,0.4
130.0,175.098347,0.025,0.4
130.0,182.843746,0.03,0.4
130.0,189.370128,0.035,0.4
130.0,195.003995,0.04,0.4
130.0,199.956069,0.045,0.4
130.0,204.370286,0.05,0.4
130.0,208.349335,0.055,0.4
130.0,211.969054,0.06,0.4
130.0,215.287042,0.065,0.4
130.0,218.348075,0.07,0.4
130.0,221.187655,0.075,0.4
130.0,223.8344,0.08,0.4
130.0,226.311722,0.085,0.4
130.0,228.639014,0.09,0.4
130.0,230.832521,0.095,0.4
130.0,232.905988,0.1,0.4
130.0,234.871146,0.105,0.4
130.0,236.738089,0.11,0.4
130.0,238.515564,0.115,0.4
130.0,240.211201,0.12,0.4
130.0,241.831694,0.125,0.4
130.0,243.382951,0.13,0.4
130.0,244.87021,0.135,0.4
130.0,246.298136,0.14,0.4
130.0,247.670904,0.145,0.4
130.0,248.992266,0.15,0.4
130.0,251.49397,0.16,0.4
130.0,253.826664,0.17,0.4
130.0,256.009744,0.18,0.4
130.0,258.05946,0.19,0.4
130.0,259.989556,0.2,0.4
130.0,261.811765,0.21,0.4
130.0,263.536182,0.22,0.4
130.0,265.171553,0.23,0.4
130.0,266.725507,0.24,0.4
130.0,268.204739,0.25,0.4
130.0,269.615156,0.26,0.4
130.0,270.961994,0.27,0.4
130.0,272.24992,0.28,0.4
130.0,273.483107,0.29,0.4
130.0,274.665305,0.3,0.4
130.0,276.889932,0.32,0.4
130.0,278.947208,0.34,0.4
130.0,279.91928,0.35,0.4
130.0,280.856523,0.36,0.4
130.0,282.634116,0.38,0.4
130.0,284.293727,0.4,0.4
130.0,285.847078,0.42,0.4
130.0,287.304257,0.44,0.4
130.0,287.999558,0.45,0.4
130.0,288.674002,0.46,0.4
130.0,289.963938,0.48,0.4
130.0,291.18075,0.5,0.4
130.0,292.33034,0.52,0.4
130.0,293.417939,0.54,0.4
130.0,293.939969,0.55,0.4
130.0,294.448208,0.56,0.4
130.0,295.425315,0.58,0.4
130.0,296.353005,0.6,0.4
130.0,297.234656,0.62,0.4
130.0,298.073323,0.64,0.4
130.0,298.477414,0.65,0.4
130.0,298.871779,0.66,0.4
130.0,299.63255,0.68,0.4
130.0,300.357941,0.7,0.4
130.0,301.050065,0.72,0.4
130.0,301.71086,0.74,0.4
130.0,302.030073,0.75,0.4
130.0,302.342112,0.76,0.4
130.0,302.945467,0.78,0.4
130.0,303.522447,0.8,0.4
130.0,304.074462,0.82,0.4
130.0,304.602824,0.84,0.4
130.0,304.858519,0.85,0.4
130.0,305.108751,0.86,0.4
130.0,305.593379,0.88,0.4
130.0,306.057768,0.9,0.4
130.0,306.502913,0.92,0.4
130.0,306.929743,0.94,0.4
130.0,307.136564,0.95,0.4
130.0,307.339131,0.96,0.4
130.0,307.731899,0.98,0.4
130.0,308.10882,1.0,0.4
130.0,308.986482,1.05,0.4
130.0,309.779912,1.1,0.4
130.0,310.498181,1.15,0.4
130.0,311.149299,1.2,0.4
130.0,311.740407,1.25,0.4
130.0,312.277928,1.3,0.4
130.0,312.767685,1.35,0.4
130.0,313.215012,1.4,0.4
130.0,313.624835,1.45,0.4
130.0,314.001746,1.5,0.4
130.0,314.350066,1.55,0.4
130.0,314.673902,1.6,0.4
130.0,314.97719,1.65,0.4
130.0,315.263745,1.7,0.4
130.0,315.537293,1.75,0.4
130.0,315.801513,1.8,0.4
130.0,316.060063,1.85,0.4
130.0,316.316616,1.9,0.4
130.0,316.574885,1.95,0.4
130.0,316.838651,2.0,0.4
130.0,317.111783,2.05,0.4
130.0,317.39826,2.1,0.4
130.0,317.702184,2.15,0.4
130.0,318.027791,2.2,0.4
130.0,318.379451,2.25,0.4
130.0,318.761659,2.3,0.4
130.0,319.179006,2.35,0.4
130.0,319.636146,2.4,0.4
130.0,320.137725,2.45,0.4
130.0,320.688299,2.5,0.4
130.0,321.292217,2.55,0.4
130.0,321.953486,2.6,0.4
130.0,322.675606,2.65,0.4
130.0,323.461402,2.7,0.4
130.0,324.312859,2.75,0.4
130.0,325.230969,2.8,0.4
130.0,326.215632,2.85,0.4
130.0,327.26561,2.9,0.4
130.0,328.378559,2.95,0.4
130.0,329.551124,3.0,0.4
130.0,77.229377,0.0025,0.4
130.0,123.58694,0.0075,0.4
130.0,145.479499,0.0125,0.4
130.0,159.883041,0.0175,0.4
130.0,170.611437,0.0225,0.4
130.0,179.150566,0.0275,0.4
130.0,186.235367,0.0325,0.4
130.0,192.283476,0.0375,0.4
130.0,197.555067,0.0425,0.4
130.0,202.22323,0.0475,0.4
130.0,206.408958,0.0525,0.4
130.0,210.200159,0.0575,0.4
130.0,213.662714,0.0625,0.4
130.0,216.847274,0.0675,0.4
130.0,219.793619,0.0725,0.4
130.0,222.533563,0.0775,0.4
130.0,225.092944,0.0825,0.4
130.0,227.493041,0.0875,0.4
130.0,229.751579,0.0925,0.4
130.0,231.883484,0.0975,0.4
130.0,233.90144,0.1025,0.4
130.0,235.816319,0.1075,0.4
130.0,237.63751,0.1125,0.4
130.0,239.373174,0.1175,0.4
130.0,241.030455,0.1225,0.4
130.0,242.615636,0.1275,0.4
130.0,244.134276,0.1325,0.4
130.0,245.591318,0.1375,0.4
130.0,246.991171,0.1425,0.4
130.0,248.337792,0.1475,0.4
130.0,250.265601,0.155,0.4
130.0,252.680148,0.165,0.4
130.0,254.935825,0.175,0.4
130.0,257.050361,0.185,0.4
130.0,259.038685,0.195,0.4
130.0,260.913481,0.205,0.4
130.0,262.685622,0.215,0.4
130.0,264.364497,0.225,0.4
130.0,265.958268,0.235,0.4
130.0,267.474077,0.245,0.4
130.0,268.918208,0.255,0.4
130.0,270.296218,0.265,0.4
130.0,271.61305,0.275,0.4
130.0,272.873112,0.285,0.4
130.0,274.080361,0.295,0.4
130.0,275.799894,0.31,0.4
130.0,277.938194,0.33,0.4
130.0,281.760874,0.37,0.4
130.0,283.477894,0.39,0.4
130.0,285.08302,0.41,0.4
130.0,286.587114,0.43,0.4
130.0,289.328508,0.47,0.4
130.0,290.581099,0.49,0.4
130.0,291.763607,0.51,0.4
130.0,292.881585,0.53,0.4
130.0,294.943163,0.57,0.4
130.0,295.895118,0.59,0.4
130.0,296.799388,0.61,0.4
130.0,297.659183,0.63,0.4
130.0,299.256726,0.67,0.4
130.0,299.999532,0.69,0.4
130.0,300.708036,0.71,0.4
130.0,301.384264,0.73,0.4
130.0,302.647179,0.77,0.4
130.0,303.237163,0.79,0.4
130.0,308.470624,1.02,0.4
130.0,308.817999,1.04,0.4
130.0,309.151599,1.06,0.4
130.0,309.472042,1.08,0.4
130.0,310.075769,1.12,0.4
130.0,310.360142,1.14,0.4
130.0,310.633536,1.16,0.4
130.0,310.896435,1.18,0.4
130.0,311.392569,1.22,0.4
130.0,311.626669,1.24,0.4
130.0,311.852004,1.26,0.4
130.0,312.068965,1.28,0.4
130.0,312.479253,1.32,0.4
130.0,312.673292,1.34,0.4
130.0,312.860382,1.36,0.4
130.0,313.04085,1.38,0.4
130.0,313.383178,1.42,0.4
130.0,313.545646,1.44,0.4
130.0,313.702709,1.46,0.4
130.0,313.854649,1.48,0.4
130.0,314.144271,1.52,0.4
130.0,314.28249,1.54,0.4
130.0,314.416664,1.56,0.4
130.0,314.54705,1.58,0.4
130.0,314.797467,1.62,0.4
130.0,314.917992,1.64,0.4
130.0,315.035719,1.66,0.4
130.0,315.150891,1.68,0.4
130.0,315.374518,1.72,0.4
130.0,315.483447,1.74,0.4
130.0,315.590766,1.76,0.4
130.0,315.69671,1.78,0.4
130.0,315.905408,1.82,0.4
130.0,316.008631,1.84,0.4
130.0,316.111415,1.86,0.4
130.0,316.213998,1.88,0.4
130.0,316.419508,1.92,0.4
130.0,316.522914,1.94,0.4
130.0,316.627077,1.96,0.4
130.0,316.73224,1.98,0.4
130.0,316.94656,2.02,0.4
130.0,317.056218,2.04,0.4
130.0,317.167882,2.06,0.4
130.0,317.281808,2.08,0.4
130.0,317.517502,2.12,0.4
130.0,317.639802,2.14,0.4
130.0,317.765433,2.16,0.4
130.0,317.89467,2.18,0.4
130.0,318.16508,2.22,0.4
130.0,318.306821,2.24,0.4
130.0,318.453303,2.26,0.4
130.0,318.604818,2.28,0.4
130.0,318.924121,2.32,0.4
130.0,319.092502,2.34,0.4
130.0,319.267101,2.36,0.4
130.0,319.448216,2.38,0.4
130.0,319.831187,2.42,0.4
130.0,320.033633,2.44,0.4
130.0,320.243777,2.46,0.4
130.0,320.461906,2.48,0.4
130.0,320.923231,2.52,0.4
130.0,321.166968,2.54,0.4
130.0,321.419763,2.56,0.4
130.0,321.681859,2.58,0.4
130.0,322.234856,2.62,0.4
130.0,322.526167,2.64,0.4
130.0,322.827594,2.66,0.4
130.0,323.139295,2.68,0.4
130.0,323.794027,2.72,0.4
130.0,324.137252,2.74,0.4
130.0,324.491136,2.76,0.4
130.0,324.855708,2.78,0.4
130.0,325.616891,2.82,0.4
130.0,326.013418,2.84,0.4
130.0,326.420462,2.86,0.4
130.0,326.837907,2.88,0.4
130.0,327.7034,2.92,0.4
130.0,328.151079,2.94,0.4
130.0,328.608426,2.96,0.4
130.0,329.075196,2.98,0.4
130.2,-0.0,0.0,0.4
130.2,76.423304,0.0025,0.4
130.2,105.468186,0.005,0.4
130.2,122.804206,0.0075,0.4
130.2,135.148346,0.01,0.4
130.2,144.726588,0.0125,0.4
130.2,152.547041,0.015,0.4
130.2,159.151468,0.0175,0.4
130.2,164.864554,0.02,0.4
130.2,169.896234,0.0225,0.4
130.2,174.390079,0.025,0.4
130.2,178.448603,0.0275,0.4
130.2,182.147561,0.03,0.4
130.2,185.544513,0.0325,0.4
130.2,188.684223,0.035,0.4
130.2,191.602189,0.0375,0.4
130.2,194.327036,0.04,0.4
130.2,196.882182,0.0425,0.4
130.2,199.287031,0.045,0.4
130.2,201.557839,0.0475,0.4
130.2,203.708358,0.05,0.4
130.2,205.75033,0.0525,0.4
130.2,207.693858,0.055,0.4
130.2,209.547696,0.0575,0.4
130.2,211.319482,0.06,0.4
130.2,213.015917,0.0625,0.4
130.2,214.642916,0.065,0.4
130.2,216.205721,0.0675,0.4
130.2,217.709005,0.07,0.4
130.2,219.156948,0.0725,0.4
130.2,220.553304,0.075,0.4
130.2,221.901458,0.0775,0.4
130.2,223.204474,0.08,0.4
130.2,224.465132,0.0825,0.4
130.2,225.685963,0.085,0.4
130.2,226.869278,0.0875,0.4
130.2,228.017193,0.09,0.4
130.2,229.13165,0.0925,0.4
130.2,230.214435,0.095,0.4
130.2,231.267196,0.0975,0.4
130.2,232.291454,0.1,0.4
130.2,233.28862,0.1025,0.4
130.2,234.26,0.105,0.4
130.2,235.20681,0.1075,0.4
130.2,236.130181,0.11,0.4
130.2,237.031169,0.1125,0.4
130.2,237.910758,0.115,0.4
130.2,238.769872,0.1175,0.4
130.2,239.609373,0.12,0.4
130.2,240.430072,0.1225,0.4
130.2,241.23273,0.125,0.4
130.2,242.018063,0.1275,0.4
130.2,242.786746,0.13,0.4
130.2,243.539413,0.1325,0.4
130.2,244.276666,0.135,0.4
130.2,244.999071,0.1375,0.4
130.2,245.707164,0.14,0.4
130.2,246.401453,0.1425,0.4
130.2,247.082421,0.145,0.4
130.2,247.750523,0.1475,0.4
130.2,248.406193,0.15,0.4
130.2,249.681866,0.155,0.4
130.2,250.912505,0.16,0.4
130.2,252.10089,0.165,0.4
130.2,253.249552,0.17,0.4
130.2,254.360804,0.175,0.4
130.2,255.436762,0.18,0.4
130.2,256.479367,0.185,0.4
130.2,257.490406,0.19,0.4
130.2,258.471527,0.195,0.4
130.2,259.424252,0.2,0.4
130.2,260.34999,0.205,0.4
130.2,261.25005,0.21,0.4
130.2,262.125646,0.215,0.4
130.2,262.977909,0.22,0.4
130.2,263.807896,0.225,0.4
130.2,264.616591,0.23,0.4
130.2,265.404916,0.235,0.4
130.2,266.173736,0.24,0.4
130.2,266.923859,0.245,0.4
130.2,267.656048,0.25,0.4
130.2,268.371018,0.255,0.4
130.2,269.069444,0.26,0.4
130.2,269.751961,0.265,0.4
130.2,270.419169,0.27,0.4
130.2,271.071634,0.275,0.4
130.2,271.709894,0.28,0.4
130.2,272.334456,0.285,0.4
130.2,272.945802,0.29,0.4
130.2,273.544387,0.295,0.4
130.2,274.130646,0.3,0.4
130.2,275.267812,0.31,0.4
130.2,276.360363,0.32,0.4
130.2,277.411079,0.33,0.4
130.2,278.42249,0.34,0.4
130.2,279.396907,0.35,0.4
130.2,280.336445,0.36,0.4
130.2,281.243045,0.37,0.4
130.2,282.118493,0.38,0.4
130.2,282.964435,0.39,0.4
130.2,283.782392,0.4,0.4
130.2,284.573773,0.41,0.4
130.2,285.339885,0.42,0.4
130.2,286.081941,0.43,0.4
130.2,286.801072,0.44,0.4
130.2,287.498333,0.45,0.4
130.2,288.174707,0.46,0.4
130.2,288.831116,0.47,0.4
130.2,289.468423,0.48,0.4
130.2,290.087436,0.49,0.4
130.2,290.688917,0.5,0.4
130.2,291.27358,0.51,0.4
130.2,291.842099,0.52,0.4
130.2,292.395109,0.53,0.4
130.2,292.933208,0.54,0.4
130.2,293.456963,0.55,0.4
130.2,293.96691,0.56,0.4
130.2,294.463556,0.57,0.4
130.2,294.947381,0.58,0.4
130.2,295.418842,0.59,0.4
130.2,295.878371,0.6,0.4
130.2,296.326381,0.61,0.4
130.2,296.763262,0.62,0.4
130.2,297.189387,0.63,0.4
130.2,297.605112,0.64,0.4
130.2,298.010775,0.65,0.4
130.2,298.4067,0.66,0.4
130.2,298.793194,0.67,0.4
130.2,299.170553,0.68,0.4
130.2,299.539059,0.69,0.4
130.2,299.898982,0.7,0.4
130.2,300.25058,0.71,0.4
130.2,300.5941,0.72,0.4
130.2,300.929781,0.73,0.4
130.2,301.257849,0.74,0.4
130.2,301.578524,0.75,0.4
130.2,301.892016,0.76,0.4
130.2,302.198526,0.77,0.4
130.2,302.498249,0.78,0.4
130.2,302.791372,0.79,0.4
130.2,303.078073,0.8,0.4
130.2,303.6329,0.82,0.4
130.2,304.164041,0.84,0.4
130.2,304.672717,0.86,0.4
130.2,305.160064,0.88,0.4
130.2,305.627146,0.9,0.4
130.2,306.074954,0.92,0.4
130.2,306.504422,0.94,0.4
130.2,306.916422,0.96,0.4
130.2,307.311777,0.98,0.4
130.2,307.691261,1.0,0.4
130.2,308.055603,1.02,0.4
130.2,308.405494,1.04,0.4
130.2,308.741586,1.06,0.4
130.2,309.064498,1.08,0.4
130.2,309.374815,1.1,0.4
130.2,309.673096,1.12,0.4
130.2,309.959871,1.14,0.4
130.2,310.235645,1.16,0.4
130.2,310.500902,1.18,0.4
130.2,310.756102,1.2,0.4
130.2,311.001687,1.22,0.4
130.2,311.238079,1.24,0.4
130.2,311.465685,1.26,0.4
130.2,311.684895,1.28,0.4
130.2,311.896084,1.3,0.4
130.2,312.099613,1.32,0.4
130.2,312.295834,1.34,0.4
130.2,312.485082,1.36,0.4
130.2,312.667686,1.38,0.4
130.2,312.843961,1.4,0.4
130.2,313.014216,1.42,0.4
130.2,313.17875,1.44,0.4
130.2,313.337853,1.46,0.4
130.2,313.491811,1.48,0.4
130.2,313.640899,1.5,0.4
130.2,313.78539,1.52,0.4
130.2,313.92555,1.54,0.4
130.2,314.061639,1.56,0.4
130.2,314.193913,1.58,0.4
130.2,314.322625,1.6,0.4
130.2,314.448023,1.62,0.4
130.2,314.570352,1.64,0.4
130.2,314.689855,1.66,0.4
130.2,314.806772,1.68,0.4
130.2,314.921341,1.7,0.4
130.2,315.033799,1.72,0.4
130.2,315.14438,1.74,0.4
130.2,315.253319,1.76,0.4
130.2,315.36085,1.78,0.4
130.2,315.467205,1.8,0.4
130.2,315.572618,1.82,0.4
130.2,315.677322,1.84,0.4
130.2,315.781551,1.86,0.4
130.2,315.885541,1.88,0.4
130.2,315.989527,1.9,0.4
130.2,316.093747,1.92,0.4
130.2,316.198441,1.94,0.4
130.2,316.303848,1.96,0.4
130.2,316.410214,1.98,0.4
130.2,316.517783,2.0,0.4
130.2,316.626804,2.02,0.4
130.2,316.737527,2.04,0.4
130.2,316.850208,2.06,0.4
130.2,316.965102,2.08,0.4
130.2,317.08247,2.1,0.4
130.2,317.202577,2.12,0.4
130.2,317.325688,2.14,0.4
130.2,317.452075,2.16,0.4
130.2,317.582011,2.18,0.4
130.2,317.715775,2.2,0.4
130.2,317.853646,2.22,0.4
130.2,317.995909,2.24,0.4
130.2,318.142852,2.26,0.4
130.2,318.294763,2.28,0.4
130.2,318.451935,2.3,0.4
130.2,318.614663,2.32,0.4
130.2,318.783242,2.34,0.4
130.2,318.957971,2.36,0.4
130.2,319.139146,2.38,0.4
130.2,319.327065,2.4,0.4
130.2,319.522025,2.42,0.4
130.2,319.724318,2.44,0.4
130.2,319.934236,2.46,0.4
130.2,320.152066,2.48,0.4
130.2,320.378089,2.5,0.4
130.2,320.612578,2.52,0.4
130.2,320.8558,2.54,0.4
130.2,321.108008,2.56,0.4
130.2,321.369448,2.58,0.4
130.2,321.64035,2.6,0.4
130.2,321.920929,2.62,0.4
130.2,322.211382,2.64,0.4
130.2,322.511891,2.66,0.4
130.2,322.822613,2.68,0.4
130.2,323.143685,2.7,0.4
130.2,323.475222,2.72,0.4
130.2,323.81731,2.74,0.4
130.2,324.170012,2.76,0.4
130.2,324.533362,2.78,0.4
130.2,324.907365,2.8,0.4
130.2,325.291999,2.82,0.4
130.2,325.687211,2.84,0.4
130.2,326.09292,2.86,0.4
130.2,326.509015,2.88,0.4
130.2,326.935358,2.9,0.4
130.2,327.371783,2.92,0.4
130.2,327.818097,2.94,0.4
130.2,328.274083,2.96,0.4
130.2,328.739503,2.98,0.4
130.2,329.214095,3.0,0.4
130.4,-0.0,0.0,0.4
130.4,75.617664,0.0025,0.4
130.4,104.665382,0.005,0.4
130.4,122.019786,0.0075,0.4
130.4,134.38006,0.01,0.4
130.4,143.971789,0.0125,0.4
130.4,151.803663,0.015,0.4
130.4,158.417947,0.0175,0.4
130.4,164.139681,0.02,0.4
130.4,169.179057,0.0225,0.4
130.4,173.67983,0.025,0.4
130.4,177.744652,0.0275,0.4
130.4,181.449382,0.03,0.4
130.4,184.85166,0.0325,0.4
130.4,187.996315,0.035,0.4
130.4,190.918896,0.0375,0.4
130.4,193.648069,0.04,0.4
130.4,196.207287,0.0425,0.4
130.4,198.615981,0.045,0.4
130.4,200.890431,0.0475,0.4
130.4,203.044412,0.05,0.4
130.4,205.089682,0.0525,0.4
130.4,207.036358,0.055,0.4
130.4,208.893209,0.0575,0.4
130.4,210.667884,0.06,0.4
130.4,212.367094,0.0625,0.4
130.4,213.996761,0.065,0.4
130.4,215.562138,0.0675,0.4
130.4,217.067903,0.07,0.4
130.4,218.518242,0.0725,0.4
130.4,219.916917,0.075,0.4
130.4,221.267316,0.0775,0.4
130.4,222.572509,0.08,0.4
130.4,223.835279,0.0825,0.4
130.4,225.058162,0.085,0.4
130.4,226.243472,0.0875,0.4
130.4,227.393328,0.09,0.4
130.4,228.509675,0.0925,0.4
130.4,229.594302,0.095,0.4
130.4,230.648859,0.0975,0.4
130.4,231.674871,0.1,0.4
130.4,232.673748,0.1025,0.4
130.4,233.646801,0.105,0.4
130.4,234.595247,0.1075,0.4
130.4,235.520218,0.11,0.4
130.4,236.422772,0.1125,0.4
130.4,237.303895,0.115,0.4
130.4,238.164511,0.1175,0.4
130.4,239.005484,0.12,0.4
130.4,239.827628,0.1225,0.4
130.4,240.631703,0.125,0.4
130.4,241.418426,0.1275,0.4
130.4,242.188474,0.13,0.4
130.4,242.942483,0.1325,0.4
130.4,243.681054,0.135,0.4
130.4,244.404754,0.1375,0.4
130.4,245.114121,0.14,0.4
130.4,245.809664,0.1425,0.4
130.4,246.491864,0.145,0.4
130.4,247.16118,0.1475,0.4
130.4,247.818044,0.15,0.4
130.4,249.096054,0.155,0.4
130.4,250.32896,0.16,0.4
130.4,251.51955,0.165,0.4
130.4,252.670357,0.17,0.4
130.4,253.783698,0.175,0.4
130.4,254.861691,0.18,0.4
130.4,255.906281,0.185,0.4
130.4,256.919259,0.19,0.4
130.4,257.902274,0.195,0.4
130.4,258.85685,0.2,0.4
130.4,259.7844,0.205,0.4
130.4,260.686233,0.21,0.4
130.4,261.563566,0.215,0.4
130.4,262.417532,0.22,0.4
130.4,263.249188,0.225,0.4
130.4,264.05952,0.23,0.4
130.4,264.849453,0.235,0.4
130.4,265.619852,0.24,0.4
130.4,266.371527,0.245,0.4
130.4,267.105241,0.25,0.4
130.4,267.821711,0.255,0.4
130.4,268.521612,0.26,0.4
130.4,269.205581,0.265,0.4
130.4,269.874219,0.27,0.4
130.4,270.528094,0.275,0.4
130.4,271.167741,0.28,0.4
130.4,271.793672,0.285,0.4
130.4,272.406366,0.29,0.4
130.4,273.006282,0.295,0.4
130.4,273.593853,0.3,0.4
130.4,274.733594,0.31,0.4
130.4,275.828655,0.32,0.4
130.4,276.881822,0.33,0.4
130.4,277.895628,0.34,0.4
130.4,278.872387,0.35,0.4
130.4,279.814218,0.36,0.4
130.4,280.723064,0.37,0.4
130.4,281.600715,0.38,0.4
130.4,282.448819,0.39,0.4
130.4,283.268899,0.4,0.4
130.4,284.062366,0.41,0.4
130.4,284.830528,0.42,0.4
130.4,285.574603,0.43,0.4
130.4,286.29572,0.44,0.4
130.4,286.994938,0.45,0.4
130.4,287.673241,0.46,0.4
130.4,288.331552,0.47,0.4
130.4,288.970734,0.48,0.4
130.4,289.591599,0.49,0.4
130.4,290.194908,0.5,0.4
130.4,290.781377,0.51,0.4
130.4,291.35168,0.52,0.4
130.4,291.906453,0.53,0.4
130.4,292.446297,0.54,0.4
130.4,292.971777,0.55,0.4
130.4,293.483431,0.56,0.4
130.4,293.981767,0.57,0.4
130.4,294.467265,0.58,0.4
130.4,294.940383,0.59,0.4
130.4,295.401554,0.6,0.4
130.4,295.85119,0.61,0.4
130.4,296.289684,0.62,0.4
130.4,296.717408,0.63,0.4
130.4,297.134718,0.64,0.4
130.4,297.541953,0.65,0.4
130.4,297.939437,0.66,0.4
130.4,298.327479,0.67,0.4
130.4,298.706374,0.68,0.4
130.4,299.076405,0.69,0.4
130.4,299.437841,0.7,0.4
130.4,299.790942,0.71,0.4
130.4,300.135954,0.72,0.4
130.4,300.473118,0.73,0.4
130.4,300.802659,0.74,0.4
130.4,301.124797,0.75,0.4
130.4,301.439743,0.76,0.4
130.4,301.747698,0.77,0.4
130.4,302.048857,0.78,0.4
130.4,302.343407,0.79,0.4
130.4,302.631527,0.8,0.4
130.4,303.189168,0.82,0.4
130.4,303.723091,0.84,0.4
130.4,304.234519,0.86,0.4
130.4,304.72459,0.88,0.4
130.4,305.194366,0.9,0.4
130.4,305.644843,0.92,0.4
130.4,306.076953,0.94,0.4
130.4,306.491569,0.96,0.4
130.4,306.889516,0.98,0.4
130.4,307.271567,1.0,0.4
130.4,307.638453,1.02,0.4
130.4,307.990865,1.04,0.4
130.4,308.329454,1.06,0.4
130.4,308.654841,1.08,0.4
130.4,308.96761,1.1,0.4
130.4,309.268322,1.12,0.4
130.4,309.557505,1.14,0.4
130.4,309.835666,1.16,0.4
130.4,310.103288,1.18,0.4
130.4,310.360831,1.2,0.4
130.4,310.608737,1.22,0.4
130.4,310.847428,1.24,0.4
130.4,311.077312,1.26,0.4
130.4,311.298777,1.28,0.4
130.4,311.5122,1.3,0.4
130.4,311.717942,1.32,0.4
130.4,311.916351,1.34,0.4
130.4,312.107766,1.36,0.4
130.4,312.292514,1.38,0.4
130.4,312.47091,1.4,0.4
130.4,312.643263,1.42,0.4
130.4,312.80987,1.44,0.4
130.4,312.971024,1.46,0.4
130.4,313.127006,1.48,0.4
130.4,313.278096,1.5,0.4
130.4,313.424563,1.52,0.4
130.4,313.566672,1.54,0.4
130.4,313.704685,1.56,0.4
130.4,313.838856,1.58,0.4
130.4,313.969438,1.6,0.4
130.4,314.096678,1.62,0.4
130.4,314.220822,1.64,0.4
130.4,314.34211,1.66,0.4
130.4,314.460783,1.68,0.4
130.4,314.577078,1.7,0.4
130.4,314.69123,1.72,0.4
130.4,314.803475,1.74,0.4
130.4,314.914045,1.76,0.4
130.4,315.023173,1.78,0.4
130.4,315.131091,1.8,0.4
130.4,315.238033,1.82,0.4
130.4,315.34423,1.84,0.4
130.4,315.449916,1.86,0.4
130.4,315.555324,1.88,0.4
130.4,315.66069,1.9,0.4
130.4,315.766251,1.92,0.4
130.4,315.872244,1.94,0.4
130.4,315.97891,1.96,0.4
130.4,316.086491,1.98,0.4
130.4,316.19523,2.0,0.4
130.4,316.305377,2.02,0.4
130.4,316.417179,2.04,0.4
130.4,316.53089,2.06,0.4
130.4,316.646766,2.08,0.4
130.4,316.765066,2.1,0.4
130.4,316.886051,2.12,0.4
130.4,317.009989,2.14,0.4
130.4,317.137147,2.16,0.4
130.4,317.267799,2.18,0.4
130.4,317.40222,2.2,0.4
130.4,317.54069,2.22,0.4
130.4,317.683491,2.24,0.4
130.4,317.83091,2.26,0.4
130.4,317.983234,2.28,0.4
130.4,318.140755,2.3,0.4
130.4,318.303766,2.32,0.4
130.4,318.472562,2.34,0.4
130.4,318.647439,2.36,0.4
130.4,318.828692,2.38,0.4
130.4,319.01662,2.4,0.4
130.4,319.211517,2.42,0.4
130.4,319.413676,2.44,0.4
130.4,319.623388,2.46,0.4
130.4,319.84094,2.48,0.4
130.4,320.066611,2.5,0.4
130.4,320.300677,2.52,0.4
130.4,320.543403,2.54,0.4
130.4,320.795045,2.56,0.4
130.4,321.055849,2.58,0.4
130.4,321.326045,2.6,0.4
130.4,321.605851,2.62,0.4
130.4,321.895468,2.64,0.4
130.4,322.195076,2.66,0.4
130.4,322.504838,2.68,0.4
130.4,322.824894,2.7,0.4
130.4,323.15536,2.72,0.4
130.4,323.496329,2.74,0.4
130.4,323.847865,2.76,0.4
130.4,324.210009,2.78,0.4
130.4,324.58277,2.8,0.4
130.4,324.96613,2.82,0.4
130.4,325.360041,2.84,0.4
130.4,325.764428,2.86,0.4
130.4,326.179185,2.88,0.4
130.4,326.604178,2.9,0.4
130.4,327.039247,2.92,0.4
130.4,327.484206,2.94,0.4
130.4,327.938841,2.96,0.4
130.4,328.402918,2.98,0.4
130.4,328.87618,3.0,0.4
130.6,-0.0,0.0,0.4
130.6,74.812543,0.0025,0.4
130.6,103.861293,0.005,0.4
130.6,121.233689,0.0075,0.4
130.6,133.609954,0.01,0.4
130.6,143.215101,0.0125,0.4
130.6,151.05836,0.015,0.4
130.6,157.682476,0.0175,0.4
130.6,163.412842,0.02,0.4
130.6,168.459902,0.0225,0.4
130.6,172.967595,0.025,0.4
130.6,177.038709,0.0275,0.4
130.6,180.749204,0.03,0.4
130.6,184.156805,0.0325,0.4
130.6,187.306401,0.035,0.4
130.6,190.233593,0.0375,0.4
130.6,192.967089,0.04,0.4
130.6,195.530375,0.0425,0.4
130.6,197.942912,0.045,0.4
130.6,200.221003,0.0475,0.4
130.6,202.378444,0.05,0.4
130.6,204.427009,0.0525,0.4
130.6,206.376832,0.055,0.4
130.6,208.236694,0.0575,0.4
130.6,210.014255,0.06,0.4
130.6,211.716237,0.0625,0.4
130.6,213.348572,0.065,0.4
130.6,214.916518,0.0675,0.4
130.6,216.424763,0.07,0.4
130.6,217.877497,0.0725,0.4
130.6,219.278489,0.075,0.4
130.6,220.631132,0.0775,0.4
130.6,221.9385,0.08,0.4
130.6,223.203381,0.0825,0.4
130.6,224.428314,0.085,0.4
130.6,225.615617,0.0875,0.4
130.6,226.767413,0.09,0.4
130.6,227.885649,0.0925,0.4
130.6,228.972116,0.095,0.4
130.6,230.028468,0.0975,0.4
130.6,231.056232,0.1,0.4
130.6,232.05682,0.1025,0.4
130.6,233.031544,0.105,0.4
130.6,233.981624,0.1075,0.4
130.6,234.908194,0.11,0.4
130.6,235.812312,0.1125,0.4
130.6,236.694967,0.115,0.4
130.6,237.557084,0.1175,0.4
130.6,238.39953,0.12,0.4
130.6,239.223116,0.1225,0.4
130.6,240.028606,0.125,0.4
130.6,240.81672,0.1275,0.4
130.6,241.588132,0.13,0.4
130.6,242.343481,0.1325,0.4
130.6,243.083368,0.135,0.4
130.6,243.808363,0.1375,0.4
130.6,244.519002,0.14,0.4
130.6,245.215797,0.1425,0.4
130.6,245.899229,0.145,0.4
130.6,246.569756,0.1475,0.4
130.6,247.227815,0.15,0.4
130.6,248.508157,0.155,0.4
130.6,249.74333,0.16,0.4
130.6,250.936121,0.165,0.4
130.6,252.089071,0.17,0.4
130.6,253.204498,0.175,0.4
130.6,254.284524,0.18,0.4
130.6,255.331099,0.185,0.4
130.6,256.346013,0.19,0.4
130.6,257.330919,0.195,0.4
130.6,258.287345,0.2,0.4
130.6,259.216705,0.205,0.4
130.6,260.120308,0.21,0.4
130.6,260.999376,0.215,0.4
130.6,261.855042,0.22,0.4
130.6,262.688365,0.225,0.4
130.6,263.500334,0.23,0.4
130.6,264.291873,0.235,0.4
130.6,265.063848,0.24,0.4
130.6,265.817073,0.245,0.4
130.6,266.55231,0.25,0.4
130.6,267.270278,0.255,0.4
130.6,267.971653,0.26,0.4
130.6,268.657073,0.265,0.4
130.6,269.327139,0.27,0.4
130.6,269.98242,0.275,0.4
130.6,270.623454,0.28,0.4
130.6,271.250751,0.285,0.4
130.6,271.864792,0.29,0.4
130.6,272.466037,0.295,0.4
130.6,273.05492,0.3,0.4
130.6,274.197232,0.31,0.4
130.6,275.294801,0.32,0.4
130.6,276.350415,0.33,0.4
130.6,277.366612,0.34,0.4
130.6,278.345711,0.35,0.4
130.6,279.289832,0.36,0.4
130.6,280.200923,0.37,0.4
130.6,281.080774,0.38,0.4
130.6,281.931037,0.39,0.4
130.6,282.753237,0.4,0.4
130.6,283.548788,0.41,0.4
130.6,284.319,0.42,0.4
130.6,285.065091,0.43,0.4
130.6,285.788194,0.44,0.4
130.6,286.489366,0.45,0.4
130.6,287.169596,0.46,0.4
130.6,287.829807,0.47,0.4
130.6,288.470864,0.48,0.4
130.6,289.09358,0.49,0.4
130.6,289.698715,0.5,0.4
130.6,290.286989,0.51,0.4
130.6,290.859075,0.52,0.4
130.6,291.415611,0.53,0.4
130.6,291.957197,0.54,0.4
130.6,292.484402,0.55,0.4
130.6,292.997763,0.56,0.4
130.6,293.497787,0.57,0.4
130.6,293.984958,0.58,0.4
130.6,294.459733,0.59,0.4
130.6,294.922545,0.6,0.4
130.6,295.373808,0.61,0.4
130.6,295.813913,0.62,0.4
130.6,296.243236,0.63,0.4
130.6,296.662131,0.64,0.4
130.6,297.070939,0.65,0.4
130.6,297.469983,0.66,0.4
130.6,297.859573,0.67,0.4
130.6,298.240004,0.68,0.4
130.6,298.61156,0.69,0.4
130.6,298.97451,0.7,0.4
130.6,299.329114,0.71,0.4
130.6,299.67562,0.72,0.4
130.6,300.014266,0.73,0.4
130.6,300.345281,0.74,0.4
130.6,300.668883,0.75,0.4
130.6,300.985284,0.76,0.4
130.6,301.294685,0.77,0.4
130.6,301.597281,0.78,0.4
130.6,301.893259,0.79,0.4
130.6,302.1828,0.8,0.4
130.6,302.743257,0.82,0.4
130.6,303.279966,0.84,0.4
130.6,303.794149,0.86,0.4
130.6,304.286946,0.88,0.4
130.6,304.759421,0.9,0.4
130.6,305.212571,0.92,0.4
130.6,305.647326,0.94,0.4
130.6,306.064564,0.96,0.4
130.6,306.465107,0.98,0.4
130.6,306.849731,1.0,0.4
130.6,307.219166,1.02,0.4
130.6,307.574103,1.04,0.4
130.6,307.915195,1.06,0.4
130.6,308.243062,1.08,0.4
130.6,308.55829,1.1,0.4
130.6,308.861438,1.12,0.4
130.6,309.153036,1.14,0.4
130.6,309.43359,1.16,0.4
130.6,309.703583,1.18,0.4
130.6,309.963476,1.2,0.4
130.6,310.21371,1.22,0.4
130.6,310.454708,1.24,0.4
130.6,310.686877,1.26,0.4
130.6,310.910605,1.28,0.4
130.6,311.126269,1.3,0.4
130.6,311.33423,1.32,0.4
130.6,311.534837,1.34,0.4
130.6,311.728427,1.36,0.4
130.6,311.915327,1.38,0.4
130.6,312.095852,1.4,0.4
130.6,312.270311,1.42,0.4
130.6,312.439001,1.44,0.4
130.6,312.602213,1.46,0.4
130.6,312.76023,1.48,0.4
130.6,312.913329,1.5,0.4
130.6,313.06178,1.52,0.4
130.6,313.205849,1.54,0.4
130.6,313.345795,1.56,0.4
130.6,313.481873,1.58,0.4
130.6,313.614335,1.6,0.4
130.6,313.743427,1.62,0.4
130.6,313.869395,1.64,0.4
130.6,313.992478,1.66,0.4
130.6,314.112917,1.68,0.4
130.6,314.230948,1.7,0.4
130.6,314.346806,1.72,0.4
130.6,314.460724,1.74,0.4
130.6,314.572935,1.76,0.4
130.6,314.683672,1.78,0.4
130.6,314.793166,1.8,0.4
130.6,314.901647,1.82,0.4
130.6,315.009349,1.84,0.4
130.6,315.116503,1.86,0.4
130.6,315.223342,1.88,0.4
130.6,315.3301,1.9,0.4
130.6,315.437014,1.92,0.4
130.6,315.544319,1.94,0.4
130.6,315.652256,1.96,0.4
130.6,315.761064,1.98,0.4
130.6,315.870988,2.0,0.4
130.6,315.982273,2.02,0.4
130.6,316.095168,2.04,0.4
130.6,316.209924,2.06,0.4
130.6,316.326795,2.08,0.4
130.6,316.446041,2.1,0.4
130.6,316.56792,2.12,0.4
130.6,316.692698,2.14,0.4
130.6,316.820643,2.16,0.4
130.6,316.952026,2.18,0.4
130.6,317.08712,2.2,0.4
130.6,317.226205,2.22,0.4
130.6,317.369561,2.24,0.4
130.6,317.517473,2.26,0.4
130.6,317.670228,2.28,0.4
130.6,317.828115,2.3,0.4
130.6,317.991427,2.32,0.4
130.6,318.160457,2.34,0.4
130.6,318.335499,2.36,0.4
130.6,318.51685,2.38,0.4
130.6,318.704805,2.4,0.4
130.6,318.899658,2.42,0.4
130.6,319.101703,2.44,0.4
130.6,319.311228,2.46,0.4
130.6,319.528521,2.48,0.4
130.6,319.753861,2.5,0.4
130.6,319.987523,2.52,0.4
130.6,320.229773,2.54,0.4
130.6,320.480869,2.56,0.4
130.6,320.741056,2.58,0.4
130.6,321.010567,2.6,0.4
130.6,321.28962,2.62,0.4
130.6,321.578418,2.64,0.4
130.6,321.877145,2.66,0.4
130.6,322.185966,2.68,0.4
130.6,322.505023,2.7,0.4
130.6,322.834438,2.72,0.4
130.6,323.174304,2.74,0.4
130.6,323.524692,2.76,0.4
130.6,323.885646,2.78,0.4
130.6,324.25718,2.8,0.4
130.6,324.63928,2.82,0.4
130.6,325.031904,2.84,0.4
130.6,325.434982,2.86,0.4
130.6,325.848413,2.88,0.4
130.6,326.272068,2.9,0.4
130.6,326.705793,2.92,0.4
130.6,327.149404,2.94,0.4
130.6,327.602696,2.96,0.4
130.6,328.065438,2.98,0.4
130.6,328.537378,3.0,0.4
130.8,-0.0,0.0,0.4
130.8,74.008033,0.0025,0.4
130.8,103.055948,0.005,0.4
130.8,120.445925,0.0075,0.4
130.8,132.838031,0.01,0.4
130.8,142.456524,0.0125,0.4
130.8,150.311128,0.015,0.4
130.8,156.945052,0.0175,0.4
130.8,162.684035,0.02,0.4
130.8,167.738767,0.0225,0.4
130.8,172.253371,0.025,0.4
130.8,176.330768,0.0275,0.4
130.8,180.047025,0.03,0.4
130.8,183.459943,0.0325,0.4
130.8,186.614476,0.035,0.4
130.8,189.546276,0.0375,0.4
130.8,192.284091,0.04,0.4
130.8,194.851443,0.0425,0.4
130.8,197.26782,0.045,0.4
130.8,199.54955,0.0475,0.4
130.8,201.710447,0.05,0.4
130.8,203.762306,0.0525,0.4
130.8,205.715274,0.055,0.4
130.8,207.578145,0.0575,0.4
130.8,209.35859,0.06,0.4
130.8,211.063343,0.0625,0.4
130.8,212.698343,0.065,0.4
130.8,214.268858,0.0675,0.4
130.8,215.77958,0.07,0.4
130.8,217.234708,0.0725,0.4
130.8,218.638015,0.075,0.4
130.8,219.9929,0.0775,0.4
130.8,221.302442,0.08,0.4
130.8,222.569432,0.0825,0.4
130.8,223.796414,0.085,0.4
130.8,224.985709,0.0875,0.4
130.8,226.139442,0.09,0.4
130.8,227.259565,0.0925,0.4
130.8,228.347872,0.095,0.4
130.8,229.406018,0.0975,0.4
130.8,230.435531,0.1,0.4
130.8,231.437829,0.1025,0.4
130.8,232.414223,0.105,0.4
130.8,233.365935,0.1075,0.4
130.8,234.294102,0.11,0.4
130.8,235.199784,0.1125,0.4
130.8,236.08397,0.115,0.4
130.8,236.947587,0.1175,0.4
130.8,237.791502,0.12,0.4
130.8,238.61653,0.1225,0.4
130.8,239.423435,0.125,0.4
130.8,240.212937,0.1275,0.4
130.8,240.985712,0.13,0.4
130.8,241.7424,0.1325,0.4
130.8,242.483602,0.135,0.4
130.8,243.20989,0.1375,0.4
130.8,243.921801,0.14,0.4
130.8,244.619846,0.1425,0.4
130.8,245.304508,0.145,0.4
130.8,245.976247,0.1475,0.4
130.8,246.635498,0.15,0.4
130.8,247.918171,0.155,0.4
130.8,249.155607,0.16,0.4
130.8,250.350598,0.165,0.4
130.8,251.505688,0.17,0.4
130.8,252.623199,0.175,0.4
130.8,253.705257,0.18,0.4
130.8,254.753812,0.185,0.4
130.8,255.770661,0.19,0.4
130.8,256.757457,0.195,0.4
130.8,257.71573,0.2,0.4
130.8,258.646896,0.205,0.4
130.8,259.552269,0.21,0.4
130.8,260.433069,0.215,0.4
130.8,261.290434,0.22,0.4
130.8,262.125422,0.225,0.4
130.8,262.939024,0.23,0.4
130.8,263.732167,0.235,0.4
130.8,264.505718,0.24,0.4
130.8,265.26049,0.245,0.4
130.8,265.997249,0.25,0.4
130.8,266.716713,0.255,0.4
130.8,267.41956,0.26,0.4
130.8,268.106429,0.265,0.4
130.8,268.777921,0.27,0.4
130.8,269.434607,0.275,0.4
130.8,270.077026,0.28,0.4
130.8,270.705687,0.285,0.4
130.8,271.321074,0.29,0.4
130.8,271.923646,0.295,0.4
130.8,272.513838,0.3,0.4
130.8,273.658718,0.31,0.4
130.8,274.758792,0.32,0.4
130.8,275.81685,0.33,0.4
130.8,276.835437,0.34,0.4
130.8,277.816872,0.35,0.4
130.8,278.763281,0.36,0.4
130.8,279.676613,0.37,0.4
130.8,280.558662,0.38,0.4
130.8,281.411082,0.39,0.4
130.8,282.235401,0.4,0.4
130.8,283.033034,0.41,0.4
130.8,283.805293,0.42,0.4
130.8,284.553397,0.43,0.4
130.8,285.278483,0.44,0.4
130.8,285.98161,0.45,0.4
130.8,286.663765,0.46,0.4
130.8,287.325874,0.47,0.4
130.8,287.968805,0.48,0.4
130.8,288.593369,0.49,0.4
130.8,289.20033,0.5,0.4
130.8,289.790406,0.51,0.4
130.8,290.364275,0.52,0.4
130.8,290.922572,0.53,0.4
130.8,291.465901,0.54,0.4
130.8,291.99483,0.55,0.4
130.8,292.509896,0.56,0.4
130.8,293.011609,0.57,0.4
130.8,293.500452,0.58,0.4
130.8,293.976883,0.59,0.4
130.8,294.441336,0.6,0.4
130.8,294.894225,0.61,0.4
130.8,295.335943,0.62,0.4
130.8,295.766863,0.63,0.4
130.8,296.187344,0.64,0.4
130.8,296.597724,0.65,0.4
130.8,296.998328,0.66,0.4
130.8,297.389466,0.67,0.4
130.8,297.771434,0.68,0.4
130.8,298.144515,0.69,0.4
130.8,298.50898,0.7,0.4
130.8,298.865088,0.71,0.4
130.8,299.213088,0.72,0.4
130.8,299.553218,0.73,0.4
130.8,299.885707,0.74,0.4
130.8,300.210774,0.75,0.4
130.8,300.52863,0.76,0.4
130.8,300.839478,0.77,0.4
130.8,301.143513,0.78,0.4
130.8,301.440921,0.79,0.4
130.8,301.731883,0.8,0.4
130.8,302.295159,0.82,0.4
130.8,302.834656,0.84,0.4
130.8,303.351597,0.86,0.4
130.8,303.847125,0.88,0.4
130.8,304.322303,0.9,0.4
130.8,304.778128,0.92,0.4
130.8,305.215534,0.94,0.4
130.8,305.635398,0.96,0.4
130.8,306.038542,0.98,0.4
130.8,306.425743,1.0,0.4
130.8,306.797732,1.02,0.4
130.8,307.1552,1.04,0.4
130.8,307.498801,1.06,0.4
130.8,307.829154,1.08,0.4
130.8,308.146846,1.1,0.4
130.8,308.452437,1.12,0.4
130.8,308.746455,1.14,0.4
130.8,309.029409,1.16,0.4
130.8,309.30178,1.18,0.4
130.8,309.564029,1.2,0.4
130.8,309.816599,1.22,0.4
130.8,310.059911,1.24,0.4
130.8,310.294372,1.26,0.4
130.8,310.520371,1.28,0.4
130.8,310.738284,1.3,0.4
130.8,310.948472,1.32,0.4
130.8,311.151284,1.34,0.4
130.8,311.347057,1.36,0.4
130.8,311.536117,1.38,0.4
130.8,311.71878,1.4,0.4
130.8,311.895353,1.42,0.4
130.8,312.066134,1.44,0.4
130.8,312.231413,1.46,0.4
130.8,312.391474,1.48,0.4
130.8,312.546592,1.5,0.4
130.8,312.697037,1.52,0.4
130.8,312.843074,1.54,0.4
130.8,312.984962,1.56,0.4
130.8,313.122957,1.58,0.4
130.8,313.257308,1.6,0.4
130.8,313.388262,1.62,0.4
130.8,313.516064,1.64,0.4
130.8,313.640953,1.66,0.4
130.8,313.763168,1.68,0.4
130.8,313.882945,1.7,0.4
130.8,314.000519,1.72,0.4
130.8,314.116122,1.74,0.4
130.8,314.229986,1.76,0.4
130.8,314.342342,1.78,0.4
130.8,314.453422,1.8,0.4
130.8,314.563455,1.82,0.4
130.8,314.672672,1.84,0.4
130.8,314.781306,1.86,0.4
130.8,314.889588,1.88,0.4
130.8,314.997751,1.9,0.4
130.8,315.106029,1.92,0.4
130.8,315.214659,1.94,0.4
130.8,315.323879,1.96,0.4
130.8,315.433928,1.98,0.4
130.8,315.545049,2.0,0.4
130.8,315.657486,2.02,0.4
130.8,315.771487,2.04,0.4
130.8,315.887302,2.06,0.4
130.8,316.005184,2.08,0.4
130.8,316.125389,2.1,0.4
130.8,316.248177,2.12,0.4
130.8,316.373811,2.14,0.4
130.8,316.502558,2.16,0.4
130.8,316.634687,2.18,0.4
130.8,316.770471,2.2,0.4
130.8,316.910186,2.22,0.4
130.8,317.054114,2.24,0.4
130.8,317.202536,2.26,0.4
130.8,317.355738,2.28,0.4
130.8,317.514009,2.3,0.4
130.8,317.677639,2.32,0.4
130.8,317.846921,2.34,0.4
130.8,318.022147,2.36,0.4
130.8,318.203614,2.38,0.4
130.8,318.391615,2.4,0.4
130.8,318.586444,2.42,0.4
130.8,318.788393,2.44,0.4
130.8,318.997751,2.46,0.4
130.8,319.214804,2.48,0.4
130.8,319.439832,2.5,0.4
130.8,319.673111,2.52,0.4
130.8,319.914906,2.54,0.4
130.8,320.165475,2.56,0.4
130.8,320.425065,2.58,0.4
130.8,320.69391,2.6,0.4
130.8,320.97223,2.62,0.4
130.8,321.26023,2.64,0.4
130.8,321.558095,2.66,0.4
130.8,321.865994,2.68,0.4
130.8,322.184071,2.7,0.4
130.8,322.512451,2.72,0.4
130.8,322.851232,2.74,0.4
130.8,323.20049,2.76,0.4
130.8,323.560269,2.78,0.4
130.8,323.930592,2.8,0.4
130.8,324.311447,2.82,0.4
130.8,324.702799,2.84,0.4
130.8,325.104581,2.86,0.4
130.8,325.516697,2.88,0.4
130.8,325.939026,2.9,0.4
130.8,326.371417,2.92,0.4
130.8,326.813692,2.94,0.4
130.8,327.265649,2.96,0.4
130.8,327.727064,2.98,0.4
130.8,328.197689,3.0,0.4
131.0,-0.0,0.0,0.4
131.0,73.204225,0.0025,0.4
131.0,102.249373,0.005,0.4
131.0,119.656504,0.0075,0.4
131.0,132.064294,0.01,0.4
131.0,141.69606,0.0125,0.4
131.0,149.561968,0.015,0.4
131.0,156.205674,0.0175,0.4
131.0,161.953255,0.02,0.4
131.0,167.015648,0.0225,0.4
131.0,171.537153,0.025,0.4
131.0,175.620828,0.0275,0.4
131.0,179.342839,0.03,0.4
131.0,182.76107,0.0325,0.4
131.0,185.920536,0.035,0.4
131.0,188.85694,0.0375,0.4
131.0,191.599071,0.04,0.4
131.0,194.170486,0.0425,0.4
131.0,196.5907,0.045,0.4
131.0,198.876066,0.0475,0.4
131.0,201.040418,0.05,0.4
131.0,203.095568,0.0525,0.4
131.0,205.051678,0.055,0.4
131.0,206.917556,0.0575,0.4
131.0,208.700885,0.06,0.4
131.0,210.408406,0.0625,0.4
131.0,212.046069,0.065,0.4
131.0,213.61915,0.0675,0.4
131.0,215.132348,0.07,0.4
131.0,216.589868,0.0725,0.4
131.0,217.995489,0.075,0.4
131.0,219.352615,0.0775,0.4
131.0,220.664328,0.08,0.4
131.0,221.933426,0.0825,0.4
131.0,223.162455,0.085,0.4
131.0,224.353741,0.0875,0.4
131.0,225.509411,0.09,0.4
131.0,226.631419,0.0925,0.4
131.0,227.721564,0.095,0.4
131.0,228.781502,0.0975,0.4
131.0,229.812764,0.1,0.4
131.0,230.816769,0.1025,0.4
131.0,231.794832,0.105,0.4
131.0,232.748176,0.1075,0.4
131.0,233.677939,0.11,0.4
131.0,234.585182,0.1125,0.4
131.0,235.470898,0.115,0.4
131.0,236.336013,0.1175,0.4
131.0,237.181397,0.12,0.4
131.0,238.007865,0.1225,0.4
131.0,238.816183,0.125,0.4
131.0,239.607071,0.1275,0.4
131.0,240.381208,0.13,0.4
131.0,241.139233,0.1325,0.4
131.0,241.88175,0.135,0.4
131.0,242.609329,0.1375,0.4
131.0,243.322511,0.14,0.4
131.0,244.021805,0.1425,0.4
131.0,244.707697,0.145,0.4
131.0,245.380645,0.1475,0.4
131.0,246.041087,0.15,0.4
131.0,247.326089,0.155,0.4
131.0,248.565786,0.16,0.4
131.0,249.762974,0.165,0.4
131.0,250.920202,0.17,0.4
131.0,252.039794,0.175,0.4
131.0,253.123881,0.18,0.4
131.0,254.174415,0.185,0.4
131.0,255.193196,0.19,0.4
131.0,256.181879,0.195,0.4
131.0,257.141997,0.2,0.4
131.0,258.074969,0.205,0.4
131.0,258.982108,0.21,0.4
131.0,259.864639,0.215,0.4
131.0,260.7237,0.22,0.4
131.0,261.560351,0.225,0.4
131.0,262.375585,0.23,0.4
131.0,263.17033,0.235,0.4
131.0,263.945453,0.24,0.4
131.0,264.701771,0.245,0.4
131.0,265.440049,0.25,0.4
131.0,266.161008,0.255,0.4
131.0,266.865325,0.26,0.4
131.0,267.553641,0.265,0.4
131.0,268.226558,0.27,0.4
131.0,268.884648,0.275,0.4
131.0,269.528449,0.28,0.4
131.0,270.158473,0.285,0.4
131.0,270.775204,0.29,0.4
131.0,271.379101,0.295,0.4
131.0,271.970601,0.3,0.4
131.0,273.118046,0.31,0.4
131.0,274.220621,0.32,0.4
131.0,275.281121,0.33,0.4
131.0,276.302094,0.34,0.4
131.0,277.285863,0.35,0.4
131.0,278.234557,0.36,0.4
131.0,279.150127,0.37,0.4
131.0,280.034372,0.38,0.4
131.0,280.888947,0.39,0.4
131.0,281.715381,0.4,0.4
131.0,282.515094,0.41,0.4
131.0,283.289397,0.42,0.4
131.0,284.039514,0.43,0.4
131.0,284.766582,0.44,0.4
131.0,285.47166,0.45,0.4
131.0,286.155739,0.46,0.4
131.0,286.819745,0.47,0.4
131.0,287.464547,0.48,0.4
131.0,288.090958,0.49,0.4
131.0,288.699743,0.5,0.4
131.0,289.291622,0.51,0.4
131.0,289.867271,0.52,0.4
131.0,290.42733,0.53,0.4
131.0,290.9724,0.54,0.4
131.0,291.503051,0.55,0.4
131.0,292.019823,0.56,0.4
131.0,292.523224,0.57,0.4
131.0,293.013738,0.58,0.4
131.0,293.491825,0.59,0.4
131.0,293.957918,0.6,0.4
131.0,294.412433,0.61,0.4
131.0,294.855763,0.62,0.4
131.0,295.288282,0.63,0.4
131.0,295.710347,0.64,0.4
131.0,296.1223,0.65,0.4
131.0,296.524464,0.66,0.4
131.0,296.91715,0.67,0.4
131.0,297.300655,0.68,0.4
131.0,297.675262,0.69,0.4
131.0,298.041242,0.7,0.4
131.0,298.398854,0.71,0.4
131.0,298.748349,0.72,0.4
131.0,299.089963,0.73,0.4
131.0,299.423928,0.74,0.4
131.0,299.750461,0.75,0.4
131.0,300.069774,0.76,0.4
131.0,300.382069,0.77,0.4
131.0,300.687543,0.78,0.4
131.0,300.986382,0.79,0.4
131.0,301.278767,0.8,0.4
131.0,301.844865,0.82,0.4
131.0,302.387153,0.84,0.4
131.0,302.906856,0.86,0.4
131.0,303.405117,0.88,0.4
131.0,303.883002,0.9,0.4
131.0,304.341507,0.92,0.4
131.0,304.781568,0.94,0.4
131.0,305.204061,0.96,0.4
131.0,305.609811,0.98,0.4
131.0,305.999595,1.0,0.4
131.0,306.374143,1.02,0.4
131.0,306.734147,1.04,0.4
131.0,307.080262,1.06,0.4
131.0,307.413108,1.08,0.4
131.0,307.733271,1.1,0.4
131.0,308.041309,1.12,0.4
131.0,308.337756,1.14,0.4
131.0,308.623115,1.16,0.4
131.0,308.897871,1.18,0.4
131.0,309.162484,1.2,0.4
131.0,309.417395,1.22,0.4
131.0,309.663029,1.24,0.4
131.0,309.899789,1.26,0.4
131.0,310.128067,1.28,0.4
131.0,310.348237,1.3,0.4
131.0,310.56066,1.32,0.4
131.0,310.765685,1.34,0.4
131.0,310.963649,1.36,0.4
131.0,311.154877,1.38,0.4
131.0,311.339686,1.4,0.4
131.0,311.518382,1.42,0.4
131.0,311.691263,1.44,0.4
131.0,311.858618,1.46,0.4
131.0,312.020731,1.48,0.4
131.0,312.177877,1.5,0.4
131.0,312.330325,1.52,0.4
131.0,312.47834,1.54,0.4
131.0,312.622181,1.56,0.4
131.0,312.762101,1.58,0.4
131.0,312.898351,1.6,0.4
131.0,313.031178,1.62,0.4
131.0,313.160823,1.64,0.4
131.0,313.287528,1.66,0.4
131.0,313.41153,1.68,0.4
131.0,313.533064,1.7,0.4
131.0,313.652364,1.72,0.4
131.0,313.769662,1.74,0.4
131.0,313.885189,1.76,0.4
131.0,313.999176,1.78,0.4
131.0,314.111853,1.8,0.4
131.0,314.223449,1.82,0.4
131.0,314.334194,1.84,0.4
131.0,314.44432,1.86,0.4
131.0,314.554056,1.88,0.4
131.0,314.663635,1.9,0.4
131.0,314.773291,1.92,0.4
131.0,314.883259,1.94,0.4
131.0,314.993774,1.96,0.4
131.0,315.105077,1.98,0.4
131.0,315.217409,2.0,0.4
131.0,315.331012,2.02,0.4
131.0,315.446132,2.04,0.4
131.0,315.56302,2.06,0.4
131.0,315.681926,2.08,0.4
131.0,315.803105,2.1,0.4
131.0,315.926817,2.12,0.4
131.0,316.053322,2.14,0.4
131.0,316.182886,2.16,0.4
131.0,316.315776,2.18,0.4
131.0,316.452266,2.2,0.4
131.0,316.592628,2.22,0.4
131.0,316.737144,2.24,0.4
131.0,316.886092,2.26,0.4
131.0,317.039759,2.28,0.4
131.0,317.198431,2.3,0.4
131.0,317.362397,2.32,0.4
131.0,317.531949,2.34,0.4
131.0,317.707378,2.36,0.4
131.0,317.888979,2.38,0.4
131.0,318.077045,2.4,0.4
131.0,318.271868,2.42,0.4
131.0,318.473741,2.44,0.4
131.0,318.682951,2.46,0.4
131.0,318.899784,2.48,0.4
131.0,319.124521,2.5,0.4
131.0,319.357435,2.52,0.4
131.0,319.598795,2.54,0.4
131.0,319.848858,2.56,0.4
131.0,320.107871,2.58,0.4
131.0,320.37607,2.6,0.4
131.0,320.653677,2.62,0.4
131.0,320.940898,2.64,0.4
131.0,321.237921,2.66,0.4
131.0,321.544916,2.68,0.4
131.0,321.862032,2.7,0.4
131.0,322.189396,2.72,0.4
131.0,322.527111,2.74,0.4
131.0,322.875254,2.76,0.4
131.0,323.233876,2.78,0.4
131.0,323.603003,2.8,0.4
131.0,323.982629,2.82,0.4
131.0,324.372722,2.84,0.4
131.0,324.773221,2.86,0.4
131.0,325.184037,2.88,0.4
131.0,325.605051,2.9,0.4
131.0,326.036118,2.92,0.4
131.0,326.477066,2.94,0.4
131.0,326.927699,2.96,0.4
131.0,327.387794,2.98,0.4
131.0,327.857111,3.0,0.4
131.2,-0.0,0.0,0.4
131.2,72.401215,0.0025,0.4
131.2,101.441597,0.005,0.4
131.2,118.865437,0.0075,0.4
131.2,131.288748,0.01,0.4
131.2,140.93371,0.0125,0.4
131.2,148.810877,0.015,0.4
131.2,155.464339,0.0175,0.4
131.2,161.220501,0.02,0.4
131.2,166.290541,0.0225,0.4
131.2,170.818938,0.025,0.4
131.2,174.908883,0.0275,0.4
131.2,178.636643,0.03,0.4
131.2,182.060181,0.0325,0.4
131.2,185.224576,0.035,0.4
131.2,188.16558,0.0375,0.4
131.2,190.912024,0.04,0.4
131.2,193.487498,0.0425,0.4
131.2,195.911547,0.045,0.4
131.2,198.200546,0.0475,0.4
131.2,200.368351,0.05,0.4
131.2,202.42679,0.0525,0.4
131.2,204.38604,0.055,0.4
131.2,206.254923,0.0575,0.4
131.2,208.041132,0.06,0.4
131.2,209.751421,0.0625,0.4
131.2,211.391746,0.065,0.4
131.2,212.967391,0.0675,0.4
131.2,214.483063,0.07,0.4
131.2,215.942973,0.0725,0.4
131.2,217.350906,0.075,0.4
131.2,218.710271,0.0775,0.4
131.2,220.024154,0.08,0.4
131.2,221.295358,0.0825,0.4
131.2,222.526433,0.085,0.4
131.2,223.719707,0.0875,0.4
131.2,224.877312,0.09,0.4
131.2,226.001205,0.0925,0.4
131.2,227.093186,0.095,0.4
131.2,228.154914,0.0975,0.4
131.2,229.187924,0.1,0.4
131.2,230.193635,0.1025,0.4
131.2,231.173365,0.105,0.4
131.2,232.128339,0.1075,0.4
131.2,233.059696,0.11,0.4
131.2,233.9685,0.1125,0.4
131.2,234.855744,0.115,0.4
131.2,235.722356,0.1175,0.4
131.2,236.569208,0.12,0.4
131.2,237.397115,0.1225,0.4
131.2,238.206844,0.125,0.4
131.2,238.999118,0.1275,0.4
131.2,239.774615,0.13,0.4
131.2,240.533976,0.1325,0.4
131.2,241.277806,0.135,0.4
131.2,242.006675,0.1375,0.4
131.2,242.721125,0.14,0.4
131.2,243.421668,0.1425,0.4
131.2,244.108787,0.145,0.4
131.2,244.782945,0.1475,0.4
131.2,245.444576,0.15,0.4
131.2,246.731904,0.155,0.4
131.2,247.973859,0.16,0.4
131.2,249.173242,0.165,0.4
131.2,250.332605,0.17,0.4
131.2,251.454277,0.175,0.4
131.2,252.54039,0.18,0.4
131.2,253.592902,0.185,0.4
131.2,254.613612,0.19,0.4
131.2,255.60418,0.195,0.4
131.2,256.566141,0.2,0.4
131.2,257.500915,0.205,0.4
131.2,258.409819,0.21,0.4
131.2,259.294079,0.215,0.4
131.2,260.154833,0.22,0.4
131.2,260.993146,0.225,0.4
131.2,261.810009,0.23,0.4
131.2,262.606354,0.235,0.4
131.2,263.383048,0.24,0.4
131.2,264.14091,0.245,0.4
131.2,264.880706,0.25,0.4
131.2,265.603157,0.255,0.4
131.2,266.308942,0.26,0.4
131.2,266.998703,0.265,0.4
131.2,267.673043,0.27,0.4
131.2,268.332534,0.275,0.4
131.2,268.977716,0.28,0.4
131.2,269.609101,0.285,0.4
131.2,270.227174,0.29,0.4
131.2,270.832395,0.295,0.4
131.2,271.425201,0.3,0.4
131.2,272.575208,0.31,0.4
131.2,273.68028,0.32,0.4
131.2,274.743219,0.33,0.4
131.2,275.766575,0.34,0.4
131.2,276.752675,0.35,0.4
131.2,277.703651,0.36,0.4
131.2,278.621458,0.37,0.4
131.2,279.507895,0.38,0.4
131.2,280.364622,0.39,0.4
131.2,281.19317,0.4,0.4
131.2,281.99496,0.41,0.4
131.2,282.771307,0.42,0.4
131.2,283.523434,0.43,0.4
131.2,284.25248,0.44,0.4
131.2,284.959508,0.45,0.4
131.2,285.645509,0.46,0.4
131.2,286.311411,0.47,0.4
131.2,286.958082,0.48,0.4
131.2,287.58634,0.49,0.4
131.2,288.196948,0.5,0.4
131.2,288.790627,0.51,0.4
131.2,289.368056,0.52,0.4
131.2,289.929875,0.53,0.4
131.2,290.476685,0.54,0.4
131.2,291.009059,0.55,0.4
131.2,291.527534,0.56,0.4
131.2,292.032623,0.57,0.4
131.2,292.524808,0.58,0.4
131.2,293.00455,0.59,0.4
131.2,293.472283,0.6,0.4
131.2,293.928424,0.61,0.4
131.2,294.373365,0.62,0.4
131.2,294.807482,0.63,0.4
131.2,295.231132,0.64,0.4
131.2,295.644657,0.65,0.4
131.2,296.048382,0.66,0.4
131.2,296.442617,0.67,0.4
131.2,296.827659,0.68,0.4
131.2,297.203792,0.69,0.4
131.2,297.571287,0.7,0.4
131.2,297.930405,0.71,0.4
131.2,298.281394,0.72,0.4
131.2,298.624495,0.73,0.4
131.2,298.959934,0.74,0.4
131.2,299.287934,0.75,0.4
131.2,299.608705,0.76,0.4
131.2,299.92245,0.77,0.4
131.2,300.229364,0.78,0.4
131.2,300.529635,0.79,0.4
131.2,300.823444,0.8,0.4
131.2,301.392366,0.82,0.4
131.2,301.937448,0.84,0.4
131.2,302.459917,0.86,0.4
131.2,302.960915,0.88,0.4
131.2,303.44151,0.9,0.4
131.2,303.9027,0.92,0.4
131.2,304.345419,0.94,0.4
131.2,304.770547,0.96,0.4
131.2,305.178908,0.98,0.4
131.2,305.571278,1.0,0.4
131.2,305.948391,1.02,0.4
131.2,306.310937,1.04,0.4
131.2,306.659572,1.06,0.4
131.2,306.994915,1.08,0.4
131.2,307.317554,1.1,0.4
131.2,307.628048,1.12,0.4
131.2,307.926928,1.14,0.4
131.2,308.2147,1.16,0.4
131.2,308.491848,1.18,0.4
131.2,308.758831,1.2,0.4
131.2,309.016092,1.22,0.4
131.2,309.264054,1.24,0.4
131.2,309.503122,1.26,0.4
131.2,309.733685,1.28,0.4
131.2,309.956119,1.3,0.4
131.2,310.170785,1.32,0.4
131.2,310.378032,1.34,0.4
131.2,310.578194,1.36,0.4
131.2,310.7716,1.38,0.4
131.2,310.958563,1.4,0.4
131.2,311.139391,1.42,0.4
131.2,311.31438,1.44,0.4
131.2,311.483821,1.46,0.4
131.2,311.647994,1.48,0.4
131.2,311.807177,1.5,0.4
131.2,311.961638,1.52,0.4
131.2,312.11164,1.54,0.4
131.2,312.257442,1.56,0.4
131.2,312.399298,1.58,0.4
131.2,312.537457,1.6,0.4
131.2,312.672166,1.62,0.4
131.2,312.803666,1.64,0.4
131.2,312.932196,1.66,0.4
131.2,313.057995,1.68,0.4
131.2,313.181296,1.7,0.4
131.2,313.302333,1.72,0.4
131.2,313.421338,1.74,0.4
131.2,313.538539,1.76,0.4
131.2,313.654168,1.78,0.4
131.2,313.768454,1.8,0.4
131.2,313.881624,1.82,0.4
131.2,313.993909,1.84,0.4
131.2,314.105538,1.86,0.4
131.2,314.21674,1.88,0.4
131.2,314.327748,1.9,0.4
131.2,314.438794,1.92,0.4
131.2,314.550111,1.94,0.4
131.2,314.661936,1.96,0.4
131.2,314.774506,1.98,0.4
131.2,314.888061,2.0,0.4
131.2,315.002843,2.02,0.4
131.2,315.119097,2.04,0.4
131.2,315.237071,2.06,0.4
131.2,315.357016,2.08,0.4
131.2,315.479184,2.1,0.4
131.2,315.603834,2.12,0.4
131.2,315.731225,2.14,0.4
131.2,315.861621,2.16,0.4
131.2,315.995289,2.18,0.4
131.2,316.1325,2.2,0.4
131.2,316.273526,2.22,0.4
131.2,316.418645,2.24,0.4
131.2,316.568137,2.26,0.4
131.2,316.722286,2.28,0.4
131.2,316.881376,2.3,0.4
131.2,317.045696,2.32,0.4
131.2,317.215536,2.34,0.4
131.2,317.391186,2.36,0.4
131.2,317.57294,2.38,0.4
131.2,317.761089,2.4,0.4
131.2,317.955927,2.42,0.4
131.2,318.157742,2.44,0.4
131.2,318.366824,2.46,0.4
131.2,318.583457,2.48,0.4
131.2,318.807922,2.5,0.4
131.2,319.040493,2.52,0.4
131.2,319.281437,2.54,0.4
131.2,319.531013,2.56,0.4
131.2,319.78947,2.58,0.4
131.2,320.057043,2.6,0.4
131.2,320.333957,2.62,0.4
131.2,320.620419,2.64,0.4
131.2,320.916619,2.66,0.4
131.2,321.22273,2.68,0.4
131.2,321.538904,2.7,0.4
131.2,321.86527,2.72,0.4
131.2,322.201936,2.74,0.4
131.2,322.548981,2.76,0.4
131.2,322.906464,2.78,0.4
131.2,323.27441,2.8,0.4
131.2,323.652822,2.82,0.4
131.2,324.041671,2.84,0.4
131.2,324.440902,2.86,0.4
131.2,324.850429,2.88,0.4
131.2,325.27014,2.9,0.4
131.2,325.699895,2.92,0.4
131.2,326.139527,2.94,0.4
131.2,326.588843,2.96,0.4
131.2,327.047628,2.98,0.4
131.2,327.515645,3.0,0.4
131.4,-0.0,0.0,0.4
131.4,71.5991,0.0025,0.4
131.4,100.63265,0.005,0.4
131.4,118.072736,0.0075,0.4
131.4,130.511398,0.01,0.4
131.4,140.169474,0.0125,0.4
131.4,148.057856,0.015,0.4
131.4,154.721046,0.0175,0.4
131.4,160.48577,0.02,0.4
131.4,165.563444,0.0225,0.4
131.4,170.098723,0.025,0.4
131.4,174.194929,0.0275,0.4
131.4,177.928432,0.03,0.4
131.4,181.357272,0.0325,0.4
131.4,184.526591,0.035,0.4
131.4,187.472191,0.0375,0.4
131.4,190.222945,0.04,0.4
131.4,192.802476,0.0425,0.4
131.4,195.230356,0.045,0.4
131.4,197.522986,0.0475,0.4
131.4,199.694241,0.05,0.4
131.4,201.755966,0.0525,0.4
131.4,203.718355,0.055,0.4
131.4,205.59024,0.0575,0.4
131.4,207.379328,0.06,0.4
131.4,209.092381,0.0625,0.4
131.4,210.735366,0.065,0.4
131.4,212.313574,0.0675,0.4
131.4,213.831718,0.07,0.4
131.4,215.294017,0.0725,0.4
131.4,216.70426,0.075,0.4
131.4,218.065862,0.0775,0.4
131.4,219.381914,0.08,0.4
131.4,220.655223,0.0825,0.4
131.4,221.888342,0.085,0.4
131.4,223.083603,0.0875,0.4
131.4,224.243141,0.09,0.4
131.4,225.368917,0.0925,0.4
131.4,226.462732,0.095,0.4
131.4,227.526249,0.0975,0.4
131.4,228.561005,0.1,0.4
131.4,229.568421,0.1025,0.4
131.4,230.549817,0.105,0.4
131.4,231.506419,0.1075,0.4
131.4,232.439369,0.11,0.4
131.4,233.349732,0.1125,0.4
131.4,234.238502,0.115,0.4
131.4,235.10661,0.1175,0.4
131.4,235.954928,0.12,0.4
131.4,236.784273,0.1225,0.4
131.4,237.595412,0.125,0.4
131.4,238.38907,0.1275,0.4
131.4,239.165926,0.13,0.4
131.4,239.926622,0.1325,0.4
131.4,240.671763,0.135,0.4
131.4,241.401922,0.1375,0.4
131.4,242.117639,0.14,0.4
131.4,242.819428,0.1425,0.4
131.4,243.507774,0.145,0.4
131.4,244.183139,0.1475,0.4
131.4,244.845959,0.15,0.4
131.4,246.135611,0.155,0.4
131.4,247.379821,0.16,0.4
131.4,248.581397,0.165,0.4
131.4,249.742893,0.17,0.4
131.4,250.866642,0.175,0.4
131.4,251.954779,0.18,0.4
131.4,253.009264,0.185,0.4
131.4,254.031901,0.19,0.4
131.4,255.024353,0.195,0.4
131.4,255.988154,0.2,0.4
131.4,256.924728,0.205,0.4
131.4,257.835395,0.21,0.4
131.4,258.721381,0.215,0.4
131.4,259.583827,0.22,0.4
131.4,260.423798,0.225,0.4
131.4,261.24229,0.23,0.4
131.4,262.040232,0.235,0.4
131.4,262.818495,0.24,0.4
131.4,263.577899,0.245,0.4
131.4,264.31921,0.25,0.4
131.4,265.043151,0.255,0.4
131.4,265.750403,0.26,0.4
131.4,266.441607,0.265,0.4
131.4,267.117368,0.27,0.4
131.4,267.778258,0.275,0.4
131.4,268.42482,0.28,0.4
131.4,269.057564,0.285,0.4
131.4,269.676978,0.29,0.4
131.4,270.283521,0.295,0.4
131.4,270.877631,0.3,0.4
131.4,272.030196,0.31,0.4
131.4,273.137763,0.32,0.4
131.4,274.203137,0.33,0.4
131.4,275.228873,0.34,0.4
131.4,276.217301,0.35,0.4
131.4,277.170556,0.36,0.4
131.4,278.090596,0.37,0.4
131.4,278.979224,0.38,0.4
131.4,279.8381,0.39,0.4
131.4,280.66876,0.4,0.4
131.4,281.472625,0.41,0.4
131.4,282.251012,0.42,0.4
131.4,283.005147,0.43,0.4
131.4,283.736171,0.44,0.4
131.4,284.445147,0.45,0.4
131.4,285.133068,0.46,0.4
131.4,285.800863,0.47,0.4
131.4,286.449403,0.48,0.4
131.4,287.079505,0.49,0.4
131.4,287.691934,0.5,0.4
131.4,288.287414,0.51,0.4
131.4,288.866621,0.52,0.4
131.4,289.430198,0.53,0.4
131.4,289.978748,0.54,0.4
131.4,290.512842,0.55,0.4
131.4,291.033021,0.56,0.4
131.4,291.539797,0.57,0.4
131.4,292.033652,0.58,0.4
131.4,292.515049,0.59,0.4
131.4,292.984422,0.6,0.4
131.4,293.442188,0.61,0.4
131.4,293.88874,0.62,0.4
131.4,294.324455,0.63,0.4
131.4,294.749691,0.64,0.4
131.4,295.164788,0.65,0.4
131.4,295.570073,0.66,0.4
131.4,295.965857,0.67,0.4
131.4,296.352436,0.68,0.4
131.4,296.730096,0.69,0.4
131.4,297.099107,0.7,0.4
131.4,297.459731,0.71,0.4
131.4,297.812216,0.72,0.4
131.4,298.156802,0.73,0.4
131.4,298.493719,0.74,0.4
131.4,298.823186,0.75,0.4
131.4,299.145415,0.76,0.4
131.4,299.46061,0.77,0.4
131.4,299.768966,0.78,0.4
131.4,300.07067,0.79,0.4
131.4,300.365905,0.8,0.4
131.4,300.937654,0.82,0.4
131.4,301.485533,0.84,0.4
131.4,302.01077,0.86,0.4
131.4,302.514509,0.88,0.4
131.4,302.997818,0.9,0.4
131.4,303.461696,0.92,0.4
131.4,303.907079,0.94,0.4
131.4,304.334846,0.96,0.4
131.4,304.745822,0.98,0.4
131.4,305.140785,1.0,0.4
131.4,305.520467,1.02,0.4
131.4,305.885561,1.04,0.4
131.4,306.236721,1.06,0.4
131.4,306.574568,1.08,0.4
131.4,306.89969,1.1,0.4
131.4,307.212645,1.12,0.4
131.4,307.513965,1.14,0.4
131.4,307.804157,1.16,0.4
131.4,308.083702,1.18,0.4
131.4,308.353063,1.2,0.4
131.4,308.612681,1.22,0.4
131.4,308.862978,1.24,0.4
131.4,309.104361,1.26,0.4
131.4,309.337218,1.28,0.4
131.4,309.561924,1.3,0.4
131.4,309.778841,1.32,0.4
131.4,309.988317,1.34,0.4
131.4,310.190687,1.36,0.4
131.4,310.386278,1.38,0.4
131.4,310.575404,1.4,0.4
131.4,310.758372,1.42,0.4
131.4,310.935479,1.44,0.4
131.4,311.107013,1.46,0.4
131.4,311.273257,1.48,0.4
131.4,311.434486,1.5,0.4
131.4,311.590968,1.52,0.4
131.4,311.742967,1.54,0.4
131.4,311.890741,1.56,0.4
131.4,312.034542,1.58,0.4
131.4,312.17462,1.6,0.4
131.4,312.311221,1.62,0.4
131.4,312.444585,1.64,0.4
131.4,312.574952,1.66,0.4
131.4,312.702558,1.68,0.4
131.4,312.827637,1.7,0.4
131.4,312.950422,1.72,0.4
131.4,313.071143,1.74,0.4
131.4,313.19003,1.76,0.4
131.4,313.307312,1.78,0.4
131.4,313.423218,1.8,0.4
131.4,313.537974,1.82,0.4
131.4,313.65181,1.84,0.4
131.4,313.764954,1.86,0.4
131.4,313.877635,1.88,0.4
131.4,313.990084,1.9,0.4
131.4,314.102532,1.92,0.4
131.4,314.215212,1.94,0.4
131.4,314.328359,1.96,0.4
131.4,314.442208,1.98,0.4
131.4,314.557,2.0,0.4
131.4,314.672975,2.02,0.4
131.4,314.790376,2.04,0.4
131.4,314.909451,2.06,0.4
131.4,315.030448,2.08,0.4
131.4,315.153621,2.1,0.4
131.4,315.279223,2.12,0.4
131.4,315.407515,2.14,0.4
131.4,315.538759,2.16,0.4
131.4,315.67322,2.18,0.4
131.4,315.811167,2.2,0.4
131.4,315.952873,2.22,0.4
131.4,316.098613,2.24,0.4
131.4,316.248666,2.26,0.4
131.4,316.403313,2.28,0.4
131.4,316.562839,2.3,0.4
131.4,316.727531,2.32,0.4
131.4,316.897676,2.34,0.4
131.4,317.073566,2.36,0.4
131.4,317.255491,2.38,0.4
131.4,317.443743,2.4,0.4
131.4,317.638613,2.42,0.4
131.4,317.840391,2.44,0.4
131.4,318.049364,2.46,0.4
131.4,318.265817,2.48,0.4
131.4,318.49003,2.5,0.4
131.4,318.722277,2.52,0.4
131.4,318.962826,2.54,0.4
131.4,319.211936,2.56,0.4
131.4,319.469857,2.58,0.4
131.4,319.736825,2.6,0.4
131.4,320.013065,2.62,0.4
131.4,320.298787,2.64,0.4
131.4,320.594184,2.66,0.4
131.4,320.899431,2.68,0.4
131.4,321.214681,2.7,0.4
131.4,321.540069,2.72,0.4
131.4,321.875703,2.74,0.4
131.4,322.221669,2.76,0.4
131.4,322.578028,2.78,0.4
131.4,322.944811,2.8,0.4
131.4,323.322024,2.82,0.4
131.4,323.709644,2.84,0.4
131.4,324.107619,2.86,0.4
131.4,324.515871,2.88,0.4
131.4,324.934292,2.9,0.4
131.4,325.362746,2.92,0.4
131.4,325.801071,2.94,0.4
131.4,326.249081,2.96,0.4
131.4,326.706565,2.98,0.4
131.4,327.173289,3.0,0.4
131.6,0.0,0.0,0.4
131.6,70.797982,0.0025,0.4
131.6,99.822565,0.005,0.4
131.6,117.278413,0.0075,0.4
131.6,129.732248,0.01,0.4
131.6,139.403354,0.0125,0.4
131.6,147.302904,0.015,0.4
131.6,153.975792,0.0175,0.4
131.6,159.749059,0.02,0.4
131.6,164.834353,0.0225,0.4
131.6,169.376503,0.025,0.4
131.6,173.478963,0.0275,0.4
131.6,177.218202,0.03,0.4
131.6,180.652339,0.0325,0.4
131.6,183.826577,0.035,0.4
131.6,186.77677,0.0375,0.4
131.6,189.53183,0.04,0.4
131.6,192.115413,0.0425,0.4
131.6,194.547123,0.045,0.4
131.6,196.84338,0.0475,0.4
131.6,199.018082,0.05,0.4
131.6,201.083092,0.0525,0.4
131.6,203.048616,0.055,0.4
131.6,204.923502,0.0575,0.4
131.6,206.715467,0.06,0.4
131.6,208.431283,0.0625,0.4
131.6,210.076925,0.065,0.4
131.6,211.657694,0.0675,0.4
131.6,213.178309,0.07,0.4
131.6,214.642994,0.0725,0.4
131.6,216.055545,0.075,0.4
131.6,217.419383,0.0775,0.4
131.6,218.737602,0.08,0.4
131.6,220.013014,0.0825,0.4
131.6,221.248175,0.085,0.4
131.6,222.445421,0.0875,0.4
131.6,223.606892,0.09,0.4
131.6,224.734548,0.0925,0.4
131.6,225.830196,0.095,0.4
131.6,226.895501,0.0975,0.4
131.6,227.932001,0.1,0.4
131.6,228.94112,0.1025,0.4
131.6,229.924181,0.105,0.4
131.6,230.88241,0.1075,0.4
131.6,231.816951,0.11,0.4
131.6,232.728872,0.1125,0.4
131.6,233.619167,0.115,0.4
131.6,234.48877,0.1175,0.4
131.6,235.338552,0.12,0.4
131.6,236.169333,0.1225,0.4
131.6,236.981881,0.125,0.4
131.6,237.776922,0.1275,0.4
131.6,238.555135,0.13,0.4
131.6,239.317165,0.1325,0.4
131.6,240.063616,0.135,0.4
131.6,240.795062,0.1375,0.4
131.6,241.512046,0.14,0.4
131.6,242.21508,0.1425,0.4
131.6,242.904651,0.145,0.4
131.6,243.581222,0.1475,0.4
131.6,244.245229,0.15,0.4
131.6,245.537202,0.155,0.4
131.6,246.783665,0.16,0.4
131.6,247.987431,0.165,0.4
131.6,249.151057,0.17,0.4
131.6,250.27688,0.175,0.4
131.6,251.367039,0.18,0.4
131.6,252.423496,0.185,0.4
131.6,253.448058,0.19,0.4
131.6,254.44239,0.195,0.4
131.6,255.40803,0.2,0.4
131.6,256.346402,0.205,0.4
131.6,257.258829,0.21,0.4
131.6,258.146539,0.215,0.4
131.6,259.010674,0.22,0.4
131.6,259.852303,0.225,0.4
131.6,260.67242,0.23,0.4
131.6,261.471957,0.235,0.4
131.6,262.251788,0.24,0.4
131.6,263.012731,0.245,0.4
131.6,263.755555,0.25,0.4
131.6,264.480985,0.255,0.4
131.6,265.189701,0.26,0.4
131.6,265.882346,0.265,0.4
131.6,266.559526,0.27,0.4
131.6,267.221814,0.275,0.4
131.6,267.869753,0.28,0.4
131.6,268.503855,0.285,0.4
131.6,269.124607,0.29,0.4
131.6,269.73247,0.295,0.4
131.6,270.327883,0.3,0.4
131.6,271.483002,0.31,0.4
131.6,272.593061,0.32,0.4
131.6,273.660867,0.33,0.4
131.6,274.68898,0.34,0.4
131.6,275.679733,0.35,0.4
131.6,276.635264,0.36,0.4
131.6,277.557535,0.37,0.4
131.6,278.44835,0.38,0.4
131.6,279.309374,0.39,0.4
131.6,280.142142,0.4,0.4
131.6,280.948079,0.41,0.4
131.6,281.728505,0.42,0.4
131.6,282.484646,0.43,0.4
131.6,283.217645,0.44,0.4
131.6,283.928567,0.45,0.4
131.6,284.618406,0.46,0.4
131.6,285.288094,0.47,0.4
131.6,285.938501,0.48,0.4
131.6,286.570445,0.49,0.4
131.6,287.184695,0.5,0.4
131.6,287.781972,0.51,0.4
131.6,288.362957,0.52,0.4
131.6,288.928291,0.53,0.4
131.6,289.47858,0.54,0.4
131.6,290.014395,0.55,0.4
131.6,290.536276,0.56,0.4
131.6,291.044737,0.57,0.4
131.6,291.540263,0.58,0.4
131.6,292.023313,0.59,0.4
131.6,292.494326,0.6,0.4
131.6,292.953716,0.61,0.4
131.6,293.40188,0.62,0.4
131.6,293.839193,0.63,0.4
131.6,294.266013,0.64,0.4
131.6,294.682683,0.65,0.4
131.6,295.089529,0.66,0.4
131.6,295.486862,0.67,0.4
131.6,295.874979,0.68,0.4
131.6,296.254165,0.69,0.4
131.6,296.624693,0.7,0.4
131.6,296.986823,0.71,0.4
131.6,297.340804,0.72,0.4
131.6,297.686877,0.73,0.4
131.6,298.025271,0.74,0.4
131.6,298.356207,0.75,0.4
131.6,298.679896,0.76,0.4
131.6,298.996542,0.77,0.4
131.6,299.30634,0.78,0.4
131.6,299.609479,0.79,0.4
131.6,299.90614,0.8,0.4
131.6,300.480719,0.82,0.4
131.6,301.031398,0.84,0.4
131.6,301.559407,0.86,0.4
131.6,302.06589,0.88,0.4
131.6,302.551917,0.9,0.4
131.6,303.018488,0.92,0.4
131.6,303.466539,0.94,0.4
131.6,303.89695,0.96,0.4
131.6,304.310546,0.98,0.4
131.6,304.708106,1.0,0.4
131.6,305.090363,1.02,0.4
131.6,305.45801,1.04,0.4
131.6,305.811702,1.06,0.4
131.6,306.152059,1.08,0.4
131.6,306.479669,1.1,0.4
131.6,306.795092,1.12,0.4
131.6,307.098859,1.14,0.4
131.6,307.391476,1.16,0.4
131.6,307.673427,1.18,0.4
131.6,307.945172,1.2,0.4
131.6,308.207154,1.22,0.4
131.6,308.459795,1.24,0.4
131.6,308.703499,1.26,0.4
131.6,308.938658,1.28,0.4
131.6,309.165644,1.3,0.4
131.6,309.38482,1.32,0.4
131.6,309.596533,1.34,0.4
131.6,309.801119,1.36,0.4
131.6,309.998904,1.38,0.4
131.6,310.190201,1.4,0.4
131.6,310.375318,1.42,0.4
131.6,310.554551,1.44,0.4
131.6,310.728189,1.46,0.4
131.6,310.896512,1.48,0.4
131.6,311.059796,1.5,0.4
131.6,311.21831,1.52,0.4
131.6,311.372315,1.54,0.4
131.6,311.52207,1.56,0.4
131.6,311.667826,1.58,0.4
131.6,311.809833,1.6,0.4
131.6,311.948335,1.62,0.4
131.6,312.083574,1.64,0.4
131.6,312.215788,1.66,0.4
131.6,312.345212,1.68,0.4
131.6,312.472079,1.7,0.4
131.6,312.596623,1.72,0.4
131.6,312.719072,1.74,0.4
131.6,312.839656,1.76,0.4
131.6,312.958602,1.78,0.4
131.6,313.076139,1.8,0.4
131.6,313.192492,1.82,0.4
131.6,313.307891,1.84,0.4
131.6,313.422562,1.86,0.4
131.6,313.536734,1.88,0.4
131.6,313.650636,1.9,0.4
131.6,313.764499,1.92,0.4
131.6,313.878555,1.94,0.4
131.6,313.993036,1.96,0.4
131.6,314.108179,1.98,0.4
131.6,314.224221,2.0,0.4
131.6,314.341402,2.02,0.4
131.6,314.459964,2.04,0.4
131.6,314.580154,2.06,0.4
131.6,314.702218,2.08,0.4
131.6,314.826408,2.1,0.4
131.6,314.952979,2.12,0.4
131.6,315.082187,2.14,0.4
131.6,315.214294,2.16,0.4
131.6,315.349563,2.18,0.4
131.6,315.488264,2.2,0.4
131.6,315.630665,2.22,0.4
131.6,315.777043,2.24,0.4
131.6,315.927673,2.26,0.4
131.6,316.082836,2.28,0.4
131.6,316.242815,2.3,0.4
131.6,316.407896,2.32,0.4
131.6,316.578365,2.34,0.4
131.6,316.754513,2.36,0.4
131.6,316.936628,2.38,0.4
131.6,317.125002,2.4,0.4
131.6,317.319924,2.42,0.4
131.6,317.521683,2.44,0.4
131.6,317.730567,2.46,0.4
131.6,317.94686,2.48,0.4
131.6,318.170841,2.5,0.4
131.6,318.402785,2.52,0.4
131.6,318.642959,2.54,0.4
131.6,318.891623,2.56,0.4
131.6,319.149027,2.58,0.4
131.6,319.41541,2.6,0.4
131.6,319.690997,2.62,0.4
131.6,319.976,2.64,0.4
131.6,320.270613,2.66,0.4
131.6,320.575014,2.68,0.4
131.6,320.88936,2.7,0.4
131.6,321.213788,2.72,0.4
131.6,321.548409,2.74,0.4
131.6,321.893314,2.76,0.4
131.6,322.248566,2.78,0.4
131.6,322.614202,2.8,0.4
131.6,322.990231,2.82,0.4
131.6,323.376637,2.84,0.4
131.6,323.773372,2.86,0.4
131.6,324.180362,2.88,0.4
131.6,324.597504,2.9,0.4
131.6,325.024669,2.92,0.4
131.6,325.461699,2.94,0.4
131.6,325.908413,2.96,0.4
131.6,326.364603,2.98,0.4
131.6,326.830043,3.0,0.4
131.8,0.0,0.0,0.4
131.8,69.997962,0.0025,0.4
131.8,99.011374,0.005,0.4
131.8,116.482481,0.0075,0.4
131.8,128.951303,0.01,0.4
131.8,138.635351,0.0125,0.4
131.8,146.546021,0.015,0.4
131.8,153.228577,0.0175,0.4
131.8,159.010365,0.02,0.4
131.8,164.103266,0.0225,0.4
131.8,168.652276,0.025,0.4
131.8,172.760981,0.0275,0.4
131.8,176.505949,0.03,0.4
131.8,179.945377,0.0325,0.4
131.8,183.12453,0.035,0.4
131.8,186.079311,0.0375,0.4
131.8,188.838673,0.04,0.4
131.8,191.426307,0.0425,0.4
131.8,193.861841,0.045,0.4
131.8,196.161724,0.0475,0.4
131.8,198.339871,0.05,0.4
131.8,200.408162,0.0525,0.4
131.8,202.37682,0.055,0.4
131.8,204.254704,0.0575,0.4
131.8,206.049544,0.06,0.4
131.8,207.76812,0.0625,0.4
131.8,209.416418,0.065,0.4
131.8,210.999745,0.0675,0.4
131.8,212.522829,0.07,0.4
131.8,213.989899,0.0725,0.4
131.8,215.404757,0.075,0.4
131.8,216.770828,0.0775,0.4
131.8,218.091213,0.08,0.4
131.8,219.368725,0.0825,0.4
131.8,220.605927,0.085,0.4
131.8,221.805158,0.0875,0.4
131.8,222.968558,0.09,0.4
131.8,224.098094,0.0925,0.4
131.8,225.195574,0.095,0.4
131.8,226.262665,0.0975,0.4
131.8,227.300907,0.1,0.4
131.8,228.311728,0.1025,0.4
131.8,229.296451,0.105,0.4
131.8,230.256306,0.1075,0.4
131.8,231.192437,0.11,0.4
131.8,232.105914,0.1125,0.4
131.8,232.997733,0.115,0.4
131.8,233.868828,0.1175,0.4
131.8,234.720073,0.12,0.4
131.8,235.552289,0.1225,0.4
131.8,236.366245,0.125,0.4
131.8,237.162666,0.1275,0.4
131.8,237.942236,0.13,0.4
131.8,238.705597,0.1325,0.4
131.8,239.453357,0.135,0.4
131.8,240.18609,0.1375,0.4
131.8,240.904338,0.14,0.4
131.8,241.608617,0.1425,0.4
131.8,242.299412,0.145,0.4
131.8,242.977187,0.1475,0.4
131.8,243.64238,0.15,0.4
131.8,244.936671,0.155,0.4
131.8,246.185385,0.16,0.4
131.8,247.391338,0.165,0.4
131.8,248.557092,0.17,0.4
131.8,249.684987,0.175,0.4
131.8,250.777165,0.18,0.4
131.8,251.835592,0.185,0.4
131.8,252.862076,0.19,0.4
131.8,253.858286,0.195,0.4
131.8,254.825761,0.2,0.4
131.8,255.765929,0.205,0.4
131.8,256.680114,0.21,0.4
131.8,257.569545,0.215,0.4
131.8,258.435368,0.22,0.4
131.8,259.278651,0.225,0.4
131.8,260.100391,0.23,0.4
131.8,260.901522,0.235,0.4
131.8,261.682917,0.24,0.4
131.8,262.445398,0.245,0.4
131.8,263.189734,0.25,0.4
131.8,263.91665,0.255,0.4
131.8,264.626828,0.26,0.4
131.8,265.320912,0.265,0.4
131.8,265.999509,0.27,0.4
131.8,266.663193,0.275,0.4
131.8,267.312507,0.28,0.4
131.8,267.947965,0.285,0.4
131.8,268.570053,0.29,0.4
131.8,269.179235,0.295,0.4
131.8,269.775949,0.3,0.4
131.8,270.933619,0.31,0.4
131.8,272.046166,0.32,0.4
131.8,273.116401,0.33,0.4
131.8,274.146887,0.34,0.4
131.8,275.139962,0.35,0.4
131.8,276.097767,0.36,0.4
131.8,277.022266,0.37,0.4
131.8,277.915266,0.38,0.4
131.8,278.778434,0.39,0.4
131.8,279.613309,0.4,0.4
131.8,280.421316,0.41,0.4
131.8,281.203778,0.42,0.4
131.8,281.961923,0.43,0.4
131.8,282.696895,0.44,0.4
131.8,283.409761,0.45,0.4
131.8,284.101516,0.46,0.4
131.8,284.773094,0.47,0.4
131.8,285.425366,0.48,0.4
131.8,286.059152,0.49,0.4
131.8,286.67522,0.5,0.4
131.8,287.274295,0.51,0.4
131.8,287.857056,0.52,0.4
131.8,288.424146,0.53,0.4
131.8,288.976172,0.54,0.4
131.8,289.513706,0.55,0.4
131.8,290.03729,0.56,0.4
131.8,290.547436,0.57,0.4
131.8,291.04463,0.58,0.4
131.8,291.529334,0.59,0.4
131.8,292.001986,0.6,0.4
131.8,292.463001,0.61,0.4
131.8,292.912775,0.62,0.4
131.8,293.351686,0.63,0.4
131.8,293.780091,0.64,0.4
131.8,294.198334,0.65,0.4
131.8,294.60674,0.66,0.4
131.8,295.005622,0.67,0.4
131.8,295.395277,0.68,0.4
131.8,295.775991,0.69,0.4
131.8,296.148036,0.7,0.4
131.8,296.511672,0.71,0.4
131.8,296.867151,0.72,0.4
131.8,297.214711,0.73,0.4
131.8,297.554584,0.74,0.4
131.8,297.886988,0.75,0.4
131.8,298.212138,0.76,0.4
131.8,298.530236,0.77,0.4
131.8,298.841478,0.78,0.4
131.8,299.146052,0.79,0.4
131.8,299.444141,0.8,0.4
131.8,300.021553,0.82,0.4
131.8,300.575036,0.84,0.4
131.8,301.105819,0.86,0.4
131.8,301.615051,0.88,0.4
131.8,302.1038,0.9,0.4
131.8,302.573067,0.92,0.4
131.8,303.02379,0.94,0.4
131.8,303.456849,0.96,0.4
131.8,303.873071,0.98,0.4
131.8,304.273233,1.0,0.4
131.8,304.658071,1.02,0.4
131.8,305.028276,1.04,0.4
131.8,305.384505,1.06,0.4
131.8,305.727378,1.08,0.4
131.8,306.057483,1.1,0.4
131.8,306.37538,1.12,0.4
131.8,306.6816,1.14,0.4
131.8,306.97665,1.16,0.4
131.8,307.261013,1.18,0.4
131.8,307.535151,1.2,0.4
131.8,307.799503,1.22,0.4
131.8,308.054495,1.24,0.4
131.8,308.300529,1.26,0.4
131.8,308.537997,1.28,0.4
131.8,308.767271,1.3,0.4
131.8,308.988714,1.32,0.4
131.8,309.202673,1.34,0.4
131.8,309.409483,1.36,0.4
131.8,309.60947,1.38,0.4
131.8,309.802948,1.4,0.4
131.8,309.990223,1.42,0.4
131.8,310.171591,1.44,0.4
131.8,310.34734,1.46,0.4
131.8,310.517752,1.48,0.4
131.8,310.683101,1.5,0.4
131.8,310.843655,1.52,0.4
131.8,310.999676,1.54,0.4
131.8,311.151422,1.56,0.4
131.8,311.299143,1.58,0.4
131.8,311.443089,1.6,0.4
131.8,311.583503,1.62,0.4
131.8,311.720627,1.64,0.4
131.8,311.854698,1.66,0.4
131.8,311.98595,1.68,0.4
131.8,312.114617,1.7,0.4
131.8,312.24093,1.72,0.4
131.8,312.365118,1.74,0.4
131.8,312.48741,1.76,0.4
131.8,312.608031,1.78,0.4
131.8,312.727211,1.8,0.4
131.8,312.845174,1.82,0.4
131.8,312.962147,1.84,0.4
131.8,313.078357,1.86,0.4
131.8,313.194032,1.88,0.4
131.8,313.3094,1.9,0.4
131.8,313.42469,1.92,0.4
131.8,313.540133,1.94,0.4
131.8,313.655962,1.96,0.4
131.8,313.772411,1.98,0.4
131.8,313.889717,2.0,0.4
131.8,314.008118,2.02,0.4
131.8,314.127855,2.04,0.4
131.8,314.249173,2.06,0.4
131.8,314.372319,2.08,0.4
131.8,314.497542,2.1,0.4
131.8,314.625095,2.12,0.4
131.8,314.755234,2.14,0.4
131.8,314.88822,2.16,0.4
131.8,315.024314,2.18,0.4
131.8,315.163783,2.2,0.4
131.8,315.306897,2.22,0.4
131.8,315.453928,2.24,0.4
131.8,315.605152,2.26,0.4
131.8,315.760848,2.28,0.4
131.8,315.921298,2.3,0.4
131.8,316.086786,2.32,0.4
131.8,316.257598,2.34,0.4
131.8,316.434021,2.36,0.4
131.8,316.616345,2.38,0.4
131.8,316.804859,2.4,0.4
131.8,316.999853,2.42,0.4
131.8,317.201614,2.44,0.4
131.8,317.410428,2.46,0.4
131.8,317.62658,2.48,0.4
131.8,317.850349,2.5,0.4
131.8,318.08201,2.52,0.4
131.8,318.321829,2.54,0.4
131.8,318.570068,2.56,0.4
131.8,318.826976,2.58,0.4
131.8,319.092794,2.6,0.4
131.8,319.367748,2.62,0.4
131.8,319.652051,2.64,0.4
131.8,319.945901,2.66,0.4
131.8,320.249477,2.68,0.4
131.8,320.562938,2.7,0.4
131.8,320.886424,2.72,0.4
131.8,321.220051,2.74,0.4
131.8,321.563912,2.76,0.4
131.8,321.918074,2.78,0.4
131.8,322.28258,2.8,0.4
131.8,322.657442,2.82,0.4
131.8,323.042649,2.84,0.4
131.8,323.438158,2.86,0.4
131.8,323.843899,2.88,0.4
131.8,324.259776,2.9,0.4
131.8,324.685663,2.92,0.4
131.8,325.121408,2.94,0.4
131.8,325.566835,2.96,0.4
131.8,326.021742,2.98,0.4
131.8,326.485905,3.0,0.4
132.0,0.0,0.0,0.4
132.0,69.199148,0.0025,0.4
132.0,98.199112,0.005,0.4
132.0,115.684954,0.0075,0.4
132.0,128.16857,0.01,0.4
132.0,137.865467,0.0125,0.4
132.0,145.787205,0.015,0.4
132.0,152.479397,0.0175,0.4
132.0,158.269687,0.02,0.4
132.0,163.370178,0.0225,0.4
132.0,167.926038,0.025,0.4
132.0,172.040979,0.0275,0.4
132.0,175.79167,0.03,0.4
132.0,179.236383,0.0325,0.4
132.0,182.420445,0.035,0.4
132.0,185.37981,0.0375,0.4
132.0,188.14347,0.04,0.4
132.0,190.73515,0.0425,0.4
132.0,193.174508,0.045,0.4
132.0,195.478012,0.0475,0.4
132.0,197.659601,0.05,0.4
132.0,199.731171,0.0525,0.4
132.0,201.702961,0.055,0.4
132.0,203.583841,0.0575,0.4
132.0,205.381552,0.06,0.4
132.0,207.102888,0.0625,0.4
132.0,208.75384,0.065,0.4
132.0,210.339723,0.0675,0.4
132.0,211.865273,0.07,0.4
132.0,213.334727,0.0725,0.4
132.0,214.751889,0.075,0.4
132.0,216.120192,0.0775,0.4
132.0,217.442741,0.08,0.4
132.0,218.722352,0.0825,0.4
132.0,219.961593,0.085,0.4
132.0,221.162806,0.0875,0.4
132.0,222.328134,0.09,0.4
132.0,223.459548,0.0925,0.4
132.0,224.558858,0.095,0.4
132.0,225.627733,0.0975,0.4
132.0,226.667717,0.1,0.4
132.0,227.680238,0.1025,0.4
132.0,228.666622,0.105,0.4
132.0,229.6281,0.1075,0.4
132.0,230.56582,0.11,0.4
132.0,231.480851,0.1125,0.4
132.0,232.374193,0.115,0.4
132.0,233.246779,0.1175,0.4
132.0,234.099486,0.12,0.4
132.0,234.933135,0.1225,0.4
132.0,235.748497,0.125,0.4
132.0,236.546298,0.1275,0.4
132.0,237.327222,0.13,0.4
132.0,238.091914,0.1325,0.4
132.0,238.840981,0.135,0.4
132.0,239.574999,0.1375,0.4
132.0,240.294511,0.14,0.4
132.0,241.000032,0.1425,0.4
132.0,241.69205,0.145,0.4
132.0,242.371028,0.1475,0.4
132.0,243.037406,0.15,0.4
132.0,244.334012,0.155,0.4
132.0,245.584974,0.16,0.4
132.0,246.793111,0.165,0.4
132.0,247.96099,0.17,0.4
132.0,249.090955,0.175,0.4
132.0,250.185149,0.18,0.4
132.0,251.245543,0.185,0.4
132.0,252.273947,0.19,0.4
132.0,253.272032,0.195,0.4
132.0,254.241341,0.2,0.4
132.0,255.183303,0.205,0.4
132.0,256.099243,0.21,0.4
132.0,256.990394,0.215,0.4
132.0,257.857902,0.22,0.4
132.0,258.702837,0.225,0.4
132.0,259.526198,0.23,0.4
132.0,260.32892,0.235,0.4
132.0,261.111878,0.24,0.4
132.0,261.875894,0.245,0.4
132.0,262.621739,0.25,0.4
132.0,263.350139,0.255,0.4
132.0,264.061777,0.26,0.4
132.0,264.757298,0.265,0.4
132.0,265.437311,0.27,0.4
132.0,266.102389,0.275,0.4
132.0,266.753076,0.28,0.4
132.0,267.389887,0.285,0.4
132.0,268.01331,0.29,0.4
132.0,268.623809,0.295,0.4
132.0,269.221821,0.3,0.4
132.0,270.38204,0.31,0.4
132.0,271.49707,0.32,0.4
132.0,272.569732,0.33,0.4
132.0,273.602588,0.34,0.4
132.0,274.597982,0.35,0.4
132.0,275.558057,0.36,0.4
132.0,276.484781,0.37,0.4
132.0,277.379963,0.38,0.4
132.0,278.245273,0.39,0.4
132.0,279.082251,0.4,0.4
132.0,279.892326,0.41,0.4
132.0,280.676822,0.42,0.4
132.0,281.436968,0.43,0.4
132.0,282.173911,0.44,0.4
132.0,282.888719,0.45,0.4
132.0,283.58239,0.46,0.4
132.0,284.255856,0.47,0.4
132.0,284.909991,0.48,0.4
132.0,285.545617,0.49,0.4
132.0,286.163502,0.5,0.4
132.0,286.764372,0.51,0.4
132.0,287.348908,0.52,0.4
132.0,287.917754,0.53,0.4
132.0,288.471516,0.54,0.4
132.0,289.010768,0.55,0.4
132.0,289.536053,0.56,0.4
132.0,290.047883,0.57,0.4
132.0,290.546746,0.58,0.4
132.0,291.033103,0.59,0.4
132.0,291.507393,0.6,0.4
132.0,291.970032,0.61,0.4
132.0,292.421417,0.62,0.4
132.0,292.861925,0.63,0.4
132.0,293.291916,0.64,0.4
132.0,293.711731,0.65,0.4
132.0,294.121698,0.66,0.4
132.0,294.522129,0.67,0.4
132.0,294.913323,0.68,0.4
132.0,295.295564,0.69,0.4
132.0,295.669126,0.7,0.4
132.0,296.03427,0.71,0.4
132.0,296.391246,0.72,0.4
132.0,296.740295,0.73,0.4
132.0,297.081646,0.74,0.4
132.0,297.415521,0.75,0.4
132.0,297.742132,0.76,0.4
132.0,298.061683,0.77,0.4
132.0,298.37437,0.78,0.4
132.0,298.680382,0.79,0.4
132.0,298.979899,0.8,0.4
132.0,299.560147,0.82,0.4
132.0,300.116436,0.84,0.4
132.0,300.649998,0.86,0.4
132.0,301.161981,0.88,0.4
132.0,301.653456,0.9,0.4
132.0,302.125424,0.92,0.4
132.0,302.578824,0.94,0.4
132.0,303.014536,0.96,0.4
132.0,303.433387,0.98,0.4
132.0,303.836158,1.0,0.4
132.0,304.223581,1.02,0.4
132.0,304.596351,1.04,0.4
132.0,304.955123,1.06,0.4
132.0,305.300517,1.08,0.4
132.0,305.633124,1.1,0.4
132.0,305.953501,1.12,0.4
132.0,306.262181,1.14,0.4
132.0,306.559671,1.16,0.4
132.0,306.846454,1.18,0.4
132.0,307.12299,1.2,0.4
132.0,307.389721,1.22,0.4
132.0,307.64707,1.24,0.4
132.0,307.895443,1.26,0.4
132.0,308.135227,1.28,0.4
132.0,308.366798,1.3,0.4
132.0,308.590516,1.32,0.4
132.0,308.806729,1.34,0.4
132.0,309.015771,1.36,0.4
132.0,309.217969,1.38,0.4
132.0,309.413636,1.4,0.4
132.0,309.603078,1.42,0.4
132.0,309.78659,1.44,0.4
132.0,309.964461,1.46,0.4
132.0,310.136971,1.48,0.4
132.0,310.304394,1.5,0.4
132.0,310.466998,1.52,0.4
132.0,310.625045,1.54,0.4
132.0,310.778791,1.56,0.4
132.0,310.928487,1.58,0.4
132.0,311.074382,1.6,0.4
132.0,311.216719,1.62,0.4
132.0,311.355737,1.64,0.4
132.0,311.491675,1.66,0.4
132.0,311.624767,1.68,0.4
132.0,311.755244,1.7,0.4
132.0,311.883337,1.72,0.4
132.0,312.009275,1.74,0.4
132.0,312.133286,1.76,0.4
132.0,312.255594,1.78,0.4
132.0,312.376428,1.8,0.4
132.0,312.496012,1.82,0.4
132.0,312.614571,1.84,0.4
132.0,312.732333,1.86,0.4
132.0,312.849523,1.88,0.4
132.0,312.966369,1.9,0.4
132.0,313.083099,1.92,0.4
132.0,313.199943,1.94,0.4
132.0,313.317132,1.96,0.4
132.0,313.434901,1.98,0.4
132.0,313.553483,2.0,0.4
132.0,313.673117,2.02,0.4
132.0,313.794044,2.04,0.4
132.0,313.916505,2.06,0.4
132.0,314.040746,2.08,0.4
132.0,314.167016,2.1,0.4
132.0,314.295567,2.12,0.4
132.0,314.426652,2.14,0.4
132.0,314.560532,2.16,0.4
132.0,314.697466,2.18,0.4
132.0,314.83772,2.2,0.4
132.0,314.981562,2.22,0.4
132.0,315.129264,2.24,0.4
132.0,315.281099,2.26,0.4
132.0,315.437346,2.28,0.4
132.0,315.598284,2.3,0.4
132.0,315.764197,2.32,0.4
132.0,315.935369,2.34,0.4
132.0,316.112087,2.36,0.4
132.0,316.294638,2.38,0.4
132.0,316.483312,2.4,0.4
132.0,316.678395,2.42,0.4
132.0,316.880177,2.44,0.4
132.0,317.088942,2.46,0.4
132.0,317.304974,2.48,0.4
132.0,317.528551,2.5,0.4
132.0,317.759948,2.52,0.4
132.0,317.999433,2.54,0.4
132.0,318.247266,2.56,0.4
132.0,318.503699,2.58,0.4
132.0,318.768972,2.6,0.4
132.0,319.043314,2.62,0.4
132.0,319.326938,2.64,0.4
132.0,319.620045,2.66,0.4
132.0,319.922814,2.68,0.4
132.0,320.23541,2.7,0.4
132.0,320.557973,2.72,0.4
132.0,320.890624,2.74,0.4
132.0,321.233459,2.76,0.4
132.0,321.58655,2.78,0.4
132.0,321.949942,2.8,0.4
132.0,322.323653,2.82,0.4
132.0,322.707676,2.84,0.4
132.0,323.101973,2.86,0.4
132.0,323.50648,2.88,0.4
132.0,323.921104,2.9,0.4
132.0,324.345725,2.92,0.4
132.0,324.780198,2.94,0.4
132.0,325.224348,2.96,0.4
132.0,325.677981,2.98,0.4
132.0,326.140876,3.0,0.4
