tau_s_muB800,,tau_sbar_muB800,,tau_u_muB0,,tau_s_muB0,,tau_u_muB800,,tau_ubar_muB800,,muB1200,,muB0,,muB400,,muB873,,muB800,,T200MeV,,T160MeV,,T250MeV,,T160MeV_ustous,,T250MeV_ustous,,T210MeV_udbartoudbar,,T250MeV_udbartoudbar,,T250MeV_usbartousbar,,T210MeV_usbartousbar,
X,Y,X,Y,X,Y,X,Y,X,Y,X,Y,X,Y,X,Y,X,Y,X,Y,X,Y,X,Y,X,Y,X,Y,X,Y,X,Y,X,Y,X,Y,X,Y,X,Y
135.35931360836344,16.006538409959983,136.2918370430807,12.93344642031458,190.5342421900221,2.678781256006176,190.7521652636418,3.6163842784813944,135.36091299681158,19.64829211060411,135.56905341098798,7.570527244281121,87.13396667522758,9.558642535817091,190.32398528918017,0.3220066883734956,175.44199040102242,0.5763626400160806,120.12896418055627,4.417481167093589,130.05397813649884,4.0068590121598575,0.28715756548468696,0.588943068808776,0.7170810245738717,0.6687239516591417,0.0422946487928193,0.00868246851232346,0.9012996873807175,1.8177931582487945,0.33881367687031627,0.04271439729472437,0.13842260034386644,78.18922512733758,0.08408003794391394,0.10640874533619499,0.34899964427580477,0.1130123119023226,0.46762548170984575,25.62796610276749
136.6515554989632,13.641541150893026,136.6492683734823,10.175465281772643,192.68889672332438,2.3084244434332826,193.12247813652112,3.1472230939000663,136.65313889352694,16.71092725344282,137.07638505857147,6.0578351602554275,88.86983764038379,8.679767218160144,192.30776203501696,0.2866797114219112,177.1775813798604,0.5119384485908869,121.6163104479073,3.896436111557062,131.54132440384987,3.5342471327771383,0.29780126151391384,0.7053485578096597,0.7201324471406181,0.8054518844191554,0.07078611441650207,0.025646273100169203,0.9039896616650807,3.1070467238242303,0.3673688960982715,0.10877977264210781,0.15167688385605005,86.09065956456273,0.09070717970000586,0.12619810915140706,0.35430135768067794,0.13872518098741538,0.4696136242366733,22.64236749456683
137.7283837564185,11.878896537831087,137.9411264108545,8.255696536577478,194.843431302493,1.9589214571464397,195.27728621111441,2.7660025186848776,137.94531680858876,14.125553343962135,138.36821110817476,4.894815738682772,90.60554650819788,7.781581491660005,194.29153878085376,0.2552284157701206,178.66528131413983,0.4643272784946672,123.10361741893294,3.4262137794026724,133.02851348589942,3.07897346569785,0.30403822601945163,0.8031553265760145,0.722748543205638,0.9253412659507712,0.09927741885623731,0.04187534752588995,0.9035487954536299,2.9940015260075947,0.3933296934359136,0.18940399922345286,0.15830402561214196,105.29649499342338,0.09600889310487926,0.14737990395163741,0.35960307108555156,0.17077386735174807,0.4702763384122828,19.834476206016866
139.02067362867177,10.18621732342342,139.6639396655916,6.52201905764403,196.99816740460614,1.7058303334283496,197.2166134782484,2.4625502929426935,139.2374627358817,11.891313879827832,139.65995718835563,3.9147485755092193,92.58933799015657,6.935929486619715,196.27543341566664,0.22935011211150147,180.40097544583185,0.4157949948390484,124.34304316948149,3.0788063131358374,134.26782134747177,2.741170134118742,0.3092377649680633,0.8940900042952578,0.7262355139020396,1.0799180039121055,0.1277711410551896,0.06912537438349808,0.9035422860196354,2.9051802991516666,0.4141000574204017,0.27745621112824725,0.16360573901701536,132.67139071413746,0.10263603486097095,0.17614056423140573,0.36490478449042474,0.20287585673159342,0.47518042331179045,16.591444384015762
140.5280092747264,8.155053809005077,141.04165607363961,5.043703998836845,203.4623901054415,1.1284790682218309,203.25005049689446,1.709821555751027,140.24226253457277,10.134310816484811,140.73616168431613,3.1469935797511237,94.5731736804814,6.203769714921353,197.5153159859976,0.21365526429155476,182.3846343026925,0.3667528162953197,125.33434209751917,2.773058760384019,135.25914974775353,2.4746977400021337,0.3144377471725317,0.9870451899603472,0.7314452477353508,1.2173243643858065,0.15626695864546347,0.10592689334874095,0.9035357765856409,2.8163590722957395,0.43616820951473656,0.36610440962016977,0.16890745242188876,162.89547827236706,0.11058860496828116,0.21097709419806057,0.37020649789529836,0.2396437872685412,0.4804063979537374,14.521415038353423
141.82013920813483,6.851109839439508,143.16104049303527,2.9845155929436786,206.04806006165956,0.954227799642931,209.56108262974186,1.2526521967826976,140.9599001343335,8.95234375547395,141.81217425366282,2.4683375659106277,96.55702410692825,5.555349679481837,202.72320886778462,0.16354568929815574,183.87246686207007,0.336141788967845,126.32546419209271,2.4630826062230926,136.00220396430436,2.2134503896121984,0.3196397240283544,1.089092661381743,0.7353527697382625,1.3213893887140058,0.18476350156350252,0.1460346980435503,0.9035292671516459,2.7275378454398114,0.4608319979447515,0.45676486390089277,0.17951087923163556,172.0308474065834,0.11854117507559114,0.25048844681540144,0.37550821130017153,0.28186887546367145,0.48684419280251223,17.52339491934952
144.8342507142873,4.087230516324613,142.0317862814839,4.137659920516671,209.27912918201918,0.6790735934172605,213.37903497186858,1.1132100900353714,141.82115881827053,7.807570029601953,142.67280517763402,1.9862798755723234,98.54090400561918,4.986279278318194,205.36850814174974,0.14301369903636146,189.32830973290365,0.2531526157211281,127.31658628666625,2.187755994120586,136.99341447560997,1.9797853077889764,0.3274356341563722,1.2100041170424554,0.7418497185788286,1.423776566498753,0.21326109217720246,0.190918248792177,0.9035227577176514,2.638716618583884,0.4803046574181842,0.5453617947294056,0.18746344933894554,141.02097148864956,0.12649374518290135,0.29544214369660055,0.38080992470504516,0.3263825421170898,0.49744761961225903,19.614585170152562
147.2585237546317,3.5866417992801125,144.82916465902207,2.129717736796917,212.51204575182106,0.6123742519245285,218.12126679442713,1.0358162717009411,142.46709983237002,7.043415612213825,144.39376314177127,1.2370778149451502,100.52485758492011,4.501585096478902,208.9218210568101,0.10771804647271822,197.01585969045786,0.1667384761545781,128.30770838123973,1.943205752709147,137.98470357956634,1.781797363600363,0.33522600358618404,1.3056592233800917,0.7522314799472585,1.5267114115195222,0.24175916634274563,0.23800599002718315,0.903516248283657,2.549895391727956,0.4997776292129448,0.6382203500787851,0.19276516274381894,115.86890394022818,0.13444631529021156,0.34617009274059907,0.3861116381099179,0.3773883003348728,0.5093764747732239,18.183520078738198
151.7309111201801,3.1837283057478674,147.14753480841892,1.3992574608469188,217.25463525579625,0.5965299835173383,222.86356840848163,0.9724631546201861,145.48172181000228,4.486070467996845,145.03879650292635,0.9934394565218648,102.75694682840506,4.057405152312962,212.39490888626668,0.09876683839173167,201.97807819767698,0.15522796716154288,129.29883047581333,1.725991658809184,138.97587479454663,1.5887686483963626,0.3443110494968351,1.400307030783849,0.7729687243278265,1.6127955941291479,0.2702576434681585,0.28693055666750134,0.9035097388496625,2.461074164872029,0.527755850478163,0.7012475337821069,0.19806687614869256,91.20326525441114,0.14239888539752155,0.40560812214758446,0.3914133515147915,0.43265350384367224,0.5173290448805341,15.34229145674623
156.4731909243921,2.9806598336450203,146.12091073920294,1.7032938360629826,221.99738615260577,0.5932412014087375,227.6059310900951,0.9201588537162804,148.28299617663447,3.8044975780477244,145.68382986408153,0.797784861915268,104.98904786078757,3.6604550234598774,217.85414910304874,0.09723777573079569,207.43723803561167,0.15185907278857758,132.02404046477906,1.2094773345555718,140.13216916876038,1.381961095856648,0.3559869849894668,1.4999446678654476,0.8014643807341526,1.6488623829322657,0.2987562817775191,0.3365898534699463,0.903503229415668,2.372252938016101,0.5542890685525714,0.7224537036466989,0.20336858955356596,70.96357604406622,0.15035145550483175,0.46798568007298746,0.3953896365684466,0.4931962867452406,0.5250165293176008,12.89841531430797
161.2155710538795,2.826658070704493,151.72266215309276,1.106039190841573,226.74015013532073,0.5909608896007709,232.3483112195825,0.8726170027280878,152.4855551154069,3.228345450756893,146.54430084920784,0.6289540852967467,107.22108405423322,3.2854960348587863,223.31360366342383,0.09736445885118686,212.89648361098355,0.1495712583302089,133.51130813947938,1.0602265525297148,140.95786601359904,1.2286717818498898,0.37154617739298046,1.5930389514397874,0.8299506884715051,1.6423148223320858,0.32725459771898424,0.3847796899481404,0.903496719981673,2.2834317111601727,0.5828408985710918,0.7422733162509152,0.20867030295843936,56.97468375868152,0.15830402561214196,0.542338268827565,0.4006913499733198,0.5590173664299392,0.5305833283927175,11.22183963935361
165.95801661289443,2.7031874833449017,158.83589696041292,0.978459908150806,231.48287922228775,0.5860622635502449,237.09071752088084,0.8303120567158915,157.33522931019775,2.872714084492914,148.9121634589846,0.39983604716932003,109.70122054517006,2.935955759896417,228.773085016748,0.09769753126051937,218.35576133789445,0.147691937211538,135.24674193301578,0.9301152852180804,141.94885793909484,1.0801829362784092,0.3948728219390971,1.677323707157706,0.8584337725299018,1.621072658489389,0.3557529942524231,0.4333368915073965,0.9034902105476785,2.1946104843042455,0.6113927554880987,0.7624599587181713,0.21397201636331276,46.89019423400895,0.16758202407067024,0.6372078669178418,0.4059930633781934,0.6354295018036266,0.5358850417975911,9.999520079718456
170.70045344797222,2.582221274794257,165.30222845491727,0.8481708013575626,236.22566065287668,0.5851165738647179,241.8331325461162,0.7909419704908933,162.07754837212622,2.7030497428381906,152.14433025486846,0.32752696850317903,112.4296056772263,2.642784405868073,234.2326038802009,0.09832218024701611,223.8150390648053,0.14583622923824352,137.72710634263981,0.8462367502995648,144.92252876933705,0.7753328431239599,0.423371137880562,1.7255135436358993,0.8869153253407938,1.5928505581064973,0.3842505042741491,0.47785307717496117,0.903483701113684,2.1057892574483175,0.6399447199990571,0.784114720637592,0.21927372976818615,38.84631143110421,0.17818545088041726,0.762809222577412,0.4112947767830666,0.7141067820827365,0.5445003260805104,8.672503815871725
175.44294698864047,2.484661138871465,172.1998910230718,0.7512317491564525,240.96837229196967,0.5789701995445007,246.57557374316252,0.7559702599260184,166.81989360586562,2.551951896547146,159.25816909789262,0.3130705821669076,115.15807726119837,2.3951629522299007,239.6920852335251,0.09865852890906468,229.27434358466522,0.1443084503387082,141.69624740585854,0.7602083011115014,150.16592728454222,0.5960579768537387,0.4518622811363493,1.7410078878994932,0.9153970393356341,1.5653631878857315,0.4127477725199531,0.521267167599337,0.902180630781316,2.033117344566195,0.6684967114085021,0.8061365124200526,0.22457544317305955,32.71799351390581,0.18878887769016406,0.9086570611115031,0.4179219185391587,0.8327860890618617,0.551127467836602,7.727849801273496
180.18542744340328,2.386780462503428,179.09762556370652,0.6715382939422574,245.7111668084641,0.5790062587773998,251.31802366414587,0.723353194154165,171.56225192551057,2.4133445814575882,167.23485348475913,0.3198501791245425,117.88640148395027,2.1456607811930506,245.15158802120854,0.09916351852891639,234.73366418029465,0.1429778352987196,146.90628586701112,0.68920317518325,154.09960594030073,0.5349768154444864,0.48034810532185857,1.7322561368129366,0.9438787533304736,1.5378758176649656,0.4412443960299661,0.5617423373752093,0.9021741213473216,1.944296117710267,0.6970485952239969,0.8266901847503503,0.22987715657793295,28.24731767710213,0.19939230449991086,1.0806054775121512,0.4258744886464685,0.9841776856114484,0.5637190371731764,6.707986971225863
184.92793406997703,2.3004595041248073,186.21105896175897,0.6093931052085998,250.45392206724216,0.5761360999008684,256.0604648611922,0.6913699393947318,176.30466695074597,2.2989134064624666,175.21151228141048,0.3257065538793721,121.11111688886254,1.9341062069913517,250.61110152607168,0.0997553735769878,240.19301156887323,0.14195914296934706,152.36449723454697,0.6256501849099367,159.30979229853247,0.4906991542464339,0.5088321564839422,1.7154223539429951,0.9723606285092619,1.5111231776063265,0.4697408583560312,0.6014827769889548,0.9066788469271412,4.385534080083795,0.7256005059379795,0.8476108869436887,0.23650429833402464,24.187007198486096,0.20999573130965765,1.2872154247158933,0.4338270587537787,1.1499190656815717,0.5769733206853607,6.06813999180355
189.67040580080283,2.2073657282778116,193.54006993027195,0.5527171628597841,255.19665987814614,0.57199958098501,260.8028842483961,0.6589562353657049,181.0470994238553,2.194810848052155,182.97256391891506,0.33058316190045384,124.832127691142,1.7410532976639495,256.07059359657546,0.10018126545849013,245.65232144732303,0.14053135849758622,157.82290151131647,0.5766646129928944,164.76837876735598,0.4588253156712659,0.5373146763985213,1.6916086345328578,1.0008433096077887,1.488044188358315,0.4982361923944616,0.6360801054678209,0.9062383752268417,4.277871986925096,0.7541522821595241,0.8666964398218218,0.24313144009011656,20.619365100862286,0.22059915811940445,1.5257541868265334,0.4417796288610889,1.338481187584436,0.590227604197544,5.764850176787103
194.4129037034396,2.125155972391967,200.86913954302793,0.5050945727749397,259.93945439464056,0.5720352060761202,265.54536034119036,0.6326435382600525,185.7895667927126,2.1048153333364237,191.1647163181334,0.3328628687181781,128.80130952429838,1.5690949344228233,261.53008030848946,0.10056646574936247,251.1116527601321,0.13935330645704816,163.28143975283163,0.5371598083180302,170.22705633220656,0.43211526022264085,0.5657967933532306,1.6659580897174058,1.0293263130742114,1.4664346594345554,0.5267312040649965,0.6692079736224361,0.9062318657928472,4.1890507600691675,0.7827040852795566,0.8861490225629964,0.25108401019742654,17.519977595096766,0.23120258492915124,1.7877200975420031,0.44973219896839867,1.5461788948529789,0.6034818877097274,5.64132104134477
199.15538415820242,2.041437633214425,208.19826246873225,0.46473997811444245,264.682248911135,0.5720708333860207,270.287980378945,0.6186913525776575,190.5320254376329,2.0162542496608626,199.14132553374282,0.3368103293851593,133.26681426224965,1.4152756518053375,266.989642040661,0.10155221801568338,256.5710537346089,0.13894640754067364,168.74007980755343,0.5043952247963804,175.6857874829553,0.40868361759228033,0.5942784267560968,1.6381033544155787,1.0578104448282681,1.4499682416456778,0.5552259739596095,0.7012337465338616,0.9062253563588527,4.1002295332132395,0.8112558346026137,0.9048675455780879,0.26036200865595505,15.009813301028863,0.24180601173889804,2.0946645106725548,0.4576847690757089,1.7861059214461148,0.6167361712219113,5.533027958162332
203.89785152705974,1.9577309982102085,215.7428816626508,0.4229611386765996,269.4250434276294,0.5721064629148498,275.03065712229005,0.6094603276269132,195.274441189863,1.9208304866384007,207.11784358421073,0.3368456098208173,138.22865516750582,1.2789152632794767,272.44926807591037,0.10306901155783728,262.03052972934324,0.13936281766354078,174.19881095830218,0.47704416886329515,181.14465795703953,0.3907930914630538,0.6218970007103846,1.6111854709615478,1.0862948183582473,1.4346039190999864,0.5851586419735817,0.7292626052726492,0.9062188469248582,4.011408306357312,0.839807530128696,0.9228520088670988,0.27096543546570184,12.704530125392575,0.25240943854864506,2.4543100557541204,0.46563733918301864,2.043773530876617,0.6299904547340947,5.328817509877936
208.64030581001157,1.8743103885613963,223.07211761180548,0.39484720331649154,274.16783794412385,0.572142094662746,279.7733425895721,0.6010387042501174,198.76250165585196,1.8152877201587518,215.31003436875176,0.3408412671771797,143.43880669490377,1.1698471273133233,277.90891018692923,0.10474117149172735,267.49000036548784,0.13972141488781673,179.6576385636678,0.4546214526199395,186.60353378971362,0.37384369922891464,0.6512420159297247,1.583863344136172,1.1147799172159913,1.4225458822838641,0.6122136601334358,0.756835895492264,0.9062123374908633,3.9225870795013846,0.8683591718578025,0.9401024124300266,0.28156886227544864,10.932287465400352,0.26301286535839186,2.875705307023975,0.47358990929032885,2.316521956185391,0.643244738246278,5.039468844980527
213.38275573099486,1.7934414596348032,231.0484160129265,0.38392653393242543,278.91063246061833,0.5721777286298466,284.5160498666966,0.594392674128585,203.4661256952607,1.8214997071875572,223.07100443744554,0.3423465899395642,148.89717346154444,1.0750683141695698,283.3686005252565,0.10684608094378877,272.9495460218898,0.14091219575736874,185.11651439634184,0.43490371070781714,192.06247392546553,0.359447713709833,0.6797242134764081,1.5585801644017838,1.1432662249533443,1.4159983216836842,0.6407065764126489,0.7804122715392436,0.9062058280568688,3.833765852645457,0.896910813586909,0.9573528159929543,0.29482314578763225,9.376213944443789,0.27361629216813865,3.3362444160587144,0.48154247939763906,2.6107598534318828,0.6564990217584619,4.706496729123077
218.12517511819874,1.7093590063003652,239.240361024776,0.37643402066003195,283.65342697711276,0.5722133648162903,289.25883565925415,0.5937654071525545,208.20864976970847,1.7595533207240124,231.26320002015188,0.3466205988276894,154.35572242023923,1.0022668102728145,288.828285504994,0.10894723881016252,278.4091184712411,0.14241373827989884,190.57542238055484,0.4170974523997194,197.52148372288516,0.3475100727910799,0.7082062498391437,1.5325622545052688,1.1600988526716598,1.4112609911374285,0.66919965387581,0.8047233777483482,0.9061993186228743,3.744944625789529,0.9254624015190411,0.9738691598298015,0.31072828600225244,8.161951957234939,0.28421971897788545,3.896179781537548,0.49082047785616734,2.9817221964438865,0.6697533052706452,4.330924163466281
222.867668658867,1.644776896849348,247.21687427707855,0.37624199938806624,288.3962476654182,0.5741717973195032,294.0016301757486,0.5938023878557422,212.9512043779357,1.7063785061597783,239.23983322658808,0.3518113361851173,159.81437855073048,0.9423265409533416,294.2880401463992,0.11170172249680708,283.8687016377718,0.14405298751001855,196.03435715771693,0.4008664019725788,202.9804935203048,0.3359688936253706,0.7340995376800052,1.5113141805844865,,,0.6976922477871275,0.8268302934710752,0.9061928091888798,3.6561233989336013,0.9540140970451225,0.9918536231188106,0.32663342621687286,7.432863382197971,0.29482314578763225,4.520146069336857,0.5014239046659146,3.4037715954341934,0.6830075887828286,4.008081488626886
227.61021018118873,1.5923976617685054,255.19339712571184,0.37651288671999134,293.1391119734085,0.579366974650089,298.744424692243,0.5938393708621501,217.69376334813137,1.655736085391211,247.21647123118964,0.35729947049913185,165.27315257019788,0.8942467355986337,299.7477947878044,0.11452584705239786,289.32833839020077,0.14632820529915366,201.49336159654675,0.38738945117224954,208.43950867631426,0.3249483083067421,0.765172014996067,1.4882411014145625,,,0.727623438281578,0.84812412572371,0.9061862997548853,3.5673021720776736,0.9825657656727174,1.00947105654478,0.34253856643149305,6.919537885252228,0.30675200094859756,5.278767382711177,0.5133527598268794,3.8921956178208377,0.6962618722950125,3.705082451331836
232.35278659925842,1.5485972403153139,263.170015937652,0.3814468737063941,297.8819282997454,0.581024965077196,303.4872541044854,0.5965384629272248,222.43633104226404,1.6083940574504987,255.4087195937148,0.3642156794857607,170.73196945838382,0.8514940516365931,305.2075547877995,0.11747100770771278,294.7879858598095,0.14876504613828848,206.95236603537657,0.37436558948585097,213.8985720596322,0.31548691091708253,0.7936557437902547,1.4699378582203693,,,0.7546767908739713,0.8681052042680246,0.9061797903208904,3.478480945221746,1.0111174343003113,1.0270884899707493,0.35844370664611325,6.534483543714671,0.32000628446078094,6.168765642298077,0.5292579000414999,4.45266939767385,0.7095161558071958,3.440628068240142
237.09539791307606,1.5127523854811544,271.1466731349149,0.38835145060315623,301.9780042812562,0.583008604446157,308.23010968853873,0.6012633414023358,227.17889437442824,1.561532414305613,263.38540611309924,0.372204550865348,176.19088815977645,0.8173218722106103,310.667357656513,0.1208999693824773,300.24768155672666,0.15181881970281805,212.41144013587407,0.3637726694081296,219.35766223589914,0.30694891873989094,0.8221397949523379,1.453104075350427,,,0.7831682564976543,0.8850690088558721,0.9061738726536226,3.3977343753527207,1.0396692374203442,1.046541072711924,0.37434884686073344,6.342989267659646,0.33458599632418284,7.151905508124775,0.55311561036343,5.011059876044505,0.7227704393193797,3.1877798461785294
241.83800050295673,1.4760858192493238,279.3389486870437,0.3972506924426708,308.01438417464686,0.5902704360390547,312.97295654865513,0.6053483977969707,231.79830375751783,1.5229510574364498,271.3620771717287,0.3796156614522333,181.64983901270804,0.786512917980693,316.1271658838165,0.12448161863384864,305.7073772536438,0.15493527958530687,217.87054638791054,0.35437693466716663,224.81680599806438,0.2999067659189356,0.850624329666265,1.438474482966864,,,0.8116599638972588,0.9031349086869067,0.9048713940879813,3.3331371194575006,1.0682211481343264,1.0674617749052615,0.39025398707535386,6.307995745448228,0.35314199324123985,8.317717716017832,0.5822750340902338,5.131584382542184,0.7360247228315631,2.9771541169755276
246.5806379885853,1.4467643050838028,287.1000504387197,0.4057966143452705,369.456858659667,0.7371417324902562,317.71579904680306,0.6091205709903097,235.51437771421854,1.4956220431786282,278.7998308273988,0.3889880702743971,187.1088648858972,0.761356657902097,321.5869687525301,0.1281152190245952,311.16707830915084,0.15818254877048832,223.32970086725547,0.3465394498840412,230.27599262894822,0.2940185518227658,0.8791087031962437,1.4231101604211736,,,0.8401515907048898,0.9208334434368783,0.9048648846539868,3.2443158926015725,1.0967731664422593,1.0898505965507637,0.40615912728997405,6.307808689645304,0.37832513191438855,9.369128603793,0.6114344578170376,4.780014425217487,0.7492790063437464,2.789961440951294
251.3233016460249,1.422789901923431,295.29237930379674,0.417941724137519,,,322.45870261250985,0.6177323753472697,255.8505538513042,1.4300519354708296,287.67481733405094,0.39974498398132313,192.567928269215,0.7391885231202575,327.04679305560296,0.13207796758728724,316.6268061576069,0.16183949498587832,228.78890893249857,0.34031046907183804,235.73523284573034,0.2894666921446053,0.9075946079737272,1.4147257744156798,,,0.8686433786964678,0.9392667083489759,0.9088770630615501,4.867321946968979,1.125325534430531,1.1170108064157995,0.42206426750459425,6.3076216393893025,0.40748455564119235,9.700540029067067,0.6392684531926234,4.286967639807734,0.7625332898559303,2.626476996889345
256.06598711330696,1.4031295562780235,303.0535183745365,0.4289797502425269,,,327.20160181624817,0.6261157924263271,261.0244155423549,1.41266658853748,367.0117455878426,0.5811192990826493,198.02706667279048,0.721924584581279,332.5066066414962,0.13604824777518107,322.0865447232426,0.1657209975551038,234.24814914928064,0.33504193927118225,241.19451057264112,0.2858296239419817,0.9360803515672627,1.4056066582480593,,,0.8971349249121248,0.9565978780178854,0.9088705536275556,4.778500720113051,1.1538780907082153,1.146740225322123,0.43796940771921444,6.307434594680031,0.43664397936799615,9.195395784941015,0.6657770202169901,3.769108176599046,0.7757875733681137,2.4753899940048703
260.8086856664945,1.38606366094917,311.2458738960877,0.4433307876612212,,,331.94450538195497,0.6349678768345299,266.4138588023372,1.3954965482671462,,,203.48621579354554,0.7056600428012733,337.9664470203386,0.14043430999619783,327.54626721310876,0.16948058136921787,239.70741615901184,0.3305527196322656,246.65384188545025,0.2834335596376801,0.9645664981206676,1.3983243674857535,,,0.9256263099438338,0.9731943175246691,0.9088640441935611,4.689679493257124,1.1798351132914333,1.1758579277900445,0.45387454793383464,6.217655292695076,0.46580340309479995,8.41325250315364,0.6922855872413574,3.3251472835009745,0.789041856880297,2.3436468830912203
265.55138858165054,1.3699710322314609,319.00706627977576,0.45815932896360845,,,336.68742203356726,0.6450260544624259,275.03702559629284,1.3785937372388692,,,208.94540778301925,0.6920979081904162,343.4262820405912,0.14490052449128055,333.0060164959241,0.17369209285243498,245.16673675464128,0.3275048148199038,252.11320534979828,0.28177116036022765,0.9930534505938116,1.3947157275340762,,,0.9541184203033077,0.9930970427610184,0.9088575347595662,4.600858266401197,,,0.46977968814845505,6.082119344345888,0.49496282682160375,7.61948470024319,0.7201195826169426,2.9301349072806984,0.8022961403924809,2.226509798153048
270.29414384042855,1.3631800270235839,326.983854093762,0.4743271409937238,,,341.4303474091165,0.6559766248006043,279.77982011278726,1.3786795983638171,,,214.404626565442,0.6802322895078479,348.88611706084373,0.14950877743776897,338.46576042014965,0.17793304532058873,250.62607878463004,0.3250340064276327,257.57255809696665,0.2798818468851854,1.0215412089866949,1.3947807383930293,,,0.9826099665189643,1.010428212429927,0.9088510253255717,4.512037039545268,,,0.48568482836307525,5.903881686704825,0.5241222505484076,6.846967105729094,0.7492790063437464,2.584985132092067,0.8155504239046643,2.11763776442771
275.0368816513325,1.3533927216135002,334.96065150407884,0.49166985476164904,,,346.17326842269733,0.6667402422100757,290.34322102712713,1.362015182023307,,,219.8638828579935,0.670550862612411,354.34595208109624,0.1542635860664632,343.92553649591423,0.18274033282313837,256.08544760756786,0.32326419894160807,263.03199658157223,0.2798913980350156,1.0500290479715517,1.3952131143330435,,,1.0111023186543606,1.0314330329094643,0.9118712054434779,4.404374946386568,,,0.5015899685776954,5.6681448650749555,0.5532816742752114,6.11595004338954,0.7784384300705502,2.295891135546328,0.8288047074168476,2.018682388341301
279.77967616782695,1.3534770131770226,342.72184388776685,0.5081152426106048,,,350.91618071234114,0.6769231537317386,311.4703107457274,1.3792534440473205,,,225.32314986772477,0.6615661662252063,359.80578710134876,0.15916961126908025,349.38530721308894,0.18759820214776296,261.54488609217344,0.3232752305423824,268.4914350661778,0.2799009495107849,1.0785179346520695,1.4004212363268769,,,1.0395945096058081,1.0517031232268765,0.9114308323709661,4.298058629392352,,,0.5174951087923156,5.411959410774435,0.5824410980020149,5.43680874160835,0.807597853797354,2.063553132708641,0.8420589909290315,1.9265440525678683
284.5224532364474,1.3505377381951784,350.9142580535612,0.529075512262613,,,355.65911917379594,0.68957082952051,321.38715887988633,1.3965042912407224,,,230.78243295322542,0.6535299051549578,365.26564355596065,0.16450952400482222,354.84510472321267,0.1929925876588304,267.004324576779,0.3232862625196169,273.9508735507833,0.27991050131250433,1.104417150480345,1.4061949050353881,,,1.0680876676609434,1.076381594517045,0.9114243229369716,4.209237402536424,,,0.5334002490069361,5.138997590343244,0.6116005217288187,4.8388880214987,0.8367572775241578,1.8585718102579556,0.8553132744412149,1.8449040381446797
289.265169237509,1.3370983001890802,358.6754824250181,0.5490183375048405,,,360.4020489113137,0.7016698083770057,331.0884254451136,1.413966898538132,,,236.2417535488548,0.6475039467385202,370.72550001057255,0.17002858317308978,360.304886157567,0.19829052762001867,272.4637630613845,0.32329729487332515,279.41039777282606,0.28181924176113193,1.1406805389264785,1.4347280307398051,,,1.0965806645321303,1.1003253356450857,0.9114178135029771,4.1204161756804965,,,0.5479799608703377,4.932728299339584,0.6407599454556225,4.296396041377217,0.8659167012509617,1.688749253284389,0.8685675579533982,1.7647126127262671
294.0079637540034,1.3371815769087685,366.6522926304426,0.5700260134811147,,,365.14498737276847,0.7147798522545099,362.5638143256566,1.504274026281589,,,241.70109557884356,0.642618955394164,376.1853671823641,0.17588139629989183,367.12967189499795,0.20607370304292036,277.9232015459901,0.32330832760351963,284.86986840897055,0.2825443964296249,1.1691723269180574,1.4531612956519027,,,1.125075031466874,1.1305142831511965,0.9114113040689822,4.031594948824568,,,0.5660057864469072,4.526819546575403,0.6699193691824263,3.8284873353260243,0.8961364676587404,1.533091375079128,0.8818218414655821,1.6937842310027456
298.75082806199373,1.3492805609544216,374.62911029967984,0.5924039717936843,,,369.8879258342232,0.7281348450359262,,,,,247.16046976037129,0.6393900592092465,381.6452129197962,0.18162838286370925,369.7354505270621,0.20832456902707497,283.3826989750837,0.32482589543977813,290.32940870678283,0.28483199167611295,1.1911898527097249,1.4726206530984625,,,1.1535702043213563,1.1643768814679376,0.9109717200187726,3.9360448411462223,,,0.5811156696507966,4.323176873438192,0.6990787929092304,3.4259024164119563,0.9242355487045697,1.4043794258361821,0.897726981680202,1.610954583149647
303.49364875029914,1.3538985497484703,382.3903293398421,0.6143139717862202,,,374.63089046748894,0.744231656160707,,,,,252.61983322471932,0.6356398978882002,387.10504794004885,0.1874046872175831,379.66231498269065,0.2186513205087191,288.842239272896,0.327455819033146,295.7889490045951,0.28713810823138575,,,,,1.1820669084233437,1.205219416324872,0.912745442154506,4.528186353519073,,,0.5970208098654168,4.096104283793333,0.7277080452955467,3.085593418736101,0.9533949724313735,1.2893383815733146,0.9109812651923859,1.5514982131333905
308.2364432667936,1.353982872815817,390.58275416822596,0.6405298103732516,,,379.3738420148492,0.7594095550566826,,,,,258.0792449163757,0.634319807084949,391.82036852802355,0.19267043422023836,385.12211785140425,0.22503372083703307,294.30175277775913,0.3294102311233001,301.2485375297157,0.2905659747419957,,,,,1.1976110047988302,1.2295009721435441,0.9139908152310126,3.8135792101782005,,,0.6129259500800373,3.8724259633449636,0.7573976403628375,2.7730841553377323,0.9830845674986648,1.1789497874613295,0.9242355487045697,1.4942362314459463
312.979237783288,1.3540672011349437,398.3439892022727,0.6655827409421329,,,384.11679792417794,0.775330337276739,,,,,263.53866196662204,0.6332700306948696,,,390.58188856857885,0.23101589451797114,299.76128771698154,0.3319369601967836,306.7080885447076,0.29316620414582234,,,,,,,0.9139843057970181,3.724757983322273,,,0.6288310902946574,3.664993281393417,0.7865570640896413,2.509944001088352,1.011713819884981,1.0845073278533568,0.9374898322167531,1.4374495677721602
317.7221108152154,1.3678475646563504,,,,,388.8597538335067,0.7915848936833451,,,,,268.99806294109885,0.6314209400933378,,,396.04169143729257,0.23775921496802302,305.22083873197346,0.33490741207053376,312.16768242841806,0.2967914363212528,,,,,,,0.9139777963630236,3.635936756466345,,,0.6447362305092776,3.4763150200988715,0.8157164878164451,2.2758681627921513,1.040873243611785,0.9951535855138529,0.9507441157289369,1.3859744642834337
322.4649227795838,1.370995272098077,,,,,393.3871133432111,0.8066431717152575,,,,,274.45750142570444,0.6314424877430759,,,399.2679161783386,0.24140904190376436,310.68040582273466,0.33833312819545347,317.6272763121285,0.3004614973621523,,,,,,,0.9139712869290291,3.5471155296104175,,,0.6606413707238978,3.2937234035297847,0.847526768245686,2.0512616955121374,1.0700326673385887,0.9079764568394119,0.9639983992411203,1.3363426854848957
327.2077827256057,1.3826270022343683,,,,,,,,,,,279.91693991031,0.631464036128141,,,,,316.1399889892655,0.34222750191681744,323.08690770596775,0.30507812207749596,,,,,,,0.9139647774950346,3.4582943027544895,,,0.6765465109385183,3.124158562001092,0.8740353352700527,1.896297464506381,1.0991920910653925,0.8275788832028624,0.9772526827533037,1.286288862649993
331.9506077758796,1.3881349718387868,,,,,,,,,,,285.37641590504415,0.6333564781244791,,,,,321.59956679720653,0.34602043738762067,328.54651230685784,0.3091118147323126,,,,,,,0.9135238126557961,3.3439033287733704,,,0.6924516511531382,2.96658605569187,0.9384511531392645,1.5146853712116992,1.1283515147921963,0.7492407757188131,0.9905069662654875,1.2520063835491233
336.6934851697754,1.4030462284801766,,,,,,,,,,,290.8358758240091,0.6344496976187468,,,,,327.05915532232723,0.350151243558259,334.0061597764666,0.314259532443049,,,,,,,0.915249207175509,3.276614520549183,,,0.7075615343570276,2.828147569282292,0.9668153198553378,1.3899333587044345,1.157510938519,0.6709836678190704,1.003761249777671,1.2033284750144988
341.43631458201776,1.409423291248389,,,,,,,,,,,296.29534110156374,0.6358134516116616,,,,,332.51878671616646,0.35553135681507,339.4657750945364,0.31868386754543226,,,,,,,0.9165398504066142,3.179718636706353,,,0.7242619315823791,2.6926032458342997,0.9959747435821416,1.2656158734067082,1.1800432204897122,0.6063755359821417,1.0170155332898543,1.1562797463555952
346.1791832519766,1.4229712485316242,,,,,,,,,,,301.7548385306575,0.6387978784316531,,,,,337.9784020342362,0.36053674153554754,344.92542256414515,0.32399099108747526,,,,,,,0.9165333409726197,3.0908974098504247,,,0.740167071796999,2.565252219068536,1.0185070255528532,1.1737251711094774,,,1.030269816802038,1.1199639591855377
350.92206064587253,1.4382567142180547,,,,,,,,,,,307.21430916680197,0.6404415818951688,,,,,343.438017352306,0.36561259507887145,350.38507539234365,0.3295257285966473,,,,,,,0.9165269794803068,3.004094847241223,,,0.7560722120116194,2.4412364047632407,1.0721868737771967,0.9222609542748914,,,1.0435241003142215,1.0798580229528885
355.6649424017368,1.4545193294036307,,,,,,,,,,,312.67380123730584,0.6431758593633911,,,,,348.8976541047351,0.3713871943748253,355.84474429631155,0.33558021009741534,,,,,,,0.9191146274348307,2.8971056421647647,,,0.7719773522262394,2.3334654147400764,1.099358154977173,0.8149455752675331,,,1.0567783838264053,1.0411882812583826
360.4078241576011,1.4709658287665288,,,,,,,,,,,318.1333093835791,0.6467412585225221,,,,,354.3572962157539,0.37741246595749595,361.30441320027955,0.34174593252130947,,,,,,,0.91867376122338,2.784060444348129,,,0.7878824924408598,2.230452090245695,1.1258667220015401,0.7055232381754087,,,1.0700326673385887,1.0039033039411684
365.15071463740253,1.4892625714110455,,,,,,,,,,,323.5928657571608,0.6528046715110728,,,,,359.8169490439524,0.3838598024243299,366.7640767456578,0.3478778902529962,,,,,,,0.9203987612319415,2.7113885314660067,,,0.8037876326554803,2.1296414377946777,1.1470735756210337,0.6060280733246163,,,1.083286950850772,0.9712664403511825
369.89359639326676,1.5061019185663334,,,,,,,,,,,329.05237390343405,0.6564234472984393,,,,,365.276569720612,0.38942855564773476,372.2237456496258,0.3542695618837141,,,,,,,0.9216897003464104,2.618529976116627,,,0.8196927728701002,2.0573970740340606,1.1629787158356542,0.5177831613715697,,,1.096541234362956,0.9332910644198255
374.6364912350366,1.5256884362250618,,,,,,,,,,,334.5119142012462,0.6617381205911975,,,,,370.7362332659902,0.396416084146247,377.6834199121837,0.36093117243488654,,,,,,,0.9216833388540975,2.5317274135074257,,,0.8355979130847206,1.9457612491501595,1.174907570996619,0.4459944273532129,,,1.1097955178751393,0.898845587533368
379.379390438775,1.546393976365125,,,,,,,,,,,339.9714544990585,0.6670958236573811,,,,,376.1958914527786,0.40335848871463115,383.1431048919211,0.36802898421686514,,,,,,,0.9238379121924067,2.418009327608548,,,0.8515030532993406,1.8598635393829,1.1841855694551477,0.3739825358341331,,,1.1230498013873227,0.8656714084479611
384.1222852805447,1.5665044831987254,,,,,,,,,,,345.4310055140504,0.6730655597126239,,,,,381.65553892238734,0.41007572027024247,388.6027898716586,0.3752663764394923,,,,,,,0.9264256094608241,2.3116930106143316,,,0.867408193513961,1.7875669542453143,1.1908127112112394,0.31899468531065084,,,1.1363040848995065,0.8318246741193744
388.86518012231454,1.5868765226632644,,,,,,,,,,,350.8905565290422,0.6790887180009315,,,,,387.1152131849452,0.41778669812113867,394.06247485139613,0.3826460939909132,,,,,,,0.9294479100761674,2.232965104992032,,,0.8833133337285815,1.7067735618449813,,,,,1.14955836841169,0.7974826898353622
393.60807932605303,1.6084124632637076,,,,,,,,,,,356.3500753924952,0.6834306094895667,,,,,392.5748981646826,0.42600258961167803,398.28133280934605,0.3887688522230916,,,,,,,0.9346343016113425,2.170386513343538,,,0.8992184739432014,1.6332225923598223,,,,,1.1628126519238733,0.765429789983776
398.1353969608597,1.630236059039154,,,,,,,,,,,361.8096639176159,0.6915894321307863,,,,,,,,,,,,,,,0.9398209890298808,2.1118452501884946,,,0.9151236141578218,1.562841196878586,,,,,1.1760669354360571,0.7321592758283406
,,,,,,,,,,,,367.26919885683833,0.6968942434571359,,,,,,,,,,,,,,,0.9450100435153259,2.0856026149810614,,,0.9310287543724423,1.4922048261519154,,,,,1.1893212189482405,0.6979461078768666
,,,,,,,,,,,,372.7287659475995,0.70402266689935,,,,,,,,,,,,,,,0.950201760951042,2.09569593621469,,,0.9469338945870622,1.427900389941135,,,,,,
,,,,,,,,,,,,378.1883276797711,0.7109234954634852,,,,,,,,,,,,,,,0.9553954016286199,2.1320318926557507,,,0.9628390348016826,1.3633629938793368,,,,,,
,,,,,,,,,,,,383.6478947705324,0.7181954219548602,,,,,,,,,,,,,,,0.9605918531981499,2.206722469784599,,,0.9787441750163026,1.2988805353538955,,,,,,
,,,,,,,,,,,,389.1074832956531,0.7267692683528756,,,,,,,,,,,,,,,0.9657908197762688,2.315730339107783,,,0.994649315230923,1.23744787902798,,,,,,
,,,,,,,,,,,,394.5670503864145,0.7342032788046007,,,,,,,,,,,,,,,0.9709856439873001,2.3682156095226494,,,1.0105544554455435,1.1776240904596469,,,,,,
,,,,,,,,,,,,398.5376529156979,0.7401408010931414,,,,,,,,,,,,,,,0.9761783970147877,2.392439580483357,,,1.0264595956601634,1.1169985861853153,,,,,,
,,,,,,,,,,,,,,,,,,,,,,,,,,,,0.9813701144505038,2.4025329017169854,,,1.0423647358747838,1.0571647727924447,,,,,,
,,,,,,,,,,,,,,,,,,,,,,,,,,,,0.9865615360028563,2.4085888944571625,,,1.0582698760894038,1.0005360531834073,,,,,,
,,,,,,,,,,,,,,,,,,,,,,,,,,,,0.9917520699051185,2.4025329017169854,,,1.0741750163040242,0.9386404637928238,,,,,,
,,,,,,,,,,,,,,,,,,,,,,,,,,,,0.9969408285072006,2.372252938016101,,,1.0900801565186446,0.8786378734346135,,,,,,
,,,,,,,,,,,,,,,,,,,,,,,,,,,,1.0021298829926457,2.3460103028086676,,,1.1059852967332646,0.8179577290778147,,,,,,
,,,,,,,,,,,,,,,,,,,,,,,,,,,,1.007319381303136,2.3258236603414115,,,1.121890436947885,0.7564568399176475,,,,,,
,,,,,,,,,,,,,,,,,,,,,,,,,,,,1.0125072522551277,2.2834317111601727,,,1.137795577162505,0.6858584687605586,,,,,,
,,,,,,,,,,,,,,,,,,,,,,,,,,,,1.0176957149738466,2.2491144189658376,,,1.1537007173771254,0.6157201773671303,,,,,,
,,,,,,,,,,,,,,,,,,,,,,,,,,,,1.0228843256342466,2.2168157910182273,,,1.1682804292405273,0.5422719767942749,,,,,,
,,,,,,,,,,,,,,,,,,,,,,,,,,,,1.0280732321780102,2.1885544915640684,,,1.1828601411039292,0.47018002232406403,,,,,,
,,,,,,,,,,,,,,,,,,,,,,,,,,,,1.033261694896729,2.1542371993697325,,,1.1921381395624575,0.40570703097041577,,,,,,
,,,,,,,,,,,,,,,,,,,,,,,,,,,,1.0384510452655378,2.1320318926557507,,,,,,,,,,
,,,,,,,,,,,,,,,,,,,,,,,,,,,,1.0436398038676193,2.101751928954866,,,,,,,,,,
,,,,,,,,,,,,,,,,,,,,,,,,,,,,1.0488285624697014,2.0714719652539824,,,,,,,,,,
,,,,,,,,,,,,,,,,,,,,,,,,,,,,1.0540182087218737,2.053303987033451,,,,,,,,,,
,,,,,,,,,,,,,,,,,,,,,,,,,,,,1.0592074111490004,2.0290800160727436,,,,,,,,,,
,,,,,,,,,,,,,,,,,,,,,,,,,,,,1.0643957259260373,1.9927440596316828,,,,,,,,,,
,,,,,,,,,,,,,,,,,,,,,,,,,,,,1.0695849283531644,1.9685200886709744,,,,,,,,,,
,,,,,,,,,,,,,,,,,,,,,,,,,,,,1.0747748704887,1.9543894389438954,,,,,,,,,,
,,,,,,,,,,,,,,,,,,,,,,,,,,,,1.079963629090782,1.9241094752430108,,,,,,,,,,
,,,,,,,,,,,,,,,,,,,,,,,,,,,,1.085152387692864,1.8938295115421262,,,,,,,,,,
,,,,,,,,,,,,,,,,,,,,,,,,,,,,1.0903421818867178,1.8776801975683215,,,,,,,,,,
,,,,,,,,,,,,,,,,,,,,,,,,,,,,1.0955324199056165,1.867586876334693,,,,,,,,,,
,,,,,,,,,,,,,,,,,,,,,,,,,,,,1.1007216223327436,1.8433629053739855,,,,,,,,,,
,,,,,,,,,,,,,,,,,,,,,,,,,,,,1.1059109727015524,1.8211575986600037,,,,,,,,,,
,,,,,,,,,,,,,,,,,,,,,,,,,,,,1.1111006189537243,1.8029896204394733,,,,,,,,,,
,,,,,,,,,,,,,,,,,,,,,,,,,,,,1.1162907090309417,1.7908776349591191,,,,,,,,,,
,,,,,,,,,,,,,,,,,,,,,,,,,,,,1.121481242933204,1.784821642218943,,,,,,,,,,
,,,,,,,,,,,,,,,,,,,,,,,,,,,,1.1266708891853758,1.7666536639984116,,,,,,,,,,
,,,,,,,,,,,,,,,,,,,,,,,,,,,,1.1318603874958666,1.7464670215311555,,,,,,,,,,
,,,,,,,,,,,,,,,,,,,,,,,,,,,,1.13705018168972,1.7303177075573508,,,,,,,,,,
,,,,,,,,,,,,,,,,,,,,,,,,,,,,1.1422405676503007,1.722243050570448,,,,,,,,,,
,,,,,,,,,,,,,,,,,,,,,,,,,,,,1.1474309536108813,1.7141683935835452,,,,,,,,,,
,,,,,,,,,,,,,,,,,,,,,,,,,,,,1.1526216354548255,1.7101310650900938,,,,,,,,,,
,,,,,,,,,,,,,,,,,,,,,,,,,,,,1.1578117255320426,1.6980190796097405,,,,,,,,,,
,,,,,,,,,,,,,,,,,,,,,,,,,,,,1.1630013717842145,1.6798511013892101,,,,,,,,,,
,,,,,,,,,,,,,,,,,,,,,,,,,,,,1.168191609803113,1.6697577801555816,,,,,,,,,,
,,,,,,,,,,,,,,,,,,,,,,,,,,,,1.1733819957636937,1.6616831231686788,,,,,,,,,,
,,,,,,,,,,,,,,,,,,,,,,,,,,,,1.1785723817242744,1.653608466181777,,,,,,,,,,
,,,,,,,,,,,,,,,,,,,,,,,,,,,,1.183762767684855,1.6455338091948741,,,,,,,,,,
,,,,,,,,,,,,,,,,,,,,,,,,,,,,1.1889534495287988,1.6414964807014227,,,,,,,,,,
