path_family,path_profile,path_segment,path_point_index,path_order_key,path_label,freezeout_profile,sigma_target,sqrt_s_NN_GeV,T_MeV,muB_MeV,muq_MeV,xi,equilibrium_converged,equilibrium_iterations,equilibrium_residual_norm,Phi,Phibar,m_u,m_d,m_s,M_pi,Gamma_pi,converged_pi,residual_pi,root_sign_flipped_pi,threshold_pi,gap_pi,M_K,Gamma_K,converged_K,residual_K,root_sign_flipped_K,threshold_K,gap_K,M_eta,Gamma_eta,converged_eta,residual_eta,root_sign_flipped_eta,thr_uu_eta,thr_ss_eta,thr_min_eta,gap_uu_eta,gap_ss_eta,gap_min_eta,M_eta_prime,Gamma_eta_prime,converged_eta_prime,residual_eta_prime,root_sign_flipped_eta_prime,thr_uu_eta_prime,thr_ss_eta_prime,thr_min_eta_prime,gap_uu_eta_prime,gap_ss_eta_prime,gap_min_eta_prime,M_sigma_pi,Gamma_sigma_pi,converged_sigma_pi,residual_sigma_pi,root_sign_flipped_sigma_pi,threshold_sigma_pi,gap_sigma_pi,M_sigma_K,Gamma_sigma_K,converged_sigma_K,residual_sigma_K,root_sign_flipped_sigma_K,threshold_sigma_K,gap_sigma_K,M_sigma,Gamma_sigma,converged_sigma,residual_sigma,root_sign_flipped_sigma,thr_uu_sigma,thr_ss_sigma,thr_min_sigma,gap_uu_sigma,gap_ss_sigma,gap_min_sigma,M_sigma_prime,Gamma_sigma_prime,converged_sigma_prime,residual_sigma_prime,root_sign_flipped_sigma_prime,thr_uu_sigma_prime,thr_ss_sigma_prime,thr_min_sigma_prime,gap_uu_sigma_prime,gap_ss_sigma_prime,gap_min_sigma_prime,message
isentropic,default,fixed_sigma,0,100.000000,sigma=30.000000,,30.000000,NaN,100.000000,373.190195,124.396732,0.000000,true,13,0.000000,0.001872,0.012933,1.862726,1.862726,2.784399,0.683979,0.000000,true,0.000000,false,3.725453,-3.041473,2.522048,0.000000,true,0.000000,false,4.647125,-2.125078,2.608636,0.000000,true,0.000000,false,3.725453,5.568798,3.725453,-1.116817,-2.960163,-1.116817,4.853008,1.360400,true,0.000000,false,3.725453,5.568798,3.725453,1.127555,-0.715791,1.127555,4.459341,1.276438,true,0.000000,false,3.725453,0.733889,5.322374,1.218928,true,0.000000,false,4.647125,0.675248,3.692417,-0.000000,true,0.000000,false,3.725453,5.568798,3.725453,-0.033036,-1.876382,-0.033036,6.071976,0.973233,true,0.000000,false,3.725453,5.568798,3.725453,2.346524,0.503178,2.346524,
isentropic,default,fixed_sigma,1,110.000000,sigma=30.000000,,30.000000,NaN,110.000000,374.483418,124.827806,0.000000,true,14,0.000000,0.004131,0.020935,1.861939,1.861939,2.783973,0.683987,0.000000,true,0.000000,false,3.723878,-3.039892,2.522034,0.000000,true,0.000000,false,4.645912,-2.123878,2.608509,0.000000,true,0.000000,false,3.723878,5.567946,3.723878,-1.115370,-2.959437,-1.115370,4.851929,1.359677,true,0.000000,false,3.723878,5.567946,3.723878,1.128051,-0.716017,1.128051,4.458046,1.276421,true,0.000000,false,3.723878,0.734168,5.321194,1.218560,true,0.000000,false,4.645912,0.675282,3.690880,0.000000,true,0.000000,false,3.723878,5.567946,3.723878,-0.032998,-1.877066,-0.032998,6.071098,0.972918,true,0.000000,false,3.723878,5.567946,3.723878,2.347220,0.503152,2.347220,
isentropic,default,fixed_sigma,2,120.000000,sigma=30.000000,,30.000000,NaN,120.000000,371.708019,123.902673,0.000000,true,59,0.000000,0.008509,0.032018,1.860062,1.860062,2.782915,0.683996,0.000000,true,0.000000,false,3.720125,-3.036129,2.521979,0.000000,true,0.000000,false,4.642978,-2.120999,2.608146,0.000000,true,0.000000,false,3.720125,5.565830,3.720125,-1.111979,-2.957684,-1.111979,4.849311,1.358006,true,0.000000,false,3.720125,5.565830,3.720125,1.129186,-0.716519,1.129186,4.454902,1.276474,true,0.000000,false,3.720125,0.734777,5.318333,1.217766,true,0.000000,false,4.642978,0.675356,3.687222,0.000000,true,0.000000,false,3.720125,5.565830,3.720125,-0.032903,-1.878609,-0.032903,6.068937,0.972216,true,0.000000,false,3.720125,5.565830,3.720125,2.348813,0.503107,2.348813,
isentropic,default,fixed_sigma,3,130.000000,sigma=30.000000,,30.000000,NaN,130.000000,364.118589,121.372863,0.000000,true,19,0.000000,0.016677,0.046989,1.855920,1.855920,2.780491,0.683991,0.000000,true,0.000000,false,3.711840,-3.027848,2.521804,0.000000,true,0.000000,false,4.636411,-2.114607,2.607218,0.000000,true,0.000000,false,3.711840,5.560981,3.711840,-1.104622,-2.953764,-1.104622,4.843426,1.354369,true,0.000000,false,3.711840,5.560981,3.711840,1.131586,-0.717556,1.131586,4.447834,1.276693,true,0.000000,false,3.711840,0.735994,5.311908,1.216153,true,0.000000,false,4.636411,0.675498,3.679155,0.000000,true,0.000000,false,3.711840,5.560981,3.711840,-0.032684,-1.881826,-0.032684,6.064020,0.970767,true,0.000000,false,3.711840,5.560981,3.711840,2.352181,0.503039,2.352181,
isentropic,default,fixed_sigma,4,140.000000,sigma=30.000000,,30.000000,NaN,140.000000,351.811692,117.270564,0.000000,true,35,0.000000,0.031751,0.067488,1.847095,1.847095,2.775155,0.683937,0.000000,true,0.000000,false,3.694191,-3.010253,2.521325,0.000000,true,0.000000,false,4.622250,-2.100925,2.604991,0.000000,true,0.000000,false,3.694191,5.550309,3.694191,-1.089200,-2.945319,-1.089200,4.830684,1.346627,true,0.000000,false,3.694191,5.550309,3.694191,1.136494,-0.719625,1.136494,4.432527,1.277224,true,0.000000,false,3.694191,0.738337,5.298001,1.212923,true,0.000000,false,4.622250,0.675751,3.661986,0.000000,true,0.000000,false,3.694191,5.550309,3.694191,-0.032204,-1.888323,-0.032204,6.053260,0.967879,true,0.000000,false,3.694191,5.550309,3.694191,2.359069,0.502950,2.359069,
isentropic,default,fixed_sigma,5,150.000000,sigma=30.000000,,30.000000,NaN,150.000000,336.608943,112.202981,0.000000,true,27,0.000000,0.060811,0.098328,1.827669,1.827669,2.763119,0.683751,0.000000,true,0.000000,false,3.655338,-2.971587,2.520089,0.000000,true,0.000000,false,4.590788,-2.070699,2.599597,0.000000,true,0.000000,false,3.655338,5.526238,3.655338,-1.055741,-2.926641,-1.055741,4.802318,1.329458,true,0.000000,false,3.655338,5.526238,3.655338,1.146980,-0.723920,1.146980,4.398406,1.278339,true,0.000000,false,3.655338,0.743068,5.266999,1.206107,true,0.000000,false,4.590788,0.676211,3.624221,0.000000,true,0.000000,false,3.655338,5.526238,3.655338,-0.031117,-1.902017,-0.031117,6.029086,0.961894,true,0.000000,false,3.655338,5.526238,3.655338,2.373748,0.502848,2.373748,
isentropic,default,fixed_sigma,6,160.000000,sigma=30.000000,,30.000000,NaN,160.000000,326.531348,108.843783,0.000000,true,11,0.000000,0.130407,0.161889,1.773810,1.773810,2.729461,0.683238,0.000000,true,0.000000,false,3.547620,-2.864382,2.516539,0.000000,true,0.000000,false,4.503271,-1.986732,2.583391,0.000000,true,0.000000,false,3.547620,5.458922,3.547620,-0.964228,-2.875531,-0.964228,4.723749,1.281448,true,0.000000,false,3.547620,5.458922,3.547620,1.176130,-0.735173,1.176130,4.303331,1.281363,true,0.000000,false,3.547620,0.755711,5.180579,1.187721,true,0.000000,false,4.503271,0.677308,3.519634,0.000000,true,0.000000,false,3.547620,5.458922,3.547620,-0.027986,-1.939288,-0.027986,5.961655,0.946211,true,0.000000,false,3.547620,5.458922,3.547620,2.414035,0.502733,2.414035,
isentropic,default,fixed_sigma,7,170.000000,sigma=30.000000,,30.000000,NaN,170.000000,360.493034,120.164345,0.000000,true,10,0.000000,0.351856,0.365497,1.521632,1.521632,2.578643,0.684202,0.000000,true,0.000000,false,3.043264,-2.359062,2.506258,0.000000,true,0.000000,false,4.100275,-1.594017,2.494277,0.000000,true,0.000000,false,3.043264,5.157287,3.043264,-0.548987,-2.663009,-0.548987,4.374778,1.054161,true,0.000000,false,3.043264,5.157287,3.043264,1.331514,-0.782508,1.331514,3.867443,1.303875,true,0.000000,false,3.043264,0.824179,4.783182,1.104552,true,0.000000,false,4.100275,0.682906,3.031862,0.000000,true,0.000000,false,3.043264,5.157287,3.043264,-0.011402,-2.125425,-0.011402,5.659942,0.879625,true,0.000000,false,3.043264,5.157287,3.043264,2.616678,0.502655,2.616678,
isentropic,default,fixed_sigma,8,180.000000,sigma=30.000000,,30.000000,NaN,180.000000,375.316764,125.105588,0.000000,true,9,0.000000,0.492431,0.500038,1.150855,1.150855,2.380501,0.700414,0.000000,true,0.000000,false,2.301709,-1.601295,2.512944,0.000000,true,0.000000,false,3.531356,-1.018412,2.259614,0.000000,true,0.000000,false,2.301709,4.761003,2.301709,-0.042095,-2.501389,-0.042095,3.931293,0.700075,true,0.000000,false,2.301709,4.761003,2.301709,1.629583,-0.829710,1.629583,3.268996,1.369205,true,0.000000,false,2.301709,0.967286,4.225994,0.990758,true,0.000000,false,3.531356,0.694638,2.323298,0.004283,true,0.000000,false,2.301709,4.761003,2.301709,0.021588,-2.437705,0.021588,5.265649,0.802608,true,0.000000,false,2.301709,4.761003,2.301709,2.963939,0.504646,2.963939,
isentropic,default,fixed_sigma,9,190.000000,sigma=30.000000,,30.000000,NaN,190.000000,375.906170,125.302057,0.000000,true,8,0.000000,0.574439,0.579489,0.662824,0.662824,2.172033,0.779578,0.000000,true,0.000000,false,1.325647,-0.546069,2.559673,0.000000,true,0.000000,false,2.834856,-0.275183,2.245252,1.226589,true,0.000000,false,1.325647,4.344065,1.325647,0.919605,-2.098813,0.919605,3.525089,0.249783,true,0.000000,false,1.325647,4.344065,1.325647,2.199442,-0.818976,2.199442,2.637969,1.536681,true,0.000000,false,1.325647,1.312322,3.564659,0.859033,true,0.000000,false,2.834856,0.729803,1.461535,0.050510,true,0.000000,false,1.325647,4.344065,1.325647,0.135888,-2.882530,0.135888,4.858841,0.744301,true,0.000000,false,1.325647,4.344065,1.325647,3.533194,0.514776,3.533194,
isentropic,default,fixed_sigma,10,200.000000,sigma=30.000000,,30.000000,NaN,200.000000,391.838214,130.612738,0.000000,true,5,0.000000,0.627579,0.631446,0.293855,0.293855,2.024496,1.004092,0.254044,true,0.000000,false,0.587711,0.416381,2.641502,0.440250,true,0.000000,false,2.318351,0.323152,2.344622,1.703799,true,0.000000,false,0.587711,4.048991,0.587711,1.756912,-1.704369,1.756912,3.312324,0.188582,false,0.004643,false,0.587711,4.048991,0.587711,2.724614,-0.736667,2.724614,2.415866,1.751471,true,0.000000,false,0.587711,1.828155,3.142633,0.819029,true,0.000000,false,2.318351,0.824282,1.153582,0.265750,true,0.000000,false,0.587711,4.048991,0.587711,0.565871,-2.895409,0.565871,4.598179,0.768143,true,0.000000,false,0.587711,4.048991,0.587711,4.010468,0.549188,4.010468,
isentropic,default,fixed_sigma,11,210.000000,sigma=30.000000,,30.000000,NaN,210.000000,415.647096,138.549032,0.000000,true,6,0.000000,0.667041,0.670234,0.169700,0.169700,1.909996,1.344728,0.539270,true,0.000000,false,0.339399,1.005329,2.757901,0.719457,true,0.000000,false,2.079696,0.678205,2.446534,1.898561,true,0.000000,false,0.339399,3.819992,0.339399,2.107135,-1.373458,2.107135,3.199960,0.313422,false,0.010689,false,0.339399,3.819992,0.339399,2.860561,-0.620032,2.860561,2.467564,1.911112,true,0.000000,false,0.339399,2.128165,3.026423,0.914134,true,0.000000,false,2.079696,0.946727,1.382668,0.538487,true,0.000000,false,0.339399,3.819992,0.339399,1.043269,-2.437324,1.043269,4.424377,0.852008,true,0.000000,false,0.339399,3.819992,0.339399,4.084978,0.604385,4.084978,
isentropic,default,fixed_sigma,12,220.000000,sigma=30.000000,,30.000000,NaN,220.000000,438.423221,146.141074,0.000000,true,7,0.000000,0.699635,0.702320,0.117831,0.117831,1.789373,1.646264,0.821791,true,0.000000,false,0.235662,1.410602,2.822400,0.950997,true,0.000000,false,1.907204,0.915196,2.547435,2.056471,true,0.000000,false,0.235662,3.578745,0.235662,2.311773,-1.031311,2.311773,3.099542,0.472332,false,0.017706,false,0.235662,3.578745,0.235662,2.863881,-0.479203,2.863881,2.556384,2.060983,true,0.000000,false,0.235662,2.320722,2.992593,1.074168,true,0.000000,false,1.907204,1.085389,1.660758,0.820891,true,0.000000,false,0.235662,3.578745,0.235662,1.425096,-1.917988,1.425096,4.256461,0.970646,true,0.000000,false,0.235662,3.578745,0.235662,4.020799,0.677716,4.020799,
isentropic,default,fixed_sigma,13,230.000000,sigma=30.000000,,30.000000,NaN,230.000000,459.662854,153.220951,0.000000,true,8,0.000000,0.727314,0.729592,0.089989,0.089989,1.660822,1.919457,1.120685,true,0.000000,false,0.179979,1.739478,2.875757,1.195988,true,0.000000,false,1.750812,1.124946,2.647419,2.212825,true,0.000000,false,0.179979,3.321644,0.179979,2.467440,-0.674226,2.467440,2.994309,0.667914,false,0.026708,false,0.179979,3.321644,0.179979,2.814330,-0.327335,2.814330,2.652038,2.214578,true,0.000000,false,0.179979,2.472059,2.992369,1.279811,true,0.000000,false,1.750812,1.241558,1.926428,1.119999,true,0.000000,false,0.179979,3.321644,0.179979,1.746449,-1.395216,1.746449,4.093893,1.126874,true,0.000000,false,0.179979,3.321644,0.179979,3.913914,0.772248,3.913914,
isentropic,default,fixed_sigma,14,240.000000,sigma=30.000000,,30.000000,NaN,240.000000,479.789162,159.929721,0.000000,true,8,0.000000,0.751149,0.753092,0.072775,0.072775,1.528755,2.171129,1.436813,true,0.000000,false,0.145551,2.025578,2.933611,1.465810,true,0.000000,false,1.601531,1.332080,2.748817,2.378182,true,0.000000,false,0.145551,3.057511,0.145551,2.603266,-0.308694,2.603266,2.815648,0.778120,false,0.048652,false,0.145551,3.057511,0.145551,2.670097,-0.241863,2.670097,2.751498,2.378771,true,0.000000,false,0.145551,2.605947,3.016656,1.524433,true,0.000000,false,1.601531,1.415126,2.174991,1.436283,true,0.000000,false,0.145551,3.057511,0.145551,2.029441,-0.882519,2.029441,3.948284,1.325389,true,0.000000,false,0.145551,3.057511,0.145551,3.802733,0.890773,3.802733,
isentropic,default,fixed_sigma,15,250.000000,sigma=30.000000,,30.000000,NaN,250.000000,499.264886,166.421629,0.000000,true,8,0.000000,0.771870,0.773538,0.061152,0.061152,1.398895,2.404813,1.768291,true,0.000000,false,0.122304,2.282510,3.003237,1.760872,true,0.000000,false,1.460046,1.543190,2.853920,2.559090,true,0.000000,false,0.122304,2.797789,0.122304,2.731616,0.056130,2.731616,2.713740,1.108395,false,0.061295,false,0.122304,2.797789,0.122304,2.591436,-0.084050,2.591436,2.855544,2.559120,true,0.000000,false,0.122304,2.733240,3.063550,1.802154,true,0.000000,false,1.460046,1.603504,2.407170,1.767869,true,0.000000,false,0.122304,2.797789,0.122304,2.284867,-0.390619,2.284867,3.831879,1.567801,true,0.000000,false,0.122304,2.797789,0.122304,3.709575,1.034089,3.709575,
isentropic,default,fixed_sigma,16,260.000000,sigma=30.000000,,30.000000,NaN,260.000000,518.440167,172.813389,0.000000,true,6,0.000000,0.790027,0.791466,0.052806,0.052806,1.276245,2.622573,2.112641,true,0.000000,false,0.105613,2.516960,3.086922,2.077359,true,0.000000,false,1.329052,1.757870,2.963774,2.759590,true,0.000000,false,0.105613,2.552490,0.105613,2.858161,0.411284,2.858161,2.949922,1.310886,false,0.084738,false,0.105613,2.552490,0.105613,2.844309,0.397431,2.844309,2.964880,2.759577,true,0.000000,false,0.105613,2.859267,3.131162,2.106284,true,0.000000,false,1.329052,1.802110,2.624119,2.112286,true,0.000000,false,0.105613,2.552490,0.105613,2.518506,0.071628,2.518506,3.752751,1.851235,true,0.000000,false,0.105613,2.552490,0.105613,3.647138,1.200260,3.647138,
isentropic,default,fixed_sigma,17,270.000000,sigma=30.000000,,30.000000,NaN,270.000000,537.526199,179.175400,0.000000,true,6,0.000000,0.806051,0.807298,0.046529,0.046529,1.163996,2.825948,2.467659,true,0.000000,false,0.093059,2.732889,3.183587,2.410529,true,0.000000,false,1.210525,1.973062,3.078502,2.982179,true,0.000000,false,0.093059,2.327991,0.093059,2.985443,0.750510,2.985443,3.153412,1.988376,true,0.000000,false,0.093059,2.327991,0.093059,3.060353,0.825420,3.060353,3.079304,2.982109,true,0.000000,false,0.093059,2.986245,3.216187,2.430444,true,0.000000,false,1.210525,2.005662,2.827004,2.467346,true,0.000000,false,0.093059,2.327991,0.093059,2.733945,0.499013,2.733945,3.712902,2.169215,true,0.000000,false,0.093059,2.327991,0.093059,3.619843,1.384911,3.619843,
isentropic,default,fixed_sigma,18,280.000000,sigma=30.000000,,30.000000,NaN,280.000000,556.624497,185.541499,0.000000,true,4,0.000000,0.820282,0.821367,0.041630,0.041630,1.063419,3.016310,2.831738,true,0.000000,false,0.083260,2.933049,3.290417,2.756483,true,0.000000,false,1.105050,2.185367,3.197226,3.227067,true,0.000000,false,0.083260,2.126839,0.083260,3.113966,1.070387,3.113966,3.273151,2.444614,true,0.000000,false,0.083260,2.126839,0.083260,3.189890,1.146312,3.189890,3.197833,3.226959,true,0.000000,false,0.083260,3.114572,3.314460,2.769671,true,0.000000,false,1.105050,2.209410,3.017059,2.831472,true,0.000000,false,0.083260,2.126839,0.083260,2.933799,0.890220,2.933799,3.709169,2.513892,true,0.000000,false,0.083260,2.126839,0.083260,3.625908,1.582330,3.625908,
isentropic,default,fixed_sigma,19,290.000000,sigma=30.000000,,30.000000,NaN,290.000000,575.772527,191.924176,0.000000,true,5,0.000000,0.832995,0.833943,0.037690,0.037690,0.974393,3.194910,3.203832,true,0.000000,false,0.075380,3.119530,3.404163,3.112644,true,0.000000,false,1.012083,2.392079,3.318621,3.493369,true,0.000000,false,0.075380,1.948787,0.075380,3.243241,1.369834,3.243241,3.396512,2.872616,true,0.000000,false,0.075380,1.948787,0.075380,3.321132,1.447726,3.321132,3.319092,3.493237,true,0.000000,false,0.075380,3.243712,3.421847,3.120675,true,0.000000,false,1.012083,2.409764,3.195457,3.203607,true,0.000000,false,0.075380,1.948787,0.075380,3.120077,1.246670,3.120077,3.735502,2.878098,true,0.000000,false,0.075380,1.948787,0.075380,3.660122,1.786715,3.660122,
isentropic,default,fixed_sigma,20,300.000000,sigma=30.000000,,30.000000,NaN,300.000000,594.980265,198.326755,0.000000,true,7,0.000000,0.844411,0.845242,0.034443,0.034443,0.896023,3.362856,3.583273,true,0.000000,false,0.068887,3.293970,3.521878,3.477518,true,0.000000,false,0.930467,2.591412,3.441281,3.779630,true,0.000000,false,0.068887,1.792046,0.068887,3.372394,1.649234,3.372394,3.521197,3.287009,true,0.000000,false,0.068887,1.792046,0.068887,3.452310,1.729150,3.452310,3.441653,3.779484,true,0.000000,false,0.068887,3.372766,3.534794,3.481481,true,0.000000,false,0.930467,2.604327,3.363265,3.583083,true,0.000000,false,0.068887,1.792046,0.068887,3.294379,1.571219,3.294379,3.785082,3.256353,true,0.000000,false,0.068887,1.792046,0.068887,3.716196,1.993036,3.716196,
